Transaction_ID,Items
T1,"30W USB-C Power Adapter, Apple Magic Mouse, MacBook Air M3, USB-C Charging Cable"
T2,iPhone 13 Pro
T3,iPad mini 7
T4,"Belkin MagSafe Charging Stand, iPhone 15 Pro Max"
T5,MacBook Pro M2
T6,"USB-C Charging Cable, iPhone 15 Pro Max, iPhone MagSafe Charging Dock"
T7,"Apple Watch Series 9, Apple Watch Trail Loop"
T8,Apple Watch Series 8
T9,Mac mini M4
T10,"AirPods Pro (2nd Gen), Anker MagSafe Charging Dock, Screen Protector, USB-C Charging Cable, iPhone 17 Air"
T11,Apple Watch Series 8
T12,"Anker MagSafe Charging Dock, Screen Protector, USB-C Charging Cable, iPhone 16 Pro"
T13,iPhone 16 Plus
T14,"65W USB-C Power Adapter, AirPods Pro (2nd Gen), MacBook Pro M2"
T15,"AirPods (3rd Gen), Belkin MagSafe Charging Stand, Screen Protector, USB-C Charging Cable, iPhone 15 Pro Max"
T16,"Apple Watch Charger, Apple Watch Series 9"
T17,AirPods (3rd Gen)
T18,"Apple Watch Charger, Apple Watch Milanese Loop, Apple Watch Series 11, Screen Protector (Watch)"
T19,"Anker MagSafe Charging Dock, USB-C Charging Cable, USB-C EarPods, iPhone 17 Pro, iPhone Case"
T20,"Belkin MagSafe Charging Stand, Lightning Charging Cable, iPhone 14 Pro Max"
T21,"Apple Pencil (USB-C), USB-C Charging Cable, iPad Air M2"
T22,"AirPods (3rd Gen), Lightning Charging Cable, Screen Protector, iPhone 13 Pro Max, iPhone MagSafe Charging Dock"
T23,"65W USB-C Power Adapter, Apple Magic Keyboard, MacBook Pro M1"
T24,"Apple Magic Keyboard, Apple Magic Mouse, LG UltraFine 5K Display, Mac mini M2, Marshall Emberton II, USB-C Hub"
T25,"Apple Magic Keyboard, Apple Magic Mouse, Mac mini M2 Pro"
T26,"Lightning Charging Cable, Lightning EarPods, iPhone 13 mini"
T27,"USB-C Charging Cable, iPhone 17"
T28,"30W USB-C Power Adapter, Laptop Sleeve, MacBook Air M1, USB-C Charging Cable"
T29,"USB-C Charging Cable, iPhone 16, iPhone Case, iPhone MagSafe Charging Dock"
T30,Marshall Stanmore III
T31,"AirPods (3rd Gen), Apple Magic Mouse, MacBook Air M3"
T32,"65W USB-C Power Adapter, Apple Magic Keyboard, MacBook Pro M1, USB-C Charging Cable"
T33,"Apple Watch Charger, Apple Watch Milanese Loop, Apple Watch Series 9"
T34,"Screen Protector (iPad), iPad mini 6"
T35,iPhone 13
T36,"AirPods Pro (2nd Gen), Anker MagSafe Charging Dock, Lightning Charging Cable, iPhone 14, iPhone Case"
T37,"Apple Pencil (2nd Gen), USB-C Charging Cable, iPad Magic Keyboard, iPad Pro M4 11-inch"
T38,"Anker MagSafe Charging Dock, iPhone 17 Pro Max, iPhone Case"
T39,"Mac mini M4, Studio Display"
T40,"Screen Protector (iPad), iPad Magic Keyboard, iPad Pro M4 13-inch"
T41,iPhone 15
T42,"Screen Protector (iPad), USB-C Charging Cable, iPad Magic Keyboard, iPad Pro M4 11-inch"
T43,"Apple Watch Charger, Apple Watch Series 10, Apple Watch Trail Loop"
T44,"AirPods (3rd Gen), iPhone 16 Plus, iPhone Case, iPhone MagSafe Charging Dock"
T45,"AirPods Pro (2nd Gen), Lightning Charging Cable, Screen Protector, iPhone 13 Pro Max, iPhone Case"
T46,"Apple Magic Keyboard, Apple Magic Mouse, Mac mini M4, USB-C Hub"
T47,"Anker MagSafe Charging Dock, USB-C Charging Cable, USB-C EarPods, iPhone 17 Pro"
T48,"Belkin MagSafe Charging Stand, Lightning Charging Cable, iPhone 13 Pro"
T49,"AirPods (3rd Gen), Lightning Charging Cable, iPhone 13, iPhone MagSafe Charging Dock"
T50,"USB-C Charging Cable, iPhone 16, iPhone Case, iPhone MagSafe Charging Dock"
T51,"30W USB-C Power Adapter, MacBook Air M1"
T52,"Mac mini M4, USB-C Hub"
T53,"65W USB-C Power Adapter, External SSD 1TB, MacBook Pro M3, USB-C Charging Cable"
T54,"AirPods (3rd Gen), USB-C Charging Cable, iPhone 17 Air, iPhone MagSafe Charging Dock"
T55,"AirPods Pro (2nd Gen), USB-C Charging Cable, iPhone 16 Plus"
T56,"Apple Magic Mouse, Mac mini M2 Pro, USB-C Hub"
T57,"Anker MagSafe Charging Dock, USB-C Charging Cable, USB-C EarPods, iPhone 16, iPhone Case"
T58,"USB-C Charging Cable, USB-C EarPods, iPhone 16 Plus"
T59,"USB-C Charging Cable, iPhone 16 Plus, iPhone Case"
T60,Apple Watch Series 8
T61,"Apple Watch Charger, Apple Watch Solo Loop, Apple Watch Ultra"
T62,"Marshall Stanmore III, Speaker Carry Case, USB-C Charging Cable"
T63,"65W USB-C Power Adapter, AirPods Pro (2nd Gen), Apple Magic Mouse, MacBook Pro M4"
T64,"Screen Protector (iPad), iPad mini 6"
T65,"Apple Watch Charger, Apple Watch Milanese Loop, Apple Watch Series 8"
T66,"Anker MagSafe Charging Dock, USB-C Charging Cable, USB-C EarPods, iPhone 16 Pro"
T67,"65W USB-C Power Adapter, MacBook Pro M3, USB-C Charging Cable"
T68,"Apple Watch Charger, Apple Watch Series 10, Apple Watch Sport Band"
T69,"Anker MagSafe Charging Dock, USB-C Charging Cable, iPhone 15, iPhone Case"
T70,Apple Watch Ultra 2
T71,"AirPods Pro (2nd Gen), Belkin MagSafe Charging Stand, Lightning Charging Cable, iPhone 14 Pro Max"
T72,"Screen Protector, USB-C Charging Cable, USB-C EarPods, iPhone 15, iPhone MagSafe Charging Dock"
T73,MacBook Pro M3
T74,"AirPods Pro (2nd Gen), Anker MagSafe Charging Dock, iPhone 13 mini, iPhone Case"
T75,"AirPods Pro (2nd Gen), Lightning Charging Cable, iPhone 13 mini"
T76,"Apple Pencil (2nd Gen), USB-C Charging Cable, iPad Magic Keyboard, iPad Pro M4 11-inch"
T77,"65W USB-C Power Adapter, MacBook Pro M4, USB-C Charging Cable"
T78,"Apple Watch Charger, Apple Watch Series 9, Apple Watch Solo Loop"
T79,iPhone 16 Plus
T80,"Anker MagSafe Charging Dock, Screen Protector, USB-C EarPods, iPhone 15, iPhone Case"
T81,"AirPods Pro (2nd Gen), Lightning Charging Cable, iPhone 13 mini"
T82,"AirPods Pro (2nd Gen), Belkin MagSafe Charging Stand, Screen Protector, USB-C Charging Cable, iPhone 17 Air, iPhone Case"
T83,iPad mini 6
T84,"Apple Watch Charger, Apple Watch Series 11"
T85,"30W USB-C Power Adapter, AirPods (3rd Gen), Apple Magic Mouse, MacBook Air M3, USB-C Charging Cable"
T86,"Apple Watch Charger, Apple Watch Series 11, Apple Watch Sport Band"
T87,"USB-C Charging Cable, USB-C EarPods, iPhone 17, iPhone MagSafe Charging Dock"
T88,"Apple Watch Milanese Loop, Apple Watch Series 9"
T89,iPhone 17 Pro Max
T90,"Apple Magic Keyboard, Mac mini M4"
T91,"30W USB-C Power Adapter, MacBook Air M2"
T92,"Screen Protector (iPad), USB-C Charging Cable, iPad Magic Keyboard, iPad Pro M4 13-inch"
T93,"USB-C Charging Cable, iPad Smart Folio, iPad mini 6"
T94,"AirPods (3rd Gen), MacBook Air M4"
T95,"Anker MagSafe Charging Dock, iPhone 15 Pro"
T96,JBL Flip 6
T97,MacBook Pro M4
T98,"iPad Magic Keyboard, iPad Pro M4 11-inch"
T99,iPad Pro M4 13-inch
T100,"AirPods (3rd Gen), Apple Magic Mouse, MacBook Air M3"
T101,"USB-C EarPods, iPhone 15 Plus, iPhone Case, iPhone MagSafe Charging Dock"
T102,"Apple Pencil (USB-C), USB-C Charging Cable, iPad Air M2"
T103,"30W USB-C Power Adapter, MacBook Air M3"
T104,"Anker MagSafe Charging Dock, iPhone 15 Pro Max, iPhone Case"
T105,"Belkin MagSafe Charging Stand, Screen Protector, iPhone 17 Pro"
T106,Apple Watch Ultra 2
T107,"iPad Air M2, iPad Smart Folio"
T108,"Apple Watch Solo Loop, Apple Watch Ultra 2"
T109,"Screen Protector, USB-C Charging Cable, USB-C EarPods, iPhone 17 Pro, iPhone Case"
T110,AirPods (3rd Gen)
T111,"Screen Protector, iPhone 14 Plus, iPhone Case"
T112,"AirPods Pro (2nd Gen), Screen Protector, iPhone 14 Pro Max"
T113,"Anker MagSafe Charging Dock, USB-C Charging Cable, USB-C EarPods, iPhone 15"
T114,iPhone 17 Pro Max
T115,"USB-C EarPods, iPhone 16 Pro Max, iPhone MagSafe Charging Dock"
T116,"AirPods Pro (2nd Gen), Belkin MagSafe Charging Stand, iPhone 14"
T117,iPad 10th Gen
T118,"AirPods (3rd Gen), Belkin MagSafe Charging Stand, Lightning Charging Cable, iPhone 13 Pro Max, iPhone Case"
T119,"iPhone 17 Air, iPhone MagSafe Charging Dock"
T120,JBL Flip 6
T121,"Apple Pencil (USB-C), USB-C Charging Cable, iPad 10th Gen"
T122,"Belkin MagSafe Charging Stand, Lightning EarPods, iPhone 14 Plus"
T123,"AirPods Pro (2nd Gen), Screen Protector, USB-C Charging Cable, iPhone 17"
T124,"AirPods Pro (2nd Gen), Belkin MagSafe Charging Stand, Lightning Charging Cable, Screen Protector, iPhone 13 Pro Max, iPhone Case"
T125,"30W USB-C Power Adapter, Apple Magic Mouse, MacBook Air M3, USB-C Charging Cable"
T126,"Apple Watch Solo Loop, Apple Watch Ultra 2"
T127,"Belkin MagSafe Charging Stand, Lightning Charging Cable, Lightning EarPods, Screen Protector, iPhone 13 Pro Max"
T128,iPhone 13 Pro Max
T129,"AirPods (3rd Gen), Belkin MagSafe Charging Stand, Lightning Charging Cable, iPhone 13 mini"
T130,"30W USB-C Power Adapter, MacBook Air M3"
T131,"30W USB-C Power Adapter, MacBook Air M3, USB-C Charging Cable"
T132,"USB-C Charging Cable, USB-C EarPods, iPhone 16, iPhone Case, iPhone MagSafe Charging Dock"
T133,"Anker MagSafe Charging Dock, Screen Protector, iPhone 15 Pro, iPhone Case"
T134,"Belkin MagSafe Charging Stand, USB-C Charging Cable, USB-C EarPods, iPhone 17 Pro Max, iPhone Case"
T135,MacBook Air M2
T136,"USB-C EarPods, iPhone 15 Pro, iPhone MagSafe Charging Dock"
T137,iPad 10th Gen
T138,"Anker MagSafe Charging Dock, Screen Protector, USB-C Charging Cable, USB-C EarPods, iPhone 16 Plus"
T139,"65W USB-C Power Adapter, Apple Magic Mouse, MacBook Pro M3"
T140,"USB-C Charging Cable, USB-C EarPods, iPhone 15 Pro, iPhone MagSafe Charging Dock"
T141,MacBook Air M1
T142,"USB-C Charging Cable, iPad Magic Keyboard, iPad Pro M4 13-inch"
T143,"Apple Magic Keyboard, Apple Magic Mouse, MacBook Pro M3, USB-C Charging Cable"
T144,"USB-C Charging Cable, iPhone 17, iPhone Case, iPhone MagSafe Charging Dock"
T145,"30W USB-C Power Adapter, AirPods (3rd Gen), MacBook Air M4"
T146,iPhone 17 Pro Max
T147,"MacBook Air M4, USB-C Charging Cable"
T148,iPad mini 7
T149,"Apple Watch Milanese Loop, Apple Watch Series 10"
T150,"AirPods Pro (2nd Gen), Anker MagSafe Charging Dock, Screen Protector, USB-C Charging Cable, iPhone 17 Pro"
T151,"30W USB-C Power Adapter, MacBook Air M2"
T152,"Screen Protector, USB-C Charging Cable, iPhone 15 Pro Max, iPhone MagSafe Charging Dock"
T153,iPhone 13 Pro Max
T154,"Lightning EarPods, iPhone 14 Plus"
T155,"USB-C Charging Cable, iPhone 15 Plus"
T156,"Apple Watch Charger, Apple Watch Trail Loop, Apple Watch Ultra"
T157,"JBL Charge 5, Speaker Carry Case, USB-C Charging Cable"
T158,"65W USB-C Power Adapter, Apple Magic Keyboard, Apple Magic Mouse, External SSD 1TB, MacBook Pro M1, USB-C Charging Cable"
T159,iPad 10th Gen
T160,"Belkin MagSafe Charging Stand, USB-C EarPods, iPhone 17"
T161,"Apple Pencil (USB-C), USB-C Charging Cable, iPad Air M2"
T162,"65W USB-C Power Adapter, Apple Magic Mouse, MacBook Pro M1, USB-C Charging Cable"
T163,iPhone 13 Pro Max
T164,"30W USB-C Power Adapter, Apple Magic Mouse, Laptop Sleeve, MacBook Air M2, USB-C Charging Cable"
T165,MacBook Air M1
T166,"USB-C Charging Cable, iPad Magic Keyboard, iPad Pro M4 11-inch"
T167,"Anker MagSafe Charging Dock, Screen Protector, USB-C Charging Cable, iPhone 15 Pro Max"
T168,Apple Watch Series 11
T169,"Apple Magic Mouse, Mac mini M4, USB-C Hub"
T170,"Apple Pencil (USB-C), USB-C Charging Cable, iPad Smart Folio, iPad mini 7"
T171,"Apple Magic Keyboard, Apple Magic Mouse, Mac mini M2 Pro"
T172,"Apple Watch Series 8, Apple Watch Trail Loop"
T173,"Belkin MagSafe Charging Stand, USB-C EarPods, iPhone 15 Plus"
T174,"30W USB-C Power Adapter, Apple Magic Mouse, MacBook Air M1, USB-C Charging Cable"
T175,"USB-C Charging Cable, iPhone 17 Pro Max"
T176,"65W USB-C Power Adapter, MacBook Pro M3"
T177,"Belkin MagSafe Charging Stand, Screen Protector, iPhone 14 Plus"
T178,"Apple Watch Series 11, Apple Watch Solo Loop"
T179,"AirPods (3rd Gen), iPhone 13 Pro, iPhone Case"
T180,"Apple Watch Charger, Apple Watch Solo Loop, Apple Watch Ultra 2, Screen Protector (Watch)"
T181,iPhone 16 Pro Max
T182,"Anker MagSafe Charging Dock, USB-C Charging Cable, iPhone 16 Pro Max"
T183,"Anker MagSafe Charging Dock, USB-C EarPods, iPhone 17 Air"
T184,"Lightning Charging Cable, iPhone 14 Plus, iPhone Case"
T185,"Anker MagSafe Charging Dock, USB-C Charging Cable, iPhone 15 Plus, iPhone Case"
T186,"Apple Magic Mouse, MacBook Pro M1, USB-C Charging Cable"
T187,"AirPods Pro (2nd Gen), Lightning Charging Cable, iPhone 13"
T188,"Lightning Charging Cable, Lightning EarPods, iPhone 13 mini, iPhone Case, iPhone MagSafe Charging Dock"
T189,"Apple Pencil (2nd Gen), USB-C Charging Cable, iPad Magic Keyboard, iPad Pro M4 13-inch"
T190,"Lightning Charging Cable, Lightning EarPods, iPhone 14 Pro Max, iPhone Case, iPhone MagSafe Charging Dock"
T191,iPhone 17 Pro
T192,"Apple Magic Keyboard, Apple Magic Mouse, Mac mini M4, Marshall Emberton II"
T193,"Apple Watch Milanese Loop, Apple Watch Series 11"
T194,"Apple Watch Charger, Apple Watch Milanese Loop, Apple Watch Series 11"
T195,"AirPods (3rd Gen), Anker MagSafe Charging Dock, USB-C Charging Cable, iPhone 16, iPhone Case"
T196,"30W USB-C Power Adapter, AirPods (3rd Gen), Laptop Sleeve, MacBook Air M2, USB-C Charging Cable"
T197,"30W USB-C Power Adapter, Apple Magic Mouse, MacBook Air M2, USB-C Charging Cable"
T198,"Anker MagSafe Charging Dock, Screen Protector, USB-C Charging Cable, USB-C EarPods, iPhone 17, iPhone Case"
T199,"Anker MagSafe Charging Dock, Screen Protector, iPhone 13"
T200,"External SSD 1TB, MacBook Pro M2, USB-C Charging Cable"
T201,"Belkin MagSafe Charging Stand, Lightning Charging Cable, iPhone 14 Pro"
T202,"65W USB-C Power Adapter, Apple Magic Mouse, MacBook Pro M4, USB-C Charging Cable"
T203,"Apple Watch Charger, Apple Watch Milanese Loop, Apple Watch Ultra 2"
T204,"Belkin MagSafe Charging Stand, USB-C Charging Cable, USB-C EarPods, iPhone 15 Plus"
T205,iPhone 17 Pro
T206,Marshall Stanmore III
T207,"Anker MagSafe Charging Dock, Screen Protector, USB-C Charging Cable, iPhone 15"
T208,"30W USB-C Power Adapter, Apple Magic Mouse, Laptop Sleeve, MacBook Air M2, USB-C Charging Cable"
T209,"iPhone 17 Air, iPhone MagSafe Charging Dock"
T210,"Anker MagSafe Charging Dock, Lightning Charging Cable, iPhone 13 Pro, iPhone Case"
T211,"Apple Magic Keyboard, Mac mini M2 Pro, USB-C Hub"
T212,"Belkin MagSafe Charging Stand, USB-C Charging Cable, iPhone 15 Pro, iPhone Case"
T213,"Apple Pencil (2nd Gen), Screen Protector (iPad), USB-C Charging Cable, iPad Magic Keyboard, iPad Pro M4 11-inch"
T214,"iPad Smart Folio, iPad mini 6"
T215,"AirPods Pro (2nd Gen), Screen Protector, USB-C Charging Cable, iPhone 15 Pro, iPhone Case, iPhone MagSafe Charging Dock"
T216,"Apple Watch Milanese Loop, Apple Watch Series 10"
T217,iPhone 13 Pro Max
T218,"Apple Magic Keyboard, Apple Magic Mouse, JBL Charge 5, Mac mini M2 Pro"
T219,iPhone 17 Air
T220,"30W USB-C Power Adapter, Laptop Sleeve, MacBook Air M1, USB-C Charging Cable"
T221,MacBook Air M2
T222,"Screen Protector, USB-C Charging Cable, USB-C EarPods, iPhone 17 Pro, iPhone Case, iPhone MagSafe Charging Dock"
T223,"Belkin MagSafe Charging Stand, USB-C Charging Cable, iPhone 16 Plus"
T224,"Lightning Charging Cable, iPhone 14"
T225,"USB-C Charging Cable, USB-C EarPods, iPhone 17 Air, iPhone MagSafe Charging Dock"
T226,"Belkin MagSafe Charging Stand, Lightning EarPods, iPhone 13, iPhone Case"
T227,"AirPods (3rd Gen), Lightning Charging Cable, iPhone 13 Pro Max, iPhone Case"
T228,"Apple Watch Charger, Apple Watch Series 8, Apple Watch Solo Loop"
T229,"USB-C Charging Cable, iPad 10th Gen, iPad Smart Folio"
T230,"65W USB-C Power Adapter, MacBook Pro M3"
T231,"65W USB-C Power Adapter, MacBook Pro M2, USB-C Charging Cable"
T232,"AirPods Pro (2nd Gen), Belkin MagSafe Charging Stand, USB-C Charging Cable, iPhone 16 Plus, iPhone Case"
T233,"AirPods (3rd Gen), Apple Magic Mouse, Laptop Sleeve, MacBook Air M4, USB-C Charging Cable"
T234,"Apple Magic Mouse, LG UltraFine 5K Display, Mac mini M2 Pro"
T235,"Anker MagSafe Charging Dock, USB-C Charging Cable, iPhone 17 Pro, iPhone Case"
T236,"Lightning Charging Cable, Lightning EarPods, iPhone 13 Pro Max, iPhone Case"
T237,"USB-C Charging Cable, iPad Magic Keyboard, iPad Pro M4 13-inch"
T238,"65W USB-C Power Adapter, Apple Magic Mouse, External SSD 1TB, MacBook Pro M4, USB-C Charging Cable"
T239,"Anker MagSafe Charging Dock, USB-C Charging Cable, USB-C EarPods, iPhone 17 Air"
T240,"Apple Watch Milanese Loop, Apple Watch Ultra 2"
T241,"30W USB-C Power Adapter, MacBook Air M3"
T242,"AirPods Pro (2nd Gen), Lightning Charging Cable, Screen Protector, iPhone 13 mini"
T243,"Belkin MagSafe Charging Stand, USB-C Charging Cable, iPhone 16 Pro, iPhone Case"
T244,iPhone 15
T245,"Anker MagSafe Charging Dock, Lightning EarPods, iPhone 14 Pro"
T246,JBL Charge 5
T247,"Screen Protector (iPad), iPad 10th Gen"
T248,"30W USB-C Power Adapter, MacBook Air M1, USB-C Charging Cable"
T249,"AirPods (3rd Gen), USB-C Charging Cable"
T250,Mac mini M4
T251,"Apple Magic Keyboard, Apple Magic Mouse, LG UltraFine 5K Display, Mac mini M2 Pro, Marshall Emberton II"
T252,"Screen Protector (iPad), iPad Smart Folio, iPad mini 7"
T253,"Apple Watch Charger, Apple Watch Milanese Loop, Apple Watch Ultra"
T254,"Apple Watch Charger, Apple Watch Ultra"
T255,"30W USB-C Power Adapter, AirPods (3rd Gen), MacBook Air M4"
T256,"Apple Watch Milanese Loop, Apple Watch Series 8"
T257,"Lightning Charging Cable, Lightning EarPods, Screen Protector, iPhone 13 Pro Max, iPhone Case, iPhone MagSafe Charging Dock"
T258,MacBook Air M1
T259,"Screen Protector, iPhone 13 Pro, iPhone Case"
T260,"AirPods Pro (2nd Gen), Belkin MagSafe Charging Stand, Lightning Charging Cable, iPhone 14 Plus, iPhone Case"
T261,"Lightning EarPods, iPhone 13 Pro Max, iPhone MagSafe Charging Dock"
T262,iPad mini 7
T263,"Belkin MagSafe Charging Stand, USB-C Charging Cable, USB-C EarPods, iPhone 16, iPhone Case"
T264,"Anker MagSafe Charging Dock, iPhone 13 Pro Max, iPhone Case"
T265,"AirPods Pro (2nd Gen), Anker MagSafe Charging Dock, Screen Protector, iPhone 15 Plus, iPhone Case"
T266,"AirPods Pro (2nd Gen), USB-C Charging Cable, iPhone 16, iPhone MagSafe Charging Dock"
T267,"65W USB-C Power Adapter, Apple Magic Keyboard, MacBook Pro M1, USB-C Charging Cable"
T268,"Apple Magic Mouse, MacBook Pro M3, USB-C Charging Cable"
T269,"30W USB-C Power Adapter, AirPods (3rd Gen), MacBook Air M4"
T270,"Lightning EarPods, iPhone 13 Pro"
T271,"Belkin MagSafe Charging Stand, USB-C Charging Cable, iPhone 16 Pro"
T272,JBL Charge 5
T273,"AirPods (3rd Gen), Apple Magic Mouse, MacBook Air M4, USB-C Charging Cable"
T274,"USB-C Charging Cable, USB-C EarPods, iPhone 17 Pro Max, iPhone Case, iPhone MagSafe Charging Dock"
T275,"65W USB-C Power Adapter, Apple Magic Mouse, MacBook Pro M2, USB-C Charging Cable"
T276,"Anker MagSafe Charging Dock, USB-C Charging Cable, USB-C EarPods, iPhone 16"
T277,MacBook Pro M3
T278,"AirPods (3rd Gen), Belkin MagSafe Charging Stand, Lightning Charging Cable, Screen Protector, iPhone 14 Plus"
T279,"Apple Magic Mouse, MacBook Air M3, USB-C Charging Cable"
T280,iPhone 16 Pro Max
T281,"AirPods Pro (2nd Gen), Screen Protector, USB-C Charging Cable, iPhone 15 Plus, iPhone Case"
T282,iPad Pro M4 11-inch
T283,iPhone 14 Pro Max
T284,"USB-C Charging Cable, iPad Air M2"
T285,"AirPods Pro (2nd Gen), iPhone 14, iPhone Case"
T286,"65W USB-C Power Adapter, Apple Magic Keyboard, MacBook Pro M1"
T287,"AirPods Pro (2nd Gen), Anker MagSafe Charging Dock, Lightning Charging Cable, Screen Protector, iPhone 14"
T288,"65W USB-C Power Adapter, MacBook Pro M1"
T289,"Apple Pencil (USB-C), iPad mini 7"
T290,"Apple Pencil (2nd Gen), Screen Protector (iPad), USB-C Charging Cable, iPad Magic Keyboard, iPad Pro M4 13-inch"
T291,"Screen Protector, USB-C Charging Cable, USB-C EarPods, iPhone 17 Pro, iPhone Case, iPhone MagSafe Charging Dock"
T292,MacBook Air M2
T293,MacBook Air M3
T294,"65W USB-C Power Adapter, Apple Magic Keyboard, Apple Magic Mouse, External SSD 1TB, MacBook Pro M2, USB-C Charging Cable"
T295,"AirPods (3rd Gen), Anker MagSafe Charging Dock, Lightning Charging Cable, Screen Protector, iPhone 13, iPhone Case"
T296,"AirPods (3rd Gen), Belkin MagSafe Charging Stand, Screen Protector, iPhone 15 Pro Max"
T297,"30W USB-C Power Adapter, Apple Magic Mouse, MacBook Air M3, USB-C Charging Cable"
T298,"Lightning Charging Cable, Screen Protector, iPhone 13 Pro Max, iPhone Case"
T299,"Anker MagSafe Charging Dock, USB-C Charging Cable, iPhone 17 Air"
T300,"65W USB-C Power Adapter, Apple Magic Keyboard, MacBook Pro M3"
T301,"AirPods Pro (2nd Gen), Lightning Charging Cable, iPhone 13"
T302,"Apple Pencil (USB-C), USB-C Charging Cable, iPad 10th Gen, iPad Smart Folio"
T303,"Anker MagSafe Charging Dock, USB-C EarPods, iPhone 15 Plus"
T304,"Lightning EarPods, iPhone 13 Pro"
T305,"30W USB-C Power Adapter, AirPods (3rd Gen), Apple Magic Mouse, MacBook Air M4"
T306,"30W USB-C Power Adapter, AirPods (3rd Gen), MacBook Air M2"
T307,"Apple Pencil (USB-C), iPad Smart Folio, iPad mini 7"
T308,"Lightning Charging Cable, Lightning EarPods, Screen Protector, iPhone 13"
T309,"AirPods (3rd Gen), Anker MagSafe Charging Dock, Screen Protector, USB-C Charging Cable, iPhone 16 Pro Max"
T310,"AirPods (3rd Gen), Belkin MagSafe Charging Stand, USB-C Charging Cable, iPhone 16 Pro Max"
T311,"AirPods (3rd Gen), Anker MagSafe Charging Dock, Screen Protector, iPhone 16 Plus"
T312,Apple Magic Keyboard
T313,"30W USB-C Power Adapter, AirPods (3rd Gen), Apple Magic Mouse, MacBook Air M3, USB-C Charging Cable"
T314,MacBook Air M4
T315,"Apple Magic Keyboard, Apple Magic Mouse, Mac mini M2, USB-C Hub"
T316,"Apple Pencil (USB-C), iPad Smart Folio, iPad mini 7"
T317,"JBL Flip 6, Speaker Carry Case"
T318,"Apple Magic Mouse, Mac mini M4"
T319,"Anker MagSafe Charging Dock, USB-C Charging Cable, USB-C EarPods, iPhone 17 Pro"
T320,"Apple Pencil (2nd Gen), Screen Protector (iPad), USB-C Charging Cable, iPad Magic Keyboard, iPad Pro M4 11-inch"
T321,"30W USB-C Power Adapter, Apple Magic Mouse, MacBook Air M2, USB-C Charging Cable"
T322,"65W USB-C Power Adapter, External SSD 1TB, MacBook Pro M1, USB-C Charging Cable"
T323,"Belkin MagSafe Charging Stand, Lightning Charging Cable, iPhone 14 Pro Max, iPhone Case"
T324,"30W USB-C Power Adapter, AirPods (3rd Gen), Apple Magic Mouse, MacBook Air M1"
T325,"Belkin MagSafe Charging Stand, Screen Protector, USB-C EarPods, iPhone 16"
T326,"AirPods (3rd Gen), Screen Protector, iPhone 16 Pro, iPhone MagSafe Charging Dock"
T327,"Apple Pencil (2nd Gen), USB-C Charging Cable, iPad Magic Keyboard, iPad Pro M4 13-inch"
T328,iPhone 16 Pro
T329,"Belkin MagSafe Charging Stand, Lightning EarPods, iPhone 14"
T330,"USB-C Charging Cable, iPad Magic Keyboard, iPad Pro M4 11-inch"
T331,"AirPods Pro (2nd Gen), Belkin MagSafe Charging Stand, Lightning Charging Cable, iPhone 13"
T332,JBL Flip 6
T333,"Apple Watch Series 10, Apple Watch Sport Band"
T334,"Lightning Charging Cable, iPhone 14 Plus, iPhone Case, iPhone MagSafe Charging Dock"
T335,MacBook Air M2
T336,"USB-C Charging Cable, USB-C EarPods, iPhone 17 Pro Max, iPhone MagSafe Charging Dock"
T337,iPad Pro M4 11-inch
T338,MacBook Air M1
T339,"USB-C Charging Cable, iPhone 16 Plus"
T340,"USB-C EarPods, iPhone 17 Pro, iPhone Case, iPhone MagSafe Charging Dock"
T341,"Apple Pencil (USB-C), iPad mini 6"
T342,"65W USB-C Power Adapter, Apple Magic Mouse, MacBook Pro M2, USB-C Charging Cable"
T343,Apple Watch Ultra 2
T344,"Anker MagSafe Charging Dock, Lightning Charging Cable, iPhone 13 Pro Max"
T345,"Anker MagSafe Charging Dock, USB-C Charging Cable, USB-C EarPods, iPhone 16 Pro Max"
T346,Marshall Stanmore III
T347,"Screen Protector (iPad), iPad Air M2, iPad Smart Folio"
T348,"30W USB-C Power Adapter, Laptop Sleeve, MacBook Air M1"
T349,Apple Magic Keyboard
T350,"Apple Watch Charger, Apple Watch Milanese Loop, Apple Watch Series 10"
T351,MacBook Air M1
T352,"AirPods Pro (2nd Gen), Screen Protector, USB-C Charging Cable, iPhone 15 Plus, iPhone MagSafe Charging Dock"
T353,"Belkin MagSafe Charging Stand, USB-C Charging Cable, USB-C EarPods, iPhone 16"
T354,"Apple Watch Series 8, Apple Watch Sport Band"
T355,"Lightning Charging Cable, iPhone 13 mini"
T356,"AirPods (3rd Gen), Anker MagSafe Charging Dock, Lightning Charging Cable, Screen Protector, iPhone 13 mini"
T357,JBL Charge 5
T358,iPhone 16 Plus
T359,"30W USB-C Power Adapter, Apple Magic Mouse, MacBook Air M3"
T360,"Lightning Charging Cable, Screen Protector, iPhone 14, iPhone MagSafe Charging Dock"
T361,"30W USB-C Power Adapter, Laptop Sleeve, MacBook Air M4"
T362,"65W USB-C Power Adapter, Apple Magic Keyboard, Apple Magic Mouse, MacBook Pro M4"
T363,"Belkin MagSafe Charging Stand, USB-C Charging Cable, iPhone 15 Plus, iPhone Case"
T364,iPad Pro M4 11-inch
T365,"Screen Protector (iPad), USB-C Charging Cable, iPad Smart Folio, iPad mini 7"
T366,iPhone 17
T367,"AirPods Pro (2nd Gen), Belkin MagSafe Charging Stand, Lightning Charging Cable, Screen Protector, iPhone 13 mini, iPhone Case"
T368,"30W USB-C Power Adapter, Apple Magic Mouse, MacBook Air M4, USB-C Charging Cable"
T369,"AirPods (3rd Gen), Screen Protector, USB-C Charging Cable, iPhone 16, iPhone MagSafe Charging Dock"
T370,"AirPods (3rd Gen), Lightning Charging Cable, iPhone 13"
T371,Apple Watch Series 10
T372,"Anker MagSafe Charging Dock, USB-C Charging Cable, USB-C EarPods, iPhone 17"
T373,"30W USB-C Power Adapter, Apple Magic Mouse, MacBook Air M1, USB-C Charging Cable"
T374,Bose SoundLink Flex
T375,MacBook Air M1
T376,"Apple Watch Charger, Apple Watch Series 10"
T377,JBL Charge 5
T378,Apple Watch Ultra 2
T379,"Apple Pencil (USB-C), Screen Protector (iPad), USB-C Charging Cable, iPad Smart Folio, iPad mini 6"
T380,"Apple Watch Charger, Apple Watch Milanese Loop, Apple Watch Series 9"
T381,"AirPods Pro (2nd Gen), Belkin MagSafe Charging Stand, USB-C Charging Cable, iPhone 15 Pro"
T382,MacBook Air M1
T383,"Screen Protector, iPhone 16 Plus, iPhone Case"
T384,"Apple Magic Mouse, USB-C Charging Cable"
T385,"AirPods (3rd Gen), Lightning Charging Cable, iPhone 14 Plus"
T386,MacBook Air M2
T387,"Lightning Charging Cable, Lightning EarPods, Screen Protector, iPhone 14 Pro Max, iPhone MagSafe Charging Dock"
T388,"USB-C Charging Cable, iPhone 15 Plus"
T389,"Lightning EarPods, Screen Protector, iPhone 14 Pro"
T390,"30W USB-C Power Adapter, Apple Magic Mouse, MacBook Air M3"
T391,"30W USB-C Power Adapter, MacBook Air M1, USB-C Charging Cable"
T392,MacBook Air M1
T393,"USB-C Charging Cable, iPad 10th Gen, iPad Smart Folio"
T394,"65W USB-C Power Adapter, Apple Magic Mouse, MacBook Pro M2, USB-C Charging Cable"
T395,"AirPods Pro (2nd Gen), Anker MagSafe Charging Dock, Lightning Charging Cable, iPhone 13, iPhone Case"
T396,iPhone 15
T397,"AirPods (3rd Gen), USB-C Charging Cable, iPhone 15 Pro, iPhone Case"
T398,"Apple Magic Mouse, LG UltraFine 5K Display, Mac mini M4, Marshall Stanmore III"
T399,iPad mini 7
T400,"Apple Watch Series 8, Apple Watch Solo Loop"
T401,"AirPods (3rd Gen), USB-C Charging Cable, iPhone 17 Pro Max"
T402,"USB-C Charging Cable, iPhone 15 Pro, iPhone MagSafe Charging Dock"
T403,"Apple Watch Charger, Apple Watch Series 8, Apple Watch Trail Loop"
T404,iPhone 17 Air
T405,"30W USB-C Power Adapter, Laptop Sleeve, MacBook Air M3, USB-C Charging Cable"
T406,"Apple Pencil (2nd Gen), USB-C Charging Cable, iPad Magic Keyboard, iPad Pro M4 13-inch"
T407,"Belkin MagSafe Charging Stand, USB-C Charging Cable, iPhone 16"
T408,iPhone 13 mini
T409,"Apple Watch Milanese Loop, Apple Watch Series 8"
T410,"AirPods Pro (2nd Gen), Lightning Charging Cable, Screen Protector, iPhone 13 Pro Max"
T411,"USB-C Charging Cable, iPhone 16 Pro, iPhone MagSafe Charging Dock"
T412,"MacBook Pro M2, USB-C Charging Cable"
T413,"Screen Protector (iPad), iPad Air M2, iPad Smart Folio"
T414,"30W USB-C Power Adapter, AirPods (3rd Gen), MacBook Air M4, USB-C Charging Cable"
T415,"iPhone 14, iPhone MagSafe Charging Dock"
T416,"30W USB-C Power Adapter, Apple Magic Mouse, MacBook Air M2, USB-C Charging Cable"
T417,AirPods (3rd Gen)
T418,"65W USB-C Power Adapter, MacBook Pro M3, USB-C Charging Cable"
T419,"Apple Pencil (2nd Gen), Screen Protector (iPad), USB-C Charging Cable, iPad Pro M4 13-inch"
T420,"Belkin MagSafe Charging Stand, Lightning Charging Cable, iPhone 14 Plus, iPhone Case"
T421,"65W USB-C Power Adapter, Apple Magic Mouse, MacBook Pro M2, USB-C Charging Cable"
T422,"Apple Magic Mouse, Bose SoundLink Flex, Mac mini M2 Pro"
T423,iPad Pro M4 13-inch
T424,"65W USB-C Power Adapter, Apple Magic Keyboard, External SSD 1TB, MacBook Pro M2, USB-C Charging Cable"
T425,"Belkin MagSafe Charging Stand, Screen Protector, USB-C Charging Cable, USB-C EarPods, iPhone 17 Air"
T426,"Anker MagSafe Charging Dock, Lightning Charging Cable, Lightning EarPods, iPhone 13 mini"
T427,"Anker MagSafe Charging Dock, Lightning Charging Cable, Lightning EarPods, Screen Protector, iPhone 14 Plus, iPhone Case"
T428,iPhone 15 Pro Max
T429,Apple Watch Series 11
T430,Apple Watch Series 10
T431,iPhone 17
T432,"Anker MagSafe Charging Dock, Screen Protector, USB-C Charging Cable, iPhone 17 Air"
T433,Apple Watch Ultra 2
T434,"30W USB-C Power Adapter, AirPods (3rd Gen), Apple Magic Mouse, MacBook Air M1, USB-C Charging Cable"
T435,iPhone 16 Pro
T436,"Apple Watch Charger, Apple Watch Series 8, Apple Watch Sport Band"
T437,"30W USB-C Power Adapter, AirPods (3rd Gen), Apple Magic Mouse, Laptop Sleeve, MacBook Air M4"
T438,"Apple Pencil (USB-C), USB-C Charging Cable, iPad mini 6"
T439,iPad mini 7
T440,"Belkin MagSafe Charging Stand, USB-C EarPods, iPhone 17 Pro Max"
T441,"30W USB-C Power Adapter, AirPods (3rd Gen), Apple Magic Mouse, MacBook Air M2, USB-C Charging Cable"
T442,"AirPods Pro (2nd Gen), Belkin MagSafe Charging Stand, USB-C Charging Cable, iPhone 17 Air"
T443,"Lightning Charging Cable, Lightning EarPods, iPhone 14 Pro Max, iPhone Case, iPhone MagSafe Charging Dock"
T444,"USB-C EarPods, iPhone 17 Pro"
T445,iPhone 15 Pro Max
T446,MacBook Air M3
T447,"Anker MagSafe Charging Dock, iPhone 13"
T448,MacBook Pro M3
T449,"Anker MagSafe Charging Dock, Screen Protector, iPhone 13, iPhone Case"
T450,"65W USB-C Power Adapter, AirPods Pro (2nd Gen), Apple Magic Keyboard, Apple Magic Mouse, MacBook Pro M2, USB-C Charging Cable"
T451,"Lightning Charging Cable, Lightning EarPods, iPhone 14 Pro, iPhone Case"
T452,Apple Watch Ultra
T453,"Apple Watch Charger, Apple Watch Series 10, Apple Watch Sport Band"
T454,"Screen Protector, iPhone 15 Pro Max"
T455,"AirPods (3rd Gen), Lightning Charging Cable, Screen Protector, iPhone 14, iPhone Case, iPhone MagSafe Charging Dock"
T456,MacBook Air M4
T457,"Apple Magic Mouse, MacBook Air M3, USB-C Charging Cable"
T458,"Apple Watch Series 10, Apple Watch Sport Band"
T459,"AirPods Pro (2nd Gen), Anker MagSafe Charging Dock, USB-C Charging Cable, iPhone 16 Plus"
T460,"Belkin MagSafe Charging Stand, USB-C Charging Cable, iPhone 16"
T461,"Anker MagSafe Charging Dock, Screen Protector, USB-C EarPods, iPhone 17 Pro Max"
T462,"Screen Protector (iPad), USB-C Charging Cable, iPad Smart Folio, iPad mini 7"
T463,"AirPods (3rd Gen), Belkin MagSafe Charging Stand, iPhone 16 Pro Max, iPhone Case"
T464,"AirPods (3rd Gen), Anker MagSafe Charging Dock, Screen Protector, USB-C Charging Cable, iPhone 17 Pro Max, iPhone Case"
T465,"Apple Watch Charger, Apple Watch Series 10, Apple Watch Trail Loop"
T466,iPad Pro M4 13-inch
T467,"30W USB-C Power Adapter, Apple Magic Mouse, MacBook Air M2, USB-C Charging Cable"
T468,Apple Watch Ultra 2
T469,iPhone 16
T470,"Belkin MagSafe Charging Stand, USB-C Charging Cable, USB-C EarPods, iPhone 17 Pro Max"
T471,Apple Watch Series 10
T472,"Belkin MagSafe Charging Stand, USB-C EarPods, iPhone 17"
T473,Apple Watch Series 9
T474,"MacBook Air M1, USB-C Charging Cable"
T475,"iPad Air M2, iPad Smart Folio"
T476,"Anker MagSafe Charging Dock, Lightning Charging Cable, iPhone 13 Pro Max"
T477,AirPods Pro (2nd Gen)
T478,AirPods Pro (2nd Gen)
T479,"Apple Pencil (2nd Gen), iPad Magic Keyboard, iPad Pro M4 13-inch"
T480,"Screen Protector, USB-C Charging Cable, iPhone 15 Pro, iPhone Case"
T481,"Apple Pencil (USB-C), Screen Protector (iPad), USB-C Charging Cable, iPad 10th Gen, iPad Smart Folio"
T482,"Lightning Charging Cable, Lightning EarPods, iPhone 14 Pro, iPhone Case"
T483,"Lightning Charging Cable, Screen Protector, iPhone 13 Pro Max"
T484,"30W USB-C Power Adapter, Laptop Sleeve, MacBook Air M3"
T485,"USB-C Charging Cable, iPhone 16 Plus"
T486,"30W USB-C Power Adapter, MacBook Air M1, USB-C Charging Cable"
T487,"Apple Magic Mouse, MacBook Air M4, USB-C Charging Cable"
T488,"Belkin MagSafe Charging Stand, USB-C Charging Cable, iPhone 16"
T489,iPad Air M2
T490,MacBook Pro M3
T491,"Apple Pencil (2nd Gen), Screen Protector (iPad), iPad Pro M4 13-inch"
T492,"65W USB-C Power Adapter, External SSD 1TB, MacBook Pro M3, USB-C Charging Cable"
T493,"Belkin MagSafe Charging Stand, USB-C Charging Cable, iPhone 15 Plus"
T494,"Lightning Charging Cable, Screen Protector, iPhone 14 Plus, iPhone Case"
T495,"Anker MagSafe Charging Dock, USB-C Charging Cable, USB-C EarPods, iPhone 15 Plus"
T496,Apple Magic Keyboard
T497,iPad Air M2
T498,iPhone 13 Pro Max
T499,"Lightning EarPods, iPhone 14, iPhone Case, iPhone MagSafe Charging Dock"
T500,"iPad 10th Gen, iPad Smart Folio"
T501,"Apple Pencil (2nd Gen), iPad Magic Keyboard, iPad Pro M4 11-inch"
T502,"65W USB-C Power Adapter, Apple Magic Mouse, MacBook Pro M4, USB-C Charging Cable"
T503,"AirPods (3rd Gen), Screen Protector, USB-C Charging Cable, iPhone 15, iPhone MagSafe Charging Dock"
T504,"Apple Magic Mouse, Bose SoundLink Flex, Mac mini M2 Pro, USB-C Hub"
T505,"Belkin MagSafe Charging Stand, Screen Protector, USB-C Charging Cable, iPhone 17 Air, iPhone Case"
T506,"65W USB-C Power Adapter, AirPods Pro (2nd Gen), MacBook Pro M3"
T507,"65W USB-C Power Adapter, AirPods Pro (2nd Gen), Apple Magic Keyboard, Apple Magic Mouse, MacBook Pro M3, USB-C Charging Cable"
T508,"Anker MagSafe Charging Dock, Lightning Charging Cable, Lightning EarPods, iPhone 14, iPhone Case"
T509,MacBook Air M1
T510,"Apple Magic Mouse, Laptop Sleeve, MacBook Air M3"
T511,"iPhone 13 mini, iPhone MagSafe Charging Dock"
T512,"Lightning Charging Cable, Lightning EarPods, iPhone 13 mini, iPhone Case"
T513,iPhone 13 Pro Max
T514,"Anker MagSafe Charging Dock, USB-C Charging Cable, USB-C EarPods, iPhone 16 Pro Max, iPhone Case"
T515,Marshall Emberton II
T516,"65W USB-C Power Adapter, MacBook Pro M1, USB-C Charging Cable"
T517,"USB-C Charging Cable, USB-C EarPods, iPhone 16"
T518,MacBook Air M3
T519,"Belkin MagSafe Charging Stand, USB-C Charging Cable, iPhone 15 Plus"
T520,"30W USB-C Power Adapter, Apple Magic Mouse, MacBook Air M1, USB-C Charging Cable"
T521,"30W USB-C Power Adapter, Apple Magic Mouse, Laptop Sleeve, MacBook Air M3, USB-C Charging Cable"
T522,"AirPods Pro (2nd Gen), Screen Protector, USB-C Charging Cable, iPhone 16 Pro Max, iPhone MagSafe Charging Dock"
T523,"30W USB-C Power Adapter, MacBook Air M2"
T524,"Apple Watch Charger, Apple Watch Milanese Loop, Apple Watch Series 11"
T525,"Apple Watch Series 10, Screen Protector (Watch)"
T526,"30W USB-C Power Adapter, MacBook Air M2"
T527,"AirPods Pro (2nd Gen), Apple Magic Mouse, MacBook Pro M4, USB-C Charging Cable"
T528,"Belkin MagSafe Charging Stand, iPhone 15 Pro Max"
T529,"30W USB-C Power Adapter, AirPods (3rd Gen), Laptop Sleeve, MacBook Air M3, USB-C Charging Cable"
T530,"Belkin MagSafe Charging Stand, Lightning EarPods, iPhone 14"
T531,"Apple Magic Mouse, Mac mini M4, Studio Display, USB-C Hub"
T532,"30W USB-C Power Adapter, MacBook Air M3, USB-C Charging Cable"
T533,"AirPods Pro (2nd Gen), USB-C Charging Cable, iPhone 17 Pro, iPhone Case, iPhone MagSafe Charging Dock"
T534,"Apple Pencil (2nd Gen), iPad Pro M4 13-inch"
T535,"Apple Magic Keyboard, Apple Magic Mouse, Mac mini M4, Studio Display, USB-C Hub"
T536,"Lightning Charging Cable, Lightning EarPods, Screen Protector, iPhone 13 mini"
T537,"Belkin MagSafe Charging Stand, Lightning Charging Cable, Lightning EarPods, iPhone 14, iPhone Case"
T538,"AirPods (3rd Gen), Belkin MagSafe Charging Stand, Lightning Charging Cable, iPhone 14"
T539,"Belkin MagSafe Charging Stand, Screen Protector, USB-C Charging Cable, USB-C EarPods, iPhone 16 Plus"
T540,Apple Watch Series 10
T541,"AirPods (3rd Gen), Lightning Charging Cable, iPhone 13 mini, iPhone Case, iPhone MagSafe Charging Dock"
T542,iPad Pro M4 11-inch
T543,"Screen Protector, USB-C Charging Cable, USB-C EarPods, iPhone 17 Air, iPhone MagSafe Charging Dock"
T544,"Anker MagSafe Charging Dock, Screen Protector, USB-C Charging Cable, USB-C EarPods, iPhone 17 Pro"
T545,"Apple Magic Keyboard, Apple Magic Mouse, Mac mini M2, USB-C Hub"
T546,MacBook Air M4
T547,"USB-C Charging Cable, USB-C EarPods, iPhone 16 Pro, iPhone Case"
T548,"Belkin MagSafe Charging Stand, USB-C Charging Cable, iPhone 15 Pro Max"
T549,"USB-C Charging Cable, iPad 10th Gen"
T550,"AirPods (3rd Gen), USB-C Charging Cable, iPhone 16"
T551,"30W USB-C Power Adapter, MacBook Air M2, USB-C Charging Cable"
T552,"Apple Watch Solo Loop, Apple Watch Ultra"
T553,"30W USB-C Power Adapter, Apple Magic Mouse, MacBook Air M1"
T554,"Apple Watch Series 11, Apple Watch Trail Loop"
T555,"Apple Watch Charger, Apple Watch Series 9, Apple Watch Solo Loop"
T556,"AirPods Pro (2nd Gen), Anker MagSafe Charging Dock, Screen Protector, USB-C Charging Cable, iPhone 17 Pro"
T557,MacBook Pro M2
T558,"AirPods (3rd Gen), iPhone 16 Plus"
T559,"Apple Watch Series 11, Apple Watch Solo Loop"
T560,Apple Watch Series 11
T561,AirPods (3rd Gen)
T562,Marshall Emberton II
T563,"AirPods Pro (2nd Gen), Belkin MagSafe Charging Stand, USB-C Charging Cable, iPhone 15 Plus, iPhone Case"
T564,"Apple Magic Keyboard, Mac mini M2 Pro, Marshall Emberton II"
T565,"30W USB-C Power Adapter, Laptop Sleeve, MacBook Air M3, USB-C Charging Cable"
T566,"AirPods Pro (2nd Gen), Lightning Charging Cable, iPhone 14 Plus"
T567,MacBook Air M4
T568,"AirPods Pro (2nd Gen), Belkin MagSafe Charging Stand, Screen Protector, iPhone 13 mini, iPhone Case"
T569,"30W USB-C Power Adapter, MacBook Air M4, USB-C Charging Cable"
T570,"Apple Watch Series 11, Apple Watch Trail Loop, Screen Protector (Watch)"
T571,"AirPods (3rd Gen), USB-C Charging Cable, iPhone 17 Air, iPhone Case, iPhone MagSafe Charging Dock"
T572,"Lightning EarPods, iPhone 13 Pro, iPhone MagSafe Charging Dock"
T573,"AirPods Pro (2nd Gen), Apple Magic Mouse, MacBook Pro M3, USB-C Charging Cable"
T574,"30W USB-C Power Adapter, Apple Magic Mouse, Laptop Sleeve, MacBook Air M2"
T575,"USB-C Charging Cable, USB-C EarPods, iPhone 17 Pro"
T576,"Belkin MagSafe Charging Stand, USB-C EarPods, iPhone 15 Pro"
T577,MacBook Air M2
T578,"USB-C Charging Cable, iPad Smart Folio, iPad mini 6"
T579,"Anker MagSafe Charging Dock, Lightning EarPods, Screen Protector, iPhone 14 Pro, iPhone Case"
T580,iPhone 17 Pro
T581,iPhone 14
T582,"30W USB-C Power Adapter, MacBook Air M3, USB-C Charging Cable"
T583,"Lightning Charging Cable, Lightning EarPods, iPhone 14, iPhone Case"
T584,"USB-C EarPods, iPhone 15 Plus"
T585,"Belkin MagSafe Charging Stand, USB-C Charging Cable, USB-C EarPods, iPhone 17, iPhone Case"
T586,"Apple Magic Mouse, Bose SoundLink Flex, Mac mini M2"
T587,"Screen Protector, USB-C Charging Cable, USB-C EarPods, iPhone 17"
T588,"Screen Protector, iPhone 17 Pro Max, iPhone MagSafe Charging Dock"
T589,MacBook Air M2
T590,"Anker MagSafe Charging Dock, Lightning Charging Cable, Lightning EarPods, iPhone 13, iPhone Case"
T591,"30W USB-C Power Adapter, AirPods (3rd Gen), Apple Magic Mouse, MacBook Air M3, USB-C Charging Cable"
T592,"AirPods Pro (2nd Gen), Lightning Charging Cable, iPhone 13 mini, iPhone Case, iPhone MagSafe Charging Dock"
T593,Apple Watch Ultra
T594,"iPad Smart Folio, iPad mini 7"
T595,"AirPods Pro (2nd Gen), Lightning Charging Cable, iPhone 14 Pro Max"
T596,"USB-C Charging Cable, iPhone 16 Pro Max, iPhone Case, iPhone MagSafe Charging Dock"
T597,"30W USB-C Power Adapter, MacBook Air M1, USB-C Charging Cable"
T598,"30W USB-C Power Adapter, MacBook Air M4, USB-C Charging Cable"
T599,"iPad Smart Folio, iPad mini 6"
T600,iPad 10th Gen
T601,Marshall Stanmore III
T602,"USB-C Charging Cable, iPad Magic Keyboard, iPad Pro M4 11-inch"
T603,Mac mini M4
T604,"Belkin MagSafe Charging Stand, iPhone 15 Pro"
T605,iPhone 13
T606,Apple Watch Series 10
T607,"Anker MagSafe Charging Dock, Screen Protector, USB-C Charging Cable, USB-C EarPods, iPhone 15 Pro"
T608,Mac mini M2 Pro
T609,"Apple Pencil (USB-C), USB-C Charging Cable, iPad mini 7"
T610,"65W USB-C Power Adapter, MacBook Pro M4, USB-C Charging Cable"
T611,"Anker MagSafe Charging Dock, USB-C Charging Cable, USB-C EarPods, iPhone 16 Pro Max"
T612,"Apple Watch Charger, Apple Watch Series 8"
T613,"Apple Pencil (2nd Gen), Screen Protector (iPad), iPad Magic Keyboard, iPad Pro M4 11-inch"
T614,"Apple Watch Charger, Apple Watch Sport Band, Apple Watch Ultra 2"
T615,"Apple Magic Keyboard, Apple Magic Mouse, Mac mini M4"
T616,Bose SoundLink Flex
T617,"Anker MagSafe Charging Dock, USB-C EarPods, iPhone 17 Pro Max"
T618,"Screen Protector, USB-C Charging Cable, iPhone 17 Pro Max, iPhone Case, iPhone MagSafe Charging Dock"
T619,iPad 10th Gen
T620,"Lightning Charging Cable, Lightning EarPods, iPhone 14 Plus, iPhone Case"
T621,"65W USB-C Power Adapter, AirPods Pro (2nd Gen), Apple Magic Mouse, MacBook Pro M4, USB-C Charging Cable"
T622,"Screen Protector (iPad), USB-C Charging Cable, iPad 10th Gen"
T623,"Screen Protector, USB-C EarPods, iPhone 17 Air, iPhone MagSafe Charging Dock"
T624,"Anker MagSafe Charging Dock, USB-C Charging Cable, iPhone 15 Pro"
T625,"USB-C Charging Cable, USB-C EarPods, iPhone 15, iPhone Case, iPhone MagSafe Charging Dock"
T626,"65W USB-C Power Adapter, Apple Magic Keyboard, Apple Magic Mouse, MacBook Pro M2, USB-C Charging Cable"
T627,"Belkin MagSafe Charging Stand, USB-C Charging Cable, iPhone 15 Plus"
T628,"65W USB-C Power Adapter, Apple Magic Mouse, MacBook Pro M1, USB-C Charging Cable"
T629,"Belkin MagSafe Charging Stand, Lightning Charging Cable, Lightning EarPods, iPhone 14 Plus"
T630,"Apple Watch Charger, Apple Watch Milanese Loop, Apple Watch Series 10"
T631,"Lightning Charging Cable, Lightning EarPods, iPhone 13 mini"
T632,MacBook Air M4
T633,"30W USB-C Power Adapter, AirPods (3rd Gen), Laptop Sleeve, MacBook Air M4, USB-C Charging Cable"
T634,"AirPods Pro (2nd Gen), Belkin MagSafe Charging Stand, USB-C Charging Cable, iPhone 15 Pro"
T635,"AirPods (3rd Gen), Lightning Charging Cable, iPhone 14 Pro Max, iPhone MagSafe Charging Dock"
T636,"Belkin MagSafe Charging Stand, Lightning EarPods, iPhone 13 Pro"
T637,"AirPods Pro (2nd Gen), Anker MagSafe Charging Dock, USB-C Charging Cable, iPhone 16"
T638,"Lightning Charging Cable, iPhone 13"
T639,iPad 10th Gen
T640,iPad mini 7
T641,"Lightning Charging Cable, Screen Protector, iPhone 13 Pro"
T642,"Lightning Charging Cable, iPhone 13 mini, iPhone Case"
T643,"AirPods Pro (2nd Gen), Belkin MagSafe Charging Stand, iPhone 14 Pro"
T644,iPad Air M2
T645,"AirPods (3rd Gen), Anker MagSafe Charging Dock, USB-C Charging Cable, iPhone 15 Pro Max"
T646,"USB-C Charging Cable, USB-C EarPods, iPhone 16 Pro Max, iPhone MagSafe Charging Dock"
T647,"Apple Pencil (USB-C), USB-C Charging Cable, iPad Smart Folio, iPad mini 7"
T648,iPhone 13 mini
T649,MacBook Air M3
T650,"Lightning EarPods, Screen Protector, iPhone 13 Pro Max, iPhone MagSafe Charging Dock"
T651,"AirPods (3rd Gen), Belkin MagSafe Charging Stand, iPhone 16 Plus, iPhone Case"
T652,"USB-C Charging Cable, USB-C EarPods, iPhone 17, iPhone MagSafe Charging Dock"
T653,"Belkin MagSafe Charging Stand, Lightning Charging Cable, Lightning EarPods, Screen Protector, iPhone 13 Pro Max"
T654,"Screen Protector, USB-C Charging Cable, USB-C EarPods, iPhone 16 Plus, iPhone MagSafe Charging Dock"
T655,"USB-C Charging Cable, USB-C EarPods, iPhone 15 Pro, iPhone MagSafe Charging Dock"
T656,"AirPods (3rd Gen), Anker MagSafe Charging Dock, Screen Protector, iPhone 15 Plus"
T657,"65W USB-C Power Adapter, Apple Magic Mouse, MacBook Pro M2"
T658,"Apple Magic Keyboard, MacBook Pro M2"
T659,"USB-C Charging Cable, USB-C EarPods, iPhone 16, iPhone Case"
T660,"AirPods (3rd Gen), Lightning Charging Cable, iPhone 14 Pro, iPhone Case, iPhone MagSafe Charging Dock"
T661,Apple Watch Series 8
T662,"Screen Protector (iPad), iPad mini 7"
T663,"Belkin MagSafe Charging Stand, Lightning Charging Cable, iPhone 13 mini, iPhone Case"
T664,"AirPods Pro (2nd Gen), USB-C Charging Cable, iPhone 15 Pro Max, iPhone MagSafe Charging Dock"
T665,"USB-C Charging Cable, iPad Air M2, iPad Smart Folio"
T666,MacBook Pro M2
T667,"Belkin MagSafe Charging Stand, USB-C EarPods, iPhone 16 Pro"
T668,iPhone 13 Pro
T669,"AirPods (3rd Gen), Belkin MagSafe Charging Stand, Lightning Charging Cable, iPhone 14"
T670,"Anker MagSafe Charging Dock, USB-C Charging Cable, iPhone 16 Pro, iPhone Case"
T671,"AirPods Pro (2nd Gen), Anker MagSafe Charging Dock, USB-C Charging Cable, iPhone 15 Pro"
T672,"Apple Pencil (USB-C), Screen Protector (iPad), iPad Air M2"
T673,"30W USB-C Power Adapter, MacBook Air M2, USB-C Charging Cable"
T674,iPhone 14 Pro Max
T675,"USB-C Charging Cable, USB-C EarPods, iPhone 15 Pro Max, iPhone MagSafe Charging Dock"
T676,"Belkin MagSafe Charging Stand, USB-C EarPods, iPhone 16 Pro"
T677,JBL Flip 6
T678,"AirPods (3rd Gen), Anker MagSafe Charging Dock, Lightning Charging Cable, iPhone 13 Pro Max"
T679,"Anker MagSafe Charging Dock, Lightning Charging Cable, Screen Protector, iPhone 13 mini, iPhone Case"
T680,"Anker MagSafe Charging Dock, Lightning Charging Cable, Screen Protector, iPhone 13 Pro"
T681,"AirPods (3rd Gen), USB-C Charging Cable, iPhone 15 Pro Max, iPhone MagSafe Charging Dock"
T682,"Lightning Charging Cable, Screen Protector, iPhone 14 Plus"
T683,"AirPods (3rd Gen), USB-C Charging Cable"
T684,Apple Magic Keyboard
T685,"AirPods (3rd Gen), Belkin MagSafe Charging Stand, USB-C Charging Cable, iPhone 15"
T686,iPad Pro M4 11-inch
T687,"USB-C EarPods, iPhone 15"
T688,Apple Watch Series 9
T689,"Apple Watch Trail Loop, Apple Watch Ultra"
T690,Apple Watch Series 8
T691,"USB-C Charging Cable, USB-C EarPods, iPhone 15 Pro"
T692,"Screen Protector, USB-C Charging Cable, iPhone 17"
T693,"Belkin MagSafe Charging Stand, Screen Protector, USB-C Charging Cable, USB-C EarPods, iPhone 15 Plus"
T694,"Belkin MagSafe Charging Stand, Screen Protector, USB-C EarPods, iPhone 16 Pro Max, iPhone Case"
T695,"65W USB-C Power Adapter, Apple Magic Keyboard, Apple Magic Mouse, External SSD 1TB, MacBook Pro M1"
T696,"Anker MagSafe Charging Dock, Screen Protector, USB-C EarPods, iPhone 16 Pro"
T697,"Apple Watch Charger, Apple Watch Solo Loop, Apple Watch Ultra 2"
T698,Apple Watch Series 8
T699,"Anker MagSafe Charging Dock, USB-C Charging Cable, USB-C EarPods, iPhone 17"
T700,"Apple Magic Keyboard, Apple Magic Mouse, Mac mini M2, Marshall Emberton II"
T701,Mac mini M2 Pro
T702,"30W USB-C Power Adapter, Apple Magic Mouse, Laptop Sleeve, MacBook Air M2"
T703,"Apple Magic Keyboard, Mac mini M4"
T704,"Belkin MagSafe Charging Stand, Screen Protector, USB-C Charging Cable, iPhone 16, iPhone Case"
T705,Apple Watch Ultra 2
T706,"Anker MagSafe Charging Dock, USB-C EarPods, iPhone 17 Pro Max, iPhone Case"
T707,iPhone 16 Pro Max
T708,"Screen Protector, USB-C EarPods, iPhone 17 Pro, iPhone Case"
T709,"Lightning Charging Cable, iPhone 14 Pro Max"
T710,Apple Watch Series 11
T711,MacBook Air M2
T712,"30W USB-C Power Adapter, Apple Magic Mouse, MacBook Air M3, USB-C Charging Cable"
T713,"Belkin MagSafe Charging Stand, USB-C Charging Cable, iPhone 16 Pro Max, iPhone Case"
T714,"Belkin MagSafe Charging Stand, USB-C Charging Cable, USB-C EarPods, iPhone 15 Pro"
T715,"Anker MagSafe Charging Dock, iPhone 15 Plus"
T716,"Apple Pencil (USB-C), iPad Smart Folio, iPad mini 6"
T717,"Apple Watch Milanese Loop, Apple Watch Series 10, Screen Protector (Watch)"
T718,"Apple Pencil (USB-C), Screen Protector (iPad), USB-C Charging Cable, iPad mini 6"
T719,"USB-C Charging Cable, iPhone 15 Pro Max, iPhone Case, iPhone MagSafe Charging Dock"
T720,"AirPods Pro (2nd Gen), iPhone 15 Pro, iPhone MagSafe Charging Dock"
T721,"Belkin MagSafe Charging Stand, USB-C EarPods, iPhone 16, iPhone Case"
T722,"Belkin MagSafe Charging Stand, USB-C Charging Cable, iPhone 17 Pro Max"
T723,iPhone 13 mini
T724,"Lightning Charging Cable, iPhone 13 Pro"
T725,"Belkin MagSafe Charging Stand, USB-C Charging Cable, iPhone 17 Air"
T726,"30W USB-C Power Adapter, MacBook Air M4"
T727,"Apple Magic Keyboard, Apple Magic Mouse, MacBook Pro M4"
T728,"Apple Watch Series 11, Apple Watch Trail Loop, Screen Protector (Watch)"
T729,"Anker MagSafe Charging Dock, Screen Protector, USB-C Charging Cable, USB-C EarPods, iPhone 15 Plus, iPhone Case"
T730,"AirPods (3rd Gen), Screen Protector, USB-C Charging Cable, iPhone 16 Pro Max, iPhone Case"
T731,"Apple Watch Charger, Apple Watch Series 9, Screen Protector (Watch)"
T732,"Screen Protector, USB-C EarPods, iPhone 17 Pro Max"
T733,"Apple Watch Series 9, Apple Watch Solo Loop"
T734,"Apple Pencil (USB-C), Screen Protector (iPad), USB-C Charging Cable, iPad mini 6"
T735,"Anker MagSafe Charging Dock, Screen Protector, USB-C EarPods, iPhone 17 Pro, iPhone Case"
T736,"AirPods (3rd Gen), Anker MagSafe Charging Dock, USB-C Charging Cable, iPhone 15"
T737,"Apple Pencil (USB-C), Screen Protector (iPad), iPad Air M2"
T738,"65W USB-C Power Adapter, Apple Magic Mouse, MacBook Pro M1"
T739,"Apple Pencil (USB-C), Screen Protector (iPad), USB-C Charging Cable, iPad 10th Gen, iPad Smart Folio"
T740,"Apple Magic Mouse, JBL Flip 6, Mac mini M2 Pro"
T741,"65W USB-C Power Adapter, Apple Magic Mouse, MacBook Pro M4, USB-C Charging Cable"
T742,"USB-C Charging Cable, USB-C EarPods, iPhone 16 Plus"
T743,"30W USB-C Power Adapter, Apple Magic Mouse, Laptop Sleeve, MacBook Air M1, USB-C Charging Cable"
T744,"USB-C Charging Cable, iPhone 17 Pro, iPhone MagSafe Charging Dock"
T745,"65W USB-C Power Adapter, Apple Magic Mouse, External SSD 1TB, MacBook Pro M3, USB-C Charging Cable"
T746,"Screen Protector, USB-C Charging Cable, iPhone 17 Pro, iPhone MagSafe Charging Dock"
T747,"Anker MagSafe Charging Dock, Screen Protector, USB-C Charging Cable, USB-C EarPods, iPhone 16"
T748,"Anker MagSafe Charging Dock, Screen Protector, USB-C Charging Cable, iPhone 16 Pro"
T749,"USB-C EarPods, iPhone 16 Plus, iPhone MagSafe Charging Dock"
T750,"Screen Protector, USB-C EarPods, iPhone 15, iPhone MagSafe Charging Dock"
T751,iPhone 16
T752,Mac mini M2 Pro
T753,MacBook Air M4
T754,MacBook Air M4
T755,"AirPods Pro (2nd Gen), Anker MagSafe Charging Dock, Screen Protector, USB-C Charging Cable, iPhone 15"
T756,"Apple Magic Keyboard, Apple Magic Mouse, Mac mini M2 Pro"
T757,"Lightning Charging Cable, Lightning EarPods, iPhone 14, iPhone MagSafe Charging Dock"
T758,"Anker MagSafe Charging Dock, USB-C Charging Cable, USB-C EarPods, iPhone 15 Pro Max, iPhone Case"
T759,"AirPods (3rd Gen), Anker MagSafe Charging Dock, Lightning Charging Cable, iPhone 14 Plus"
T760,"AirPods (3rd Gen), Lightning Charging Cable, Screen Protector, iPhone 13 Pro"
T761,"Apple Magic Keyboard, LG UltraFine 5K Display, Mac mini M2, USB-C Hub"
T762,"AirPods (3rd Gen), Anker MagSafe Charging Dock, Lightning Charging Cable, iPhone 13 mini, iPhone Case"
T763,iPhone 13 Pro
T764,iPad Air M2
T765,"AirPods (3rd Gen), USB-C Charging Cable, iPhone 16 Plus, iPhone Case"
T766,"Belkin MagSafe Charging Stand, Screen Protector, USB-C Charging Cable, USB-C EarPods, iPhone 16"
T767,iPhone 17
T768,"30W USB-C Power Adapter, Laptop Sleeve, MacBook Air M4"
T769,"30W USB-C Power Adapter, Apple Magic Mouse, MacBook Air M1, USB-C Charging Cable"
T770,iPhone 17 Pro
T771,"iPad Magic Keyboard, iPad Pro M4 11-inch"
T772,iPhone 14 Plus
T773,Apple Watch Series 11
T774,"65W USB-C Power Adapter, AirPods Pro (2nd Gen), External SSD 1TB, MacBook Pro M3"
T775,"USB-C Charging Cable, iPad mini 7"
T776,"USB-C EarPods, iPhone 17 Air, iPhone Case, iPhone MagSafe Charging Dock"
T777,"Belkin MagSafe Charging Stand, USB-C Charging Cable, USB-C EarPods, iPhone 16 Pro Max"
T778,"AirPods Pro (2nd Gen), iPhone 16 Plus"
T779,"Apple Magic Keyboard, Apple Magic Mouse, Bose SoundLink Flex, LG UltraFine 5K Display, Mac mini M2 Pro"
T780,"30W USB-C Power Adapter, Apple Magic Mouse, MacBook Air M3, USB-C Charging Cable"
T781,MacBook Air M3
T782,"Anker MagSafe Charging Dock, Screen Protector, USB-C Charging Cable, iPhone 16 Plus, iPhone Case"
T783,"USB-C Charging Cable, iPhone 16 Pro Max, iPhone MagSafe Charging Dock"
T784,MacBook Pro M3
T785,"Screen Protector, USB-C Charging Cable, USB-C EarPods, iPhone 17 Pro Max, iPhone MagSafe Charging Dock"
T786,"Lightning Charging Cable, Lightning EarPods, iPhone 14"
T787,"Apple Watch Charger, Apple Watch Series 8, Screen Protector (Watch)"
T788,"Apple Pencil (2nd Gen), USB-C Charging Cable, iPad Magic Keyboard, iPad Pro M4 11-inch"
T789,"Screen Protector, USB-C Charging Cable, iPhone 15 Pro Max"
T790,MacBook Air M2
T791,"Apple Watch Charger, Apple Watch Series 11, Apple Watch Solo Loop"
T792,AirPods (3rd Gen)
T793,"Lightning Charging Cable, Lightning EarPods, iPhone 14, iPhone MagSafe Charging Dock"
T794,"AirPods Pro (2nd Gen), Lightning Charging Cable, iPhone 13 mini"
T795,"Apple Watch Charger, Apple Watch Milanese Loop, Apple Watch Series 10"
T796,Apple Watch Series 11
T797,"USB-C Charging Cable, USB-C EarPods, iPhone 16"
T798,"30W USB-C Power Adapter, AirPods (3rd Gen), Apple Magic Mouse, MacBook Air M3"
T799,"AirPods Pro (2nd Gen), Anker MagSafe Charging Dock, Screen Protector, USB-C Charging Cable, iPhone 15 Plus"
T800,"Apple Magic Mouse, Mac mini M2 Pro"
T801,"Apple Magic Mouse, LG UltraFine 5K Display, Mac mini M4"
T802,"USB-C Charging Cable, USB-C EarPods, iPhone 16"
T803,"USB-C Charging Cable, USB-C EarPods, iPhone 16 Plus, iPhone Case, iPhone MagSafe Charging Dock"
T804,"65W USB-C Power Adapter, MacBook Pro M3, USB-C Charging Cable"
T805,"Screen Protector, USB-C Charging Cable, iPhone 17, iPhone MagSafe Charging Dock"
T806,"65W USB-C Power Adapter, AirPods Pro (2nd Gen), Apple Magic Mouse, External SSD 1TB, MacBook Pro M1, USB-C Charging Cable"
T807,Bose SoundLink Flex
T808,"Lightning Charging Cable, iPhone 14, iPhone Case"
T809,"USB-C Charging Cable, iPhone 15 Pro Max"
T810,"65W USB-C Power Adapter, Apple Magic Mouse, External SSD 1TB, MacBook Pro M4, USB-C Charging Cable"
T811,"AirPods Pro (2nd Gen), Belkin MagSafe Charging Stand, iPhone 16"
T812,"Apple Pencil (USB-C), Screen Protector (iPad), iPad mini 7"
T813,"65W USB-C Power Adapter, Apple Magic Mouse, MacBook Pro M2, USB-C Charging Cable"
T814,"Belkin MagSafe Charging Stand, USB-C Charging Cable, USB-C EarPods, iPhone 17 Pro"
T815,"Anker MagSafe Charging Dock, Lightning Charging Cable, Lightning EarPods, Screen Protector, iPhone 13, iPhone Case"
T816,"AirPods (3rd Gen), Belkin MagSafe Charging Stand, USB-C Charging Cable, iPhone 15 Plus, iPhone Case"
T817,"Belkin MagSafe Charging Stand, USB-C EarPods, iPhone 15 Pro"
T818,Apple Watch Series 11
T819,"Screen Protector, iPhone 14 Pro Max, iPhone MagSafe Charging Dock"
T820,"USB-C Charging Cable, USB-C EarPods, iPhone 17, iPhone Case"
T821,"AirPods (3rd Gen), Laptop Sleeve, MacBook Air M4, USB-C Charging Cable"
T822,"AirPods Pro (2nd Gen), Anker MagSafe Charging Dock, USB-C Charging Cable, iPhone 15"
T823,"AirPods (3rd Gen), iPhone 13 Pro Max"
T824,"AirPods Pro (2nd Gen), Anker MagSafe Charging Dock, USB-C Charging Cable, iPhone 15"
T825,"AirPods Pro (2nd Gen), Anker MagSafe Charging Dock, iPhone 13"
T826,"AirPods (3rd Gen), Anker MagSafe Charging Dock, iPhone 13 Pro"
T827,"Lightning EarPods, iPhone 13, iPhone Case, iPhone MagSafe Charging Dock"
T828,"Anker MagSafe Charging Dock, Screen Protector, iPhone 13 Pro"
T829,Apple Watch Ultra
T830,"AirPods (3rd Gen), Belkin MagSafe Charging Stand, Screen Protector, USB-C Charging Cable, iPhone 17, iPhone Case"
T831,"30W USB-C Power Adapter, MacBook Air M3"
T832,"30W USB-C Power Adapter, Apple Magic Mouse, MacBook Air M4"
T833,"Belkin MagSafe Charging Stand, USB-C Charging Cable, USB-C EarPods, iPhone 17, iPhone Case"
T834,"Screen Protector, iPhone 16, iPhone MagSafe Charging Dock"
T835,"USB-C Charging Cable, iPhone 15 Plus, iPhone MagSafe Charging Dock"
T836,"Belkin MagSafe Charging Stand, Lightning Charging Cable, Lightning EarPods, iPhone 13 Pro Max"
T837,MacBook Pro M4
T838,"USB-C Charging Cable, USB-C EarPods, iPhone 16 Pro, iPhone MagSafe Charging Dock"
T839,"AirPods Pro (2nd Gen), iPhone 16 Plus"
T840,"Belkin MagSafe Charging Stand, Lightning Charging Cable, Lightning EarPods, iPhone 13"
T841,"Apple Magic Keyboard, Apple Magic Mouse, Mac mini M2, USB-C Hub"
T842,"AirPods Pro (2nd Gen), Anker MagSafe Charging Dock, Screen Protector, iPhone 15 Plus"
T843,"30W USB-C Power Adapter, AirPods (3rd Gen), Apple Magic Mouse, MacBook Air M1"
T844,"USB-C Charging Cable, USB-C EarPods, iPhone 15 Pro Max, iPhone Case"
T845,"65W USB-C Power Adapter, AirPods Pro (2nd Gen), Apple Magic Mouse, MacBook Pro M3, USB-C Charging Cable"
T846,"Anker MagSafe Charging Dock, Lightning Charging Cable, Lightning EarPods, iPhone 14 Pro Max"
T847,"Lightning Charging Cable, Lightning EarPods, Screen Protector, iPhone 14 Plus, iPhone Case, iPhone MagSafe Charging Dock"
T848,"Apple Watch Charger, Apple Watch Series 8, Apple Watch Sport Band"
T849,"AirPods (3rd Gen), USB-C Charging Cable, iPhone 17 Air, iPhone MagSafe Charging Dock"
T850,"Belkin MagSafe Charging Stand, Lightning Charging Cable, Lightning EarPods, iPhone 14 Pro"
T851,"AirPods (3rd Gen), iPhone 13 Pro, iPhone MagSafe Charging Dock"
T852,MacBook Pro M2
T853,"30W USB-C Power Adapter, Laptop Sleeve, MacBook Air M4, USB-C Charging Cable"
T854,"Apple Watch Charger, Apple Watch Milanese Loop, Apple Watch Ultra 2"
T855,"Apple Watch Trail Loop, Apple Watch Ultra 2"
T856,MacBook Air M2
T857,"Apple Pencil (2nd Gen), USB-C Charging Cable, iPad Magic Keyboard, iPad Pro M4 11-inch"
T858,"30W USB-C Power Adapter, Apple Magic Mouse, MacBook Air M3, USB-C Charging Cable"
T859,"Belkin MagSafe Charging Stand, Lightning Charging Cable, iPhone 14 Pro Max"
T860,"Apple Magic Keyboard, Apple Magic Mouse, JBL Flip 6, Mac mini M2"
T861,"Screen Protector (iPad), iPad Smart Folio, iPad mini 7"
T862,"Apple Watch Charger, Apple Watch Milanese Loop, Apple Watch Ultra"
T863,"USB-C Charging Cable, iPhone 16, iPhone Case"
T864,"Screen Protector, iPhone 17 Pro, iPhone Case"
T865,"Apple Watch Series 9, Apple Watch Trail Loop"
T866,"Lightning EarPods, iPhone 13"
T867,"30W USB-C Power Adapter, Apple Magic Mouse, MacBook Air M1, USB-C Charging Cable"
T868,iPad mini 6
T869,iPhone 16 Pro Max
T870,"Apple Watch Charger, Apple Watch Series 11, Apple Watch Sport Band"
T871,"USB-C Charging Cable, USB-C EarPods, iPhone 17, iPhone MagSafe Charging Dock"
T872,"AirPods (3rd Gen), USB-C Charging Cable, iPhone 16 Plus, iPhone Case"
T873,MacBook Pro M3
T874,"Anker MagSafe Charging Dock, Lightning Charging Cable, Lightning EarPods, Screen Protector, iPhone 14 Pro Max, iPhone Case"
T875,"Apple Magic Keyboard, Apple Magic Mouse, JBL Charge 5, Mac mini M2 Pro, Studio Display"
T876,"65W USB-C Power Adapter, AirPods Pro (2nd Gen), Apple Magic Keyboard, MacBook Pro M2, USB-C Charging Cable"
T877,"65W USB-C Power Adapter, Apple Magic Mouse, MacBook Pro M1"
T878,iPhone 13 Pro Max
T879,"Apple Watch Trail Loop, Apple Watch Ultra 2"
T880,"AirPods Pro (2nd Gen), Lightning Charging Cable, iPhone 13 Pro Max, iPhone Case"
T881,"USB-C Charging Cable, USB-C EarPods, iPhone 16 Pro Max, iPhone Case"
T882,"Anker MagSafe Charging Dock, Lightning Charging Cable, Lightning EarPods, iPhone 13"
T883,iPhone 17
T884,"Lightning Charging Cable, Lightning EarPods, iPhone 14 Pro, iPhone MagSafe Charging Dock"
T885,Apple Watch Series 9
T886,"Belkin MagSafe Charging Stand, Lightning Charging Cable, Screen Protector, iPhone 13 Pro Max, iPhone Case"
T887,"Anker MagSafe Charging Dock, USB-C Charging Cable, USB-C EarPods, iPhone 16"
T888,"Belkin MagSafe Charging Stand, Lightning Charging Cable, iPhone 14 Pro"
T889,"Anker MagSafe Charging Dock, Lightning Charging Cable, Screen Protector, iPhone 13 Pro Max"
T890,Apple Watch Ultra 2
T891,Mac mini M2 Pro
T892,iPhone 16 Plus
T893,"Apple Magic Keyboard, Mac mini M4, Marshall Stanmore III"
T894,"65W USB-C Power Adapter, AirPods Pro (2nd Gen), External SSD 1TB, MacBook Pro M3, USB-C Charging Cable"
T895,"JBL Charge 5, USB-C Charging Cable"
T896,iPhone 13
T897,"65W USB-C Power Adapter, MacBook Pro M2, USB-C Charging Cable"
T898,"Anker MagSafe Charging Dock, USB-C Charging Cable, iPhone 15 Plus, iPhone Case"
T899,"AirPods Pro (2nd Gen), Belkin MagSafe Charging Stand, iPhone 16 Pro"
T900,"Apple Magic Keyboard, Apple Magic Mouse, JBL Charge 5, LG UltraFine 5K Display, Mac mini M4"
T901,"30W USB-C Power Adapter, Apple Magic Mouse, MacBook Air M4"
T902,iPhone 16 Plus
T903,"Apple Magic Keyboard, Mac mini M2 Pro"
T904,"Apple Watch Milanese Loop, Apple Watch Ultra 2"
T905,"AirPods (3rd Gen), Belkin MagSafe Charging Stand, Lightning Charging Cable, iPhone 13 mini"
T906,"65W USB-C Power Adapter, MacBook Pro M2"
T907,"30W USB-C Power Adapter, MacBook Air M4, USB-C Charging Cable"
T908,"65W USB-C Power Adapter, AirPods Pro (2nd Gen), MacBook Pro M1, USB-C Charging Cable"
T909,"Apple Watch Charger, Apple Watch Series 8, Apple Watch Solo Loop, Screen Protector (Watch)"
T910,"65W USB-C Power Adapter, Apple Magic Keyboard, External SSD 1TB, MacBook Pro M4, USB-C Charging Cable"
T911,"Apple Pencil (USB-C), Screen Protector (iPad), iPad Air M2"
T912,"Screen Protector (iPad), iPad Pro M4 13-inch"
T913,"Screen Protector, USB-C Charging Cable, USB-C EarPods, iPhone 15, iPhone Case, iPhone MagSafe Charging Dock"
T914,"USB-C Charging Cable, USB-C EarPods, iPhone 17 Pro, iPhone MagSafe Charging Dock"
T915,"30W USB-C Power Adapter, Apple Magic Mouse, Laptop Sleeve, MacBook Air M4"
T916,"AirPods (3rd Gen), iPhone 17 Pro Max"
T917,"AirPods (3rd Gen), USB-C Charging Cable, iPhone 17 Pro Max"
T918,"AirPods (3rd Gen), iPhone 14 Pro"
T919,"Apple Watch Series 9, Apple Watch Trail Loop, Screen Protector (Watch)"
T920,Mac mini M2 Pro
T921,"30W USB-C Power Adapter, Apple Magic Mouse, MacBook Air M1"
T922,iPhone 16 Pro
T923,Marshall Emberton II
T924,"Apple Magic Keyboard, Apple Magic Mouse, LG UltraFine 5K Display, Mac mini M2 Pro"
T925,MacBook Pro M3
T926,Apple Watch Series 11
T927,iPhone 17 Pro
T928,"USB-C EarPods, iPhone 17 Air"
T929,"30W USB-C Power Adapter, Apple Magic Mouse, MacBook Air M4"
T930,"Apple Watch Milanese Loop, Apple Watch Series 9"
T931,"30W USB-C Power Adapter, Laptop Sleeve, MacBook Air M1"
T932,"Marshall Emberton II, Speaker Carry Case"
T933,"iPhone 14 Pro Max, iPhone Case"
T934,"Anker MagSafe Charging Dock, Lightning Charging Cable, Lightning EarPods, Screen Protector, iPhone 13"
T935,"Lightning Charging Cable, iPhone 14 Pro"
T936,"Apple Watch Charger, Apple Watch Series 11, Apple Watch Solo Loop"
T937,"Anker MagSafe Charging Dock, Lightning Charging Cable, Screen Protector, iPhone 14 Pro"
T938,"Lightning EarPods, iPhone 14 Plus, iPhone MagSafe Charging Dock"
T939,Apple Magic Keyboard
T940,"Belkin MagSafe Charging Stand, USB-C Charging Cable, USB-C EarPods, iPhone 16"
T941,"Anker MagSafe Charging Dock, Screen Protector, USB-C Charging Cable, USB-C EarPods, iPhone 16 Pro, iPhone Case"
T942,"Apple Magic Keyboard, Apple Magic Mouse, Mac mini M2, USB-C Hub"
T943,"Belkin MagSafe Charging Stand, Screen Protector, USB-C Charging Cable, iPhone 16 Plus"
T944,"USB-C Charging Cable, iPhone 17 Air"
T945,"Apple Watch Series 9, Apple Watch Sport Band, Screen Protector (Watch)"
T946,"Screen Protector (iPad), iPad 10th Gen, iPad Smart Folio"
T947,"Apple Watch Charger, Apple Watch Series 8, Apple Watch Sport Band"
T948,"Apple Magic Keyboard, Apple Magic Mouse, Mac mini M2"
T949,"Apple Watch Charger, Apple Watch Milanese Loop, Apple Watch Ultra"
T950,"Lightning EarPods, iPhone 13 mini, iPhone MagSafe Charging Dock"
T951,Apple Watch Series 11
T952,"Apple Magic Mouse, MacBook Pro M4, USB-C Charging Cable"
T953,"Apple Watch Charger, Apple Watch Solo Loop, Apple Watch Ultra"
T954,"USB-C Charging Cable, USB-C EarPods, iPhone 17 Pro Max, iPhone Case, iPhone MagSafe Charging Dock"
T955,iPhone 15
T956,"Apple Magic Mouse, JBL Charge 5, Mac mini M2"
T957,"Anker MagSafe Charging Dock, USB-C Charging Cable, iPhone 15, iPhone Case"
T958,iPad mini 6
T959,"30W USB-C Power Adapter, Apple Magic Mouse, MacBook Air M2, USB-C Charging Cable"
T960,"USB-C Charging Cable, iPad mini 7"
T961,MacBook Air M4
T962,"Screen Protector, USB-C Charging Cable, USB-C EarPods, iPhone 15 Pro, iPhone MagSafe Charging Dock"
T963,"Apple Magic Keyboard, Mac mini M2"
T964,iPad mini 7
T965,"AirPods (3rd Gen), Anker MagSafe Charging Dock, iPhone 17 Air"
T966,MacBook Air M1
T967,"Apple Magic Mouse, USB-C Charging Cable"
T968,"65W USB-C Power Adapter, Apple Magic Keyboard, Apple Magic Mouse, MacBook Pro M1, USB-C Charging Cable"
T969,Mac mini M4
T970,"30W USB-C Power Adapter, Apple Magic Mouse, Laptop Sleeve, MacBook Air M1"
T971,"iPhone 17, iPhone Case, iPhone MagSafe Charging Dock"
T972,"Lightning Charging Cable, iPhone 14 Plus, iPhone Case"
T973,"Lightning Charging Cable, Lightning EarPods, Screen Protector, iPhone 14 Pro, iPhone MagSafe Charging Dock"
T974,"65W USB-C Power Adapter, External SSD 1TB, MacBook Pro M3, USB-C Charging Cable"
T975,"USB-C Charging Cable, USB-C EarPods, iPhone 16, iPhone MagSafe Charging Dock"
T976,Apple Watch Series 10
T977,"65W USB-C Power Adapter, Apple Magic Mouse, External SSD 1TB, MacBook Pro M2"
T978,"Apple Watch Series 11, Apple Watch Solo Loop, Screen Protector (Watch)"
T979,"30W USB-C Power Adapter, Apple Magic Mouse, MacBook Air M2, USB-C Charging Cable"
T980,"30W USB-C Power Adapter, Laptop Sleeve, MacBook Air M1, USB-C Charging Cable"
T981,"Anker MagSafe Charging Dock, Screen Protector, USB-C Charging Cable, iPhone 16 Plus"
T982,"Lightning Charging Cable, Lightning EarPods, iPhone 13, iPhone MagSafe Charging Dock"
T983,"30W USB-C Power Adapter, MacBook Air M1, USB-C Charging Cable"
T984,"Anker MagSafe Charging Dock, Screen Protector, USB-C Charging Cable, USB-C EarPods, iPhone 17 Pro, iPhone Case"
T985,"30W USB-C Power Adapter, Apple Magic Mouse, MacBook Air M2, USB-C Charging Cable"
T986,"65W USB-C Power Adapter, MacBook Pro M2, USB-C Charging Cable"
T987,Apple Magic Mouse
T988,"Apple Watch Charger, Apple Watch Series 11, Apple Watch Sport Band"
T989,"USB-C Charging Cable, iPhone 15"
T990,"Apple Watch Sport Band, Apple Watch Ultra"
T991,"USB-C Charging Cable, USB-C EarPods, iPhone 15, iPhone MagSafe Charging Dock"
T992,"Apple Watch Charger, Apple Watch Milanese Loop, Apple Watch Ultra"
T993,"Anker MagSafe Charging Dock, Lightning Charging Cable, Screen Protector, iPhone 13 mini"
T994,MacBook Air M2
T995,"Apple Watch Charger, Apple Watch Milanese Loop, Apple Watch Ultra"
T996,"Belkin MagSafe Charging Stand, iPhone 13"
T997,"Screen Protector (iPad), iPad 10th Gen"
T998,MacBook Air M4
T999,"Belkin MagSafe Charging Stand, Screen Protector, USB-C Charging Cable, USB-C EarPods, iPhone 16 Plus"
T1000,Mac mini M2
T1001,"USB-C Charging Cable, USB-C EarPods, iPhone 16 Pro"
T1002,"AirPods Pro (2nd Gen), Lightning Charging Cable, Screen Protector, iPhone 13"
T1003,Marshall Stanmore III
T1004,"Apple Pencil (USB-C), iPad Smart Folio, iPad mini 7"
T1005,"Screen Protector, USB-C Charging Cable, USB-C EarPods, iPhone 16 Pro Max, iPhone Case, iPhone MagSafe Charging Dock"
T1006,"USB-C Charging Cable, USB-C EarPods, iPhone 16 Plus, iPhone MagSafe Charging Dock"
T1007,"Apple Watch Sport Band, Apple Watch Ultra 2"
T1008,"Anker MagSafe Charging Dock, Lightning Charging Cable, Screen Protector, iPhone 13 Pro"
T1009,"MacBook Pro M2, USB-C Charging Cable"
T1010,"Screen Protector, iPhone 15, iPhone Case"
T1011,iPad Pro M4 13-inch
T1012,"Lightning Charging Cable, Lightning EarPods, iPhone 14"
T1013,"Belkin MagSafe Charging Stand, Lightning Charging Cable, Lightning EarPods, iPhone 14 Pro Max"
T1014,"USB-C Charging Cable, USB-C EarPods, iPhone 17 Pro, iPhone Case"
T1015,"30W USB-C Power Adapter, MacBook Air M1, USB-C Charging Cable"
T1016,"Belkin MagSafe Charging Stand, USB-C EarPods, iPhone 17 Air"
T1017,"Belkin MagSafe Charging Stand, Screen Protector, USB-C Charging Cable, iPhone 16 Plus"
T1018,"Lightning EarPods, iPhone 13 Pro, iPhone MagSafe Charging Dock"
T1019,"AirPods Pro (2nd Gen), Anker MagSafe Charging Dock, iPhone 16 Plus, iPhone Case"
T1020,"AirPods Pro (2nd Gen), Lightning Charging Cable, iPhone 14 Plus, iPhone MagSafe Charging Dock"
T1021,"Apple Watch Charger, Apple Watch Series 11, Apple Watch Solo Loop"
T1022,"Apple Watch Charger, Apple Watch Series 11, Apple Watch Sport Band"
T1023,iPad mini 7
T1024,"Apple Pencil (USB-C), USB-C Charging Cable, iPad Smart Folio, iPad mini 7"
T1025,"Belkin MagSafe Charging Stand, Lightning Charging Cable, Lightning EarPods, Screen Protector, iPhone 14 Pro Max"
T1026,Mac mini M2
T1027,"AirPods (3rd Gen), iPhone 15 Plus"
T1028,"Apple Watch Charger, Apple Watch Series 10"
T1029,iPhone 16
T1030,"Apple Watch Charger, Apple Watch Series 9, Apple Watch Solo Loop"
T1031,"Apple Watch Charger, Apple Watch Milanese Loop, Apple Watch Ultra 2"
T1032,"Mac mini M2, Studio Display"
T1033,"Marshall Stanmore III, Speaker Carry Case"
T1034,"65W USB-C Power Adapter, Apple Magic Mouse, External SSD 1TB, MacBook Pro M1, USB-C Charging Cable"
T1035,"Screen Protector, iPhone 16 Pro, iPhone Case"
T1036,"AirPods Pro (2nd Gen), Belkin MagSafe Charging Stand, USB-C Charging Cable, iPhone 15 Plus"
T1037,"Apple Watch Trail Loop, Apple Watch Ultra"
T1038,"65W USB-C Power Adapter, Apple Magic Keyboard, Apple Magic Mouse, MacBook Pro M2, USB-C Charging Cable"
T1039,"AirPods Pro (2nd Gen), Anker MagSafe Charging Dock, Screen Protector, USB-C Charging Cable, iPhone 16 Pro, iPhone Case"
T1040,iPhone 16 Plus
T1041,MacBook Air M4
T1042,"Apple Pencil (2nd Gen), Screen Protector (iPad), USB-C Charging Cable, iPad Pro M4 13-inch"
T1043,"Anker MagSafe Charging Dock, USB-C Charging Cable, USB-C EarPods, iPhone 15"
T1044,"Screen Protector, USB-C Charging Cable, iPhone 15, iPhone Case"
T1045,"MacBook Air M2, USB-C Charging Cable"
T1046,"Apple Magic Keyboard, Apple Magic Mouse, Mac mini M2"
T1047,"Apple Pencil (USB-C), Screen Protector (iPad), USB-C Charging Cable, iPad Smart Folio, iPad mini 7"
T1048,"Belkin MagSafe Charging Stand, USB-C Charging Cable, iPhone 16 Plus, iPhone Case"
T1049,"Lightning Charging Cable, Lightning EarPods, iPhone 14 Pro"
T1050,Marshall Emberton II
T1051,"AirPods Pro (2nd Gen), Belkin MagSafe Charging Stand, iPhone 15 Plus"
T1052,Apple Magic Mouse
T1053,"Belkin MagSafe Charging Stand, USB-C Charging Cable, USB-C EarPods, iPhone 16 Plus"
T1054,"USB-C EarPods, iPhone 17 Pro Max"
T1055,"Apple Watch Charger, Apple Watch Sport Band, Apple Watch Ultra"
T1056,"Apple Pencil (USB-C), Screen Protector (iPad), USB-C Charging Cable, iPad Air M2, iPad Smart Folio"
T1057,"AirPods Pro (2nd Gen), Screen Protector, USB-C Charging Cable, iPhone 16 Pro"
T1058,iPad Pro M4 11-inch
T1059,"Apple Magic Keyboard, Apple Magic Mouse, JBL Flip 6, LG UltraFine 5K Display, Mac mini M2"
T1060,"AirPods (3rd Gen), MacBook Air M4"
T1061,"AirPods (3rd Gen), Anker MagSafe Charging Dock, USB-C Charging Cable, iPhone 15 Pro"
T1062,"Apple Magic Mouse, MacBook Air M2, USB-C Charging Cable"
T1063,"AirPods Pro (2nd Gen), Screen Protector, USB-C Charging Cable, iPhone 17 Air, iPhone MagSafe Charging Dock"
T1064,"Screen Protector, iPhone 14 Pro"
T1065,MacBook Pro M1
T1066,"Apple Pencil (USB-C), Screen Protector (iPad), USB-C Charging Cable, iPad Air M2, iPad Smart Folio"
T1067,"USB-C Charging Cable, USB-C EarPods, iPhone 16 Plus, iPhone Case"
T1068,"AirPods Pro (2nd Gen), MacBook Pro M1"
T1069,"Apple Magic Keyboard, Apple Magic Mouse, Mac mini M2, Marshall Stanmore III"
T1070,"Lightning Charging Cable, Lightning EarPods, Screen Protector, iPhone 14, iPhone Case, iPhone MagSafe Charging Dock"
T1071,"Apple Watch Series 11, Apple Watch Trail Loop"
T1072,"Belkin MagSafe Charging Stand, iPhone 15"
T1073,iPhone 15
T1074,"AirPods Pro (2nd Gen), Anker MagSafe Charging Dock, Lightning Charging Cable, iPhone 13 mini, iPhone Case"
T1075,"Lightning Charging Cable, Lightning EarPods, iPhone 14 Pro Max, iPhone Case, iPhone MagSafe Charging Dock"
T1076,"Screen Protector, USB-C Charging Cable, USB-C EarPods, iPhone 17 Pro"
T1077,MacBook Pro M1
T1078,"30W USB-C Power Adapter, Apple Magic Mouse, MacBook Air M3, USB-C Charging Cable"
T1079,"AirPods Pro (2nd Gen), USB-C Charging Cable, iPhone 17 Pro"
T1080,"Screen Protector, USB-C Charging Cable, USB-C EarPods, iPhone 16 Pro Max, iPhone Case"
T1081,"30W USB-C Power Adapter, Laptop Sleeve, MacBook Air M3, USB-C Charging Cable"
T1082,"MacBook Air M1, USB-C Charging Cable"
T1083,"Screen Protector, iPhone 15 Pro Max, iPhone Case"
T1084,"Belkin MagSafe Charging Stand, USB-C Charging Cable, USB-C EarPods, iPhone 17 Pro Max, iPhone Case"
T1085,"Screen Protector (iPad), USB-C Charging Cable, iPad Pro M4 13-inch"
T1086,"30W USB-C Power Adapter, AirPods (3rd Gen), Apple Magic Mouse, MacBook Air M4, USB-C Charging Cable"
T1087,"Apple Watch Charger, Apple Watch Solo Loop, Apple Watch Ultra 2"
T1088,"Apple Watch Charger, Apple Watch Series 11, Apple Watch Trail Loop"
T1089,"65W USB-C Power Adapter, Apple Magic Keyboard, External SSD 1TB, MacBook Pro M3, USB-C Charging Cable"
T1090,"65W USB-C Power Adapter, Apple Magic Keyboard, Apple Magic Mouse, MacBook Pro M2, USB-C Charging Cable"
T1091,"Anker MagSafe Charging Dock, Lightning Charging Cable, Lightning EarPods, iPhone 13 Pro Max"
T1092,"USB-C Charging Cable, USB-C EarPods, iPhone 17 Air, iPhone Case, iPhone MagSafe Charging Dock"
T1093,"USB-C Charging Cable, USB-C EarPods, iPhone 16, iPhone Case"
T1094,"Anker MagSafe Charging Dock, Lightning Charging Cable, Screen Protector, iPhone 13 mini"
T1095,"Anker MagSafe Charging Dock, Screen Protector, USB-C Charging Cable, USB-C EarPods, iPhone 17 Pro Max"
T1096,iPad Pro M4 11-inch
T1097,"Apple Magic Keyboard, Apple Magic Mouse, Mac mini M4, Marshall Stanmore III"
T1098,"USB-C Charging Cable, USB-C EarPods, iPhone 16 Pro"
T1099,Apple Watch Series 8
T1100,iPhone 13
T1101,"Screen Protector (iPad), iPad Magic Keyboard, iPad Pro M4 11-inch"
T1102,"Belkin MagSafe Charging Stand, Lightning Charging Cable, Lightning EarPods, iPhone 13"
T1103,iPhone 17
T1104,"65W USB-C Power Adapter, Apple Magic Mouse, MacBook Pro M4"
T1105,"Apple Watch Series 11, Apple Watch Solo Loop"
T1106,"AirPods (3rd Gen), Belkin MagSafe Charging Stand, USB-C Charging Cable, iPhone 15"
T1107,"AirPods Pro (2nd Gen), Lightning Charging Cable, iPhone 13"
T1108,"Apple Pencil (USB-C), Screen Protector (iPad), iPad 10th Gen, iPad Smart Folio"
T1109,"USB-C Charging Cable, iPhone 15 Pro Max"
T1110,"65W USB-C Power Adapter, AirPods Pro (2nd Gen), MacBook Pro M3"
T1111,"AirPods Pro (2nd Gen), Belkin MagSafe Charging Stand, iPhone 16, iPhone Case"
T1112,"USB-C Charging Cable, iPad Air M2, iPad Smart Folio"
T1113,"AirPods Pro (2nd Gen), Anker MagSafe Charging Dock, USB-C Charging Cable, iPhone 17 Pro"
T1114,"Apple Watch Charger, Apple Watch Series 10, Apple Watch Trail Loop"
T1115,"Apple Magic Keyboard, Mac mini M2"
T1116,"iPhone 17 Pro Max, iPhone Case"
T1117,"Apple Watch Charger, Apple Watch Ultra"
T1118,"AirPods (3rd Gen), USB-C Charging Cable, iPhone 17 Pro Max"
T1119,"Apple Watch Solo Loop, Apple Watch Ultra, Screen Protector (Watch)"
T1120,MacBook Air M3
T1121,"Anker MagSafe Charging Dock, Lightning Charging Cable, Screen Protector, iPhone 13 Pro Max"
T1122,"Lightning Charging Cable, iPhone 14 Plus"
T1123,"Lightning Charging Cable, Lightning EarPods, Screen Protector, iPhone 14 Pro Max, iPhone Case, iPhone MagSafe Charging Dock"
T1124,"Belkin MagSafe Charging Stand, iPhone 15, iPhone Case"
T1125,"AirPods Pro (2nd Gen), Belkin MagSafe Charging Stand, USB-C Charging Cable, iPhone 17 Pro"
T1126,"Apple Watch Charger, Apple Watch Series 10"
T1127,"Belkin MagSafe Charging Stand, USB-C Charging Cable, USB-C EarPods, iPhone 17"
T1128,"Belkin MagSafe Charging Stand, Screen Protector, iPhone 15 Plus"
T1129,MacBook Pro M3
T1130,"Apple Pencil (USB-C), USB-C Charging Cable, iPad Air M2"
T1131,iPhone 14 Pro Max
T1132,"Apple Watch Milanese Loop, Apple Watch Series 11"
T1133,"Apple Watch Series 11, Screen Protector (Watch)"
T1134,iPhone 15 Plus
T1135,"Lightning Charging Cable, Lightning EarPods, iPhone 14, iPhone Case, iPhone MagSafe Charging Dock"
T1136,MacBook Air M2
T1137,"Anker MagSafe Charging Dock, Screen Protector, USB-C Charging Cable, iPhone 16 Plus, iPhone Case"
T1138,"MacBook Air M2, USB-C Charging Cable"
T1139,"USB-C Charging Cable, USB-C EarPods, iPhone 15 Plus, iPhone Case, iPhone MagSafe Charging Dock"
T1140,"Apple Magic Mouse, Mac mini M4, Marshall Emberton II, Studio Display, USB-C Hub"
T1141,"Apple Watch Series 9, Apple Watch Solo Loop"
T1142,"Apple Pencil (USB-C), iPad Air M2"
T1143,iPad Pro M4 11-inch
T1144,"65W USB-C Power Adapter, Apple Magic Keyboard, MacBook Pro M3, USB-C Charging Cable"
T1145,"Apple Pencil (USB-C), iPad Air M2, iPad Smart Folio"
T1146,"USB-C Charging Cable, iPad Smart Folio, iPad mini 7"
T1147,"AirPods Pro (2nd Gen), Anker MagSafe Charging Dock, USB-C Charging Cable, iPhone 16 Plus, iPhone Case"
T1148,"iPhone 13, iPhone Case, iPhone MagSafe Charging Dock"
T1149,"Belkin MagSafe Charging Stand, Lightning Charging Cable, Lightning EarPods, iPhone 14, iPhone Case"
T1150,"30W USB-C Power Adapter, Apple Magic Mouse, MacBook Air M1"
T1151,"Screen Protector (iPad), iPad Pro M4 13-inch"
T1152,"30W USB-C Power Adapter, MacBook Air M1"
T1153,"Screen Protector, USB-C Charging Cable, USB-C EarPods, iPhone 17, iPhone MagSafe Charging Dock"
T1154,iPhone 16 Pro
T1155,iPad Pro M4 13-inch
T1156,"Anker MagSafe Charging Dock, USB-C Charging Cable, USB-C EarPods, iPhone 16 Plus, iPhone Case"
T1157,"Apple Magic Keyboard, Mac mini M2 Pro"
T1158,iPad mini 7
T1159,"AirPods Pro (2nd Gen), Belkin MagSafe Charging Stand, iPhone 17 Air"
T1160,"Lightning EarPods, iPhone 13"
T1161,"AirPods (3rd Gen), MacBook Air M3"
T1162,"Belkin MagSafe Charging Stand, Lightning Charging Cable, iPhone 14 Plus"
T1163,"AirPods Pro (2nd Gen), Lightning Charging Cable, Screen Protector, iPhone 13 Pro"
T1164,"Lightning Charging Cable, Lightning EarPods, iPhone 14 Plus, iPhone Case"
T1165,"AirPods Pro (2nd Gen), Anker MagSafe Charging Dock, iPhone 17 Air"
T1166,"Belkin MagSafe Charging Stand, Lightning Charging Cable, Lightning EarPods, iPhone 14 Pro Max, iPhone Case"
T1167,"Apple Watch Charger, Apple Watch Series 8"
T1168,"Anker MagSafe Charging Dock, USB-C EarPods, iPhone 16 Plus"
T1169,"MacBook Air M2, USB-C Charging Cable"
T1170,"USB-C Charging Cable, iPhone 17 Pro, iPhone MagSafe Charging Dock"
T1171,AirPods (3rd Gen)
T1172,"USB-C Charging Cable, USB-C EarPods, iPhone 17, iPhone Case, iPhone MagSafe Charging Dock"
T1173,"USB-C EarPods, iPhone 15 Pro Max, iPhone MagSafe Charging Dock"
T1174,"USB-C Charging Cable, iPhone 17, iPhone Case"
T1175,"Apple Magic Keyboard, Apple Magic Mouse, Mac mini M2"
T1176,"Belkin MagSafe Charging Stand, Screen Protector, USB-C Charging Cable, iPhone 16 Plus, iPhone Case"
T1177,iPhone 16 Plus
T1178,"Lightning Charging Cable, Lightning EarPods, iPhone 13 Pro, iPhone Case, iPhone MagSafe Charging Dock"
T1179,"AirPods (3rd Gen), Belkin MagSafe Charging Stand, USB-C Charging Cable, iPhone 15 Pro"
T1180,"65W USB-C Power Adapter, Apple Magic Keyboard, Apple Magic Mouse, MacBook Pro M4, USB-C Charging Cable"
T1181,"Anker MagSafe Charging Dock, Lightning Charging Cable, Lightning EarPods, iPhone 13, iPhone Case"
T1182,"Apple Pencil (USB-C), iPad Air M2, iPad Smart Folio"
T1183,iPad Pro M4 13-inch
T1184,"Apple Magic Keyboard, Apple Magic Mouse, Bose SoundLink Flex, Mac mini M4"
T1185,"Belkin MagSafe Charging Stand, USB-C Charging Cable, iPhone 16 Pro Max"
T1186,iPhone 14 Pro
T1187,iPhone 13
T1188,Apple Watch Series 8
T1189,"Lightning EarPods, iPhone 13 Pro Max, iPhone Case"
T1190,"Apple Watch Charger, Apple Watch Sport Band, Apple Watch Ultra 2"
T1191,"Apple Magic Mouse, Mac mini M4"
T1192,"65W USB-C Power Adapter, Apple Magic Mouse, MacBook Pro M2, USB-C Charging Cable"
T1193,"Screen Protector (iPad), USB-C Charging Cable, iPad mini 6"
T1194,"Lightning Charging Cable, Lightning EarPods, iPhone 14 Plus, iPhone MagSafe Charging Dock"
T1195,"USB-C Charging Cable, USB-C EarPods, iPhone 15 Plus"
T1196,"AirPods (3rd Gen), USB-C Charging Cable, iPhone 15 Plus"
T1197,"AirPods (3rd Gen), Screen Protector, iPhone 14, iPhone Case"
T1198,"Belkin MagSafe Charging Stand, USB-C Charging Cable, USB-C EarPods, iPhone 17 Air"
T1199,Apple Watch Series 10
T1200,"Anker MagSafe Charging Dock, Lightning Charging Cable, iPhone 13 Pro Max, iPhone Case"
T1201,"Anker MagSafe Charging Dock, USB-C Charging Cable, USB-C EarPods, iPhone 15 Pro Max"
T1202,"Apple Watch Charger, Apple Watch Series 10"
T1203,Mac mini M2
T1204,"Lightning Charging Cable, Lightning EarPods, iPhone 14 Pro Max"
T1205,"Apple Watch Charger, Apple Watch Series 10, Apple Watch Sport Band"
T1206,"AirPods Pro (2nd Gen), USB-C Charging Cable, iPhone 17 Air"
T1207,"30W USB-C Power Adapter, MacBook Air M3, USB-C Charging Cable"
T1208,"AirPods (3rd Gen), Anker MagSafe Charging Dock, USB-C Charging Cable, iPhone 16 Plus"
T1209,"Apple Watch Sport Band, Apple Watch Ultra 2, Screen Protector (Watch)"
T1210,"Anker MagSafe Charging Dock, USB-C Charging Cable, USB-C EarPods, iPhone 16 Pro Max, iPhone Case"
T1211,"Apple Magic Keyboard, Apple Magic Mouse, Mac mini M4"
T1212,iPhone 16 Pro Max
T1213,"Apple Watch Charger, Apple Watch Trail Loop, Apple Watch Ultra"
T1214,Apple Watch Ultra
T1215,"AirPods (3rd Gen), Anker MagSafe Charging Dock, Screen Protector, USB-C Charging Cable, iPhone 17"
T1216,"65W USB-C Power Adapter, MacBook Pro M4, USB-C Charging Cable"
T1217,"30W USB-C Power Adapter, Apple Magic Mouse, MacBook Air M2, USB-C Charging Cable"
T1218,"AirPods (3rd Gen), iPhone 16 Pro"
T1219,iPhone 16 Pro Max
T1220,"30W USB-C Power Adapter, AirPods (3rd Gen), Apple Magic Mouse, Laptop Sleeve, MacBook Air M3"
T1221,"Apple Magic Keyboard, Apple Magic Mouse, Mac mini M2 Pro"
T1222,"USB-C Charging Cable, USB-C EarPods, iPhone 17 Pro, iPhone Case, iPhone MagSafe Charging Dock"
T1223,"AirPods Pro (2nd Gen), Anker MagSafe Charging Dock, Screen Protector, iPhone 17 Pro, iPhone Case"
T1224,Mac mini M4
T1225,"Apple Pencil (2nd Gen), Screen Protector (iPad), USB-C Charging Cable, iPad Pro M4 13-inch"
T1226,"Anker MagSafe Charging Dock, USB-C Charging Cable, USB-C EarPods, iPhone 16"
T1227,Mac mini M2 Pro
T1228,"Apple Magic Keyboard, Apple Magic Mouse, LG UltraFine 5K Display, Mac mini M4, USB-C Hub"
T1229,JBL Charge 5
T1230,"Lightning Charging Cable, Lightning EarPods, iPhone 13, iPhone Case, iPhone MagSafe Charging Dock"
T1231,"Apple Magic Keyboard, Apple Magic Mouse, JBL Charge 5, Mac mini M4"
T1232,MacBook Pro M1
T1233,"Apple Watch Series 8, Apple Watch Sport Band"
T1234,"Lightning EarPods, Screen Protector, iPhone 14, iPhone Case, iPhone MagSafe Charging Dock"
T1235,"JBL Charge 5, USB-C Charging Cable"
T1236,Apple Watch Series 10
T1237,"Apple Magic Keyboard, Apple Magic Mouse, Bose SoundLink Flex, Mac mini M2 Pro, Studio Display, USB-C Hub"
T1238,"AirPods (3rd Gen), Screen Protector, USB-C Charging Cable, iPhone 17 Pro Max, iPhone MagSafe Charging Dock"
T1239,"Screen Protector (iPad), USB-C Charging Cable, iPad 10th Gen, iPad Smart Folio"
T1240,"AirPods (3rd Gen), iPhone 17 Pro"
T1241,"Lightning Charging Cable, Lightning EarPods, Screen Protector, iPhone 14 Pro, iPhone Case"
T1242,"Lightning Charging Cable, Lightning EarPods, iPhone 14 Pro, iPhone Case"
T1243,"Screen Protector, USB-C Charging Cable, iPhone 17"
T1244,Apple Magic Keyboard
T1245,"USB-C Charging Cable, iPad Magic Keyboard, iPad Pro M4 11-inch"
T1246,"AirPods (3rd Gen), Belkin MagSafe Charging Stand, Lightning Charging Cable, iPhone 14 Pro"
T1247,Apple Watch Series 8
T1248,"AirPods Pro (2nd Gen), Belkin MagSafe Charging Stand, USB-C Charging Cable, iPhone 15 Pro"
T1249,"30W USB-C Power Adapter, Apple Magic Mouse, MacBook Air M4, USB-C Charging Cable"
T1250,"Lightning EarPods, iPhone 13 mini"
T1251,"Screen Protector, iPhone 17"
T1252,"Apple Pencil (USB-C), iPad 10th Gen"
T1253,iPhone 13
T1254,"Belkin MagSafe Charging Stand, Screen Protector, USB-C Charging Cable, USB-C EarPods, iPhone 17 Air"
T1255,"Anker MagSafe Charging Dock, USB-C EarPods, iPhone 16 Pro"
T1256,"Anker MagSafe Charging Dock, Screen Protector, USB-C Charging Cable, USB-C EarPods, iPhone 16 Plus"
T1257,"Apple Watch Milanese Loop, Apple Watch Series 10"
T1258,"Apple Magic Keyboard, Apple Magic Mouse, JBL Charge 5, LG UltraFine 5K Display, Mac mini M4"
T1259,"Belkin MagSafe Charging Stand, USB-C Charging Cable, iPhone 15 Plus, iPhone Case"
T1260,"AirPods (3rd Gen), Belkin MagSafe Charging Stand, Lightning Charging Cable, iPhone 13 Pro, iPhone Case"
T1261,"USB-C Charging Cable, USB-C EarPods, iPhone 16"
T1262,"Anker MagSafe Charging Dock, USB-C Charging Cable, iPhone 16 Pro Max"
T1263,Apple Watch Series 9
T1264,"Screen Protector (iPad), USB-C Charging Cable, iPad Smart Folio, iPad mini 7"
T1265,MacBook Air M3
T1266,"Belkin MagSafe Charging Stand, Lightning Charging Cable, iPhone 13"
T1267,"30W USB-C Power Adapter, Apple Magic Mouse, MacBook Air M2, USB-C Charging Cable"
T1268,iPad mini 7
T1269,MacBook Pro M1
T1270,"Bose SoundLink Flex, USB-C Charging Cable"
T1271,"Apple Magic Keyboard, Mac mini M2"
T1272,"Apple Pencil (2nd Gen), Screen Protector (iPad), iPad Magic Keyboard, iPad Pro M4 11-inch"
T1273,"Anker MagSafe Charging Dock, Screen Protector, USB-C Charging Cable, USB-C EarPods, iPhone 17, iPhone Case"
T1274,Apple Watch Series 10
T1275,"AirPods Pro (2nd Gen), USB-C Charging Cable, iPhone 15 Pro, iPhone MagSafe Charging Dock"
T1276,"Apple Magic Keyboard, Apple Magic Mouse, Mac mini M2"
T1277,"Apple Watch Charger, Apple Watch Trail Loop, Apple Watch Ultra 2"
T1278,"30W USB-C Power Adapter, MacBook Air M3"
T1279,"30W USB-C Power Adapter, Apple Magic Mouse, MacBook Air M2, USB-C Charging Cable"
T1280,"Apple Watch Charger, Apple Watch Series 9"
T1281,"Lightning Charging Cable, Lightning EarPods, iPhone 14 Pro"
T1282,"Lightning Charging Cable, iPhone 14 Pro"
T1283,"MacBook Air M2, USB-C Charging Cable"
T1284,"USB-C Charging Cable, USB-C EarPods, iPhone 15 Plus, iPhone MagSafe Charging Dock"
T1285,Apple Magic Keyboard
T1286,"Lightning Charging Cable, Lightning EarPods, Screen Protector, iPhone 14 Pro Max, iPhone MagSafe Charging Dock"
T1287,"AirPods Pro (2nd Gen), Anker MagSafe Charging Dock, USB-C Charging Cable, iPhone 16 Pro Max"
T1288,"Lightning EarPods, Screen Protector, iPhone 14 Pro Max, iPhone Case, iPhone MagSafe Charging Dock"
T1289,"External SSD 1TB, MacBook Pro M4"
T1290,"Apple Magic Mouse, Mac mini M2, Studio Display"
T1291,"AirPods (3rd Gen), Screen Protector, USB-C Charging Cable, iPhone 16 Plus"
T1292,"iPad Smart Folio, iPad mini 7"
T1293,"Lightning Charging Cable, iPhone 13 Pro Max, iPhone MagSafe Charging Dock"
T1294,"Screen Protector, USB-C Charging Cable, iPhone 16 Pro Max, iPhone MagSafe Charging Dock"
T1295,"USB-C Charging Cable, iPhone 16 Pro, iPhone Case"
T1296,"Anker MagSafe Charging Dock, USB-C EarPods, iPhone 15 Pro Max"
T1297,"Apple Watch Charger, Apple Watch Solo Loop, Apple Watch Ultra 2"
T1298,"Anker MagSafe Charging Dock, Lightning Charging Cable, Lightning EarPods, iPhone 14 Pro"
T1299,"30W USB-C Power Adapter, MacBook Air M3, USB-C Charging Cable"
T1300,"65W USB-C Power Adapter, Apple Magic Mouse, MacBook Pro M4"
T1301,"Anker MagSafe Charging Dock, Lightning Charging Cable, iPhone 13 Pro Max"
T1302,"Belkin MagSafe Charging Stand, Lightning Charging Cable, Lightning EarPods, iPhone 14 Pro, iPhone Case"
T1303,"Apple Watch Charger, Apple Watch Series 8, Apple Watch Sport Band"
T1304,"Lightning Charging Cable, Lightning EarPods, Screen Protector, iPhone 14 Pro Max, iPhone MagSafe Charging Dock"
T1305,"Apple Pencil (USB-C), Screen Protector (iPad), USB-C Charging Cable, iPad 10th Gen"
T1306,"Apple Watch Series 11, Apple Watch Trail Loop, Screen Protector (Watch)"
T1307,iPhone 16 Pro Max
T1308,iPhone 13 Pro Max
T1309,"Apple Watch Charger, Apple Watch Milanese Loop, Apple Watch Ultra"
T1310,Bose SoundLink Flex
T1311,"30W USB-C Power Adapter, AirPods (3rd Gen), Laptop Sleeve, MacBook Air M3, USB-C Charging Cable"
T1312,"30W USB-C Power Adapter, Apple Magic Mouse, MacBook Air M2, USB-C Charging Cable"
T1313,MacBook Air M1
T1314,"USB-C Charging Cable, iPhone 17 Pro Max, iPhone MagSafe Charging Dock"
T1315,"AirPods Pro (2nd Gen), Belkin MagSafe Charging Stand, iPhone 17, iPhone Case"
T1316,iPhone 15 Plus
T1317,"Apple Magic Keyboard, Mac mini M2, USB-C Hub"
T1318,"USB-C Charging Cable, USB-C EarPods, iPhone 15"
T1319,"30W USB-C Power Adapter, Apple Magic Mouse, MacBook Air M3, USB-C Charging Cable"
T1320,Marshall Emberton II
T1321,Apple Watch Series 9
T1322,"Belkin MagSafe Charging Stand, USB-C Charging Cable, iPhone 17 Air, iPhone Case"
T1323,iPad Air M2
T1324,"65W USB-C Power Adapter, MacBook Pro M3, USB-C Charging Cable"
T1325,"USB-C Charging Cable, USB-C EarPods, iPhone 16 Pro, iPhone Case"
T1326,"Lightning Charging Cable, Lightning EarPods, iPhone 13, iPhone Case, iPhone MagSafe Charging Dock"
T1327,MacBook Air M4
T1328,iPhone 13 Pro
T1329,"Apple Magic Keyboard, Apple Magic Mouse, LG UltraFine 5K Display, Mac mini M4"
T1330,"USB-C Charging Cable, iPhone 15 Pro, iPhone MagSafe Charging Dock"
T1331,"USB-C Charging Cable, USB-C EarPods, iPhone 15 Plus, iPhone Case, iPhone MagSafe Charging Dock"
T1332,"Apple Watch Charger, Apple Watch Trail Loop, Apple Watch Ultra"
T1333,"Apple Magic Keyboard, Mac mini M4, Marshall Stanmore III, USB-C Hub"
T1334,"Apple Magic Keyboard, Apple Magic Mouse, Mac mini M2"
T1335,"AirPods Pro (2nd Gen), Lightning Charging Cable, iPhone 14 Plus"
T1336,"Apple Magic Mouse, JBL Charge 5, Mac mini M2"
T1337,"USB-C Charging Cable, iPad Smart Folio, iPad mini 6"
T1338,iPhone 14 Pro
T1339,MacBook Air M1
T1340,"iPhone 15 Plus, iPhone Case, iPhone MagSafe Charging Dock"
T1341,"65W USB-C Power Adapter, AirPods Pro (2nd Gen), Apple Magic Mouse, External SSD 1TB, MacBook Pro M3"
T1342,"AirPods Pro (2nd Gen), Screen Protector, iPhone 16 Pro Max, iPhone MagSafe Charging Dock"
T1343,"Apple Magic Mouse, Mac mini M2, Marshall Stanmore III, Studio Display, USB-C Hub"
T1344,"Anker MagSafe Charging Dock, iPhone 15, iPhone Case"
T1345,iPhone 16
T1346,AirPods Pro (2nd Gen)
T1347,"30W USB-C Power Adapter, AirPods (3rd Gen), MacBook Air M1, USB-C Charging Cable"
T1348,MacBook Pro M4
T1349,"Apple Watch Charger, Apple Watch Sport Band, Apple Watch Ultra 2"
T1350,"Belkin MagSafe Charging Stand, USB-C Charging Cable, iPhone 15 Plus, iPhone Case"
T1351,"65W USB-C Power Adapter, AirPods Pro (2nd Gen), MacBook Pro M1"
T1352,"Apple Pencil (USB-C), iPad Air M2, iPad Smart Folio"
T1353,"65W USB-C Power Adapter, External SSD 1TB, MacBook Pro M4, USB-C Charging Cable"
T1354,"Apple Magic Keyboard, LG UltraFine 5K Display, Mac mini M2 Pro, USB-C Hub"
T1355,"Apple Watch Charger, Apple Watch Series 10, Apple Watch Sport Band, Screen Protector (Watch)"
T1356,"USB-C EarPods, iPhone 16 Pro, iPhone MagSafe Charging Dock"
T1357,AirPods (3rd Gen)
T1358,"Apple Pencil (USB-C), Screen Protector (iPad), USB-C Charging Cable, iPad mini 6"
T1359,"USB-C Charging Cable, USB-C EarPods, iPhone 17 Pro Max, iPhone MagSafe Charging Dock"
T1360,"Lightning Charging Cable, Screen Protector, iPhone 14 Plus, iPhone MagSafe Charging Dock"
T1361,"65W USB-C Power Adapter, MacBook Pro M3"
T1362,iPhone 15 Plus
T1363,"AirPods (3rd Gen), iPhone 14, iPhone Case"
T1364,"USB-C EarPods, iPhone 15 Pro Max, iPhone MagSafe Charging Dock"
T1365,"AirPods Pro (2nd Gen), Anker MagSafe Charging Dock, Lightning Charging Cable, iPhone 14"
T1366,"Lightning Charging Cable, iPhone 13 Pro Max"
T1367,"Apple Magic Keyboard, USB-C Charging Cable"
T1368,MacBook Air M2
T1369,Apple Magic Mouse
T1370,"USB-C Charging Cable, iPad Pro M4 13-inch"
T1371,"Belkin MagSafe Charging Stand, Screen Protector, USB-C Charging Cable, iPhone 15, iPhone Case"
T1372,"USB-C Charging Cable, iPhone 16 Pro Max, iPhone MagSafe Charging Dock"
T1373,"AirPods (3rd Gen), Anker MagSafe Charging Dock, USB-C Charging Cable, iPhone 17, iPhone Case"
T1374,"Apple Watch Trail Loop, Apple Watch Ultra, Screen Protector (Watch)"
T1375,"USB-C Charging Cable, iPhone 16 Pro"
T1376,"Lightning Charging Cable, Lightning EarPods, iPhone 14 Plus, iPhone Case, iPhone MagSafe Charging Dock"
T1377,"USB-C Charging Cable, USB-C EarPods, iPhone 15 Pro Max"
T1378,iPad Air M2
T1379,"USB-C Charging Cable, iPad Air M2"
T1380,"Apple Pencil (USB-C), Screen Protector (iPad), iPad Air M2, iPad Smart Folio"
T1381,MacBook Pro M4
T1382,"Lightning Charging Cable, Lightning EarPods, iPhone 13, iPhone Case, iPhone MagSafe Charging Dock"
T1383,"30W USB-C Power Adapter, MacBook Air M1, USB-C Charging Cable"
T1384,"30W USB-C Power Adapter, MacBook Air M4"
T1385,"Lightning Charging Cable, Screen Protector, iPhone 14 Pro Max, iPhone Case"
T1386,"Belkin MagSafe Charging Stand, Lightning Charging Cable, Lightning EarPods, iPhone 14 Pro Max, iPhone Case"
T1387,"Anker MagSafe Charging Dock, USB-C Charging Cable, USB-C EarPods, iPhone 17 Air"
T1388,"AirPods (3rd Gen), Belkin MagSafe Charging Stand, USB-C Charging Cable, iPhone 15 Pro Max"
T1389,"Apple Pencil (USB-C), USB-C Charging Cable, iPad Smart Folio, iPad mini 7"
T1390,"30W USB-C Power Adapter, Apple Magic Mouse, MacBook Air M3"
T1391,"Apple Pencil (USB-C), USB-C Charging Cable, iPad Air M2"
T1392,"Lightning Charging Cable, Lightning EarPods, Screen Protector, iPhone 14 Plus, iPhone MagSafe Charging Dock"
T1393,"Anker MagSafe Charging Dock, USB-C EarPods, iPhone 15"
T1394,"Belkin MagSafe Charging Stand, USB-C Charging Cable, USB-C EarPods, iPhone 16 Pro"
T1395,MacBook Pro M3
T1396,"Anker MagSafe Charging Dock, USB-C Charging Cable, iPhone 16 Plus, iPhone Case"
T1397,"Belkin MagSafe Charging Stand, Lightning EarPods, Screen Protector, iPhone 13 Pro Max"
T1398,"Screen Protector, USB-C EarPods, iPhone 15 Pro Max, iPhone MagSafe Charging Dock"
T1399,"30W USB-C Power Adapter, Laptop Sleeve, MacBook Air M1, USB-C Charging Cable"
T1400,"USB-C Charging Cable, iPhone 17, iPhone MagSafe Charging Dock"
T1401,"Belkin MagSafe Charging Stand, USB-C Charging Cable, iPhone 17 Pro Max"
T1402,"JBL Charge 5, Mac mini M4, USB-C Hub"
T1403,"Marshall Stanmore III, Speaker Carry Case, USB-C Charging Cable"
T1404,"Anker MagSafe Charging Dock, Lightning EarPods, iPhone 14 Plus"
T1405,Mac mini M4
T1406,AirPods Pro (2nd Gen)
T1407,"iPhone 15 Pro Max, iPhone Case"
T1408,"65W USB-C Power Adapter, Apple Magic Keyboard, Apple Magic Mouse, MacBook Pro M4, USB-C Charging Cable"
T1409,"USB-C Charging Cable, USB-C EarPods, iPhone 16, iPhone MagSafe Charging Dock"
T1410,"Lightning Charging Cable, iPhone 13 mini"
T1411,"Anker MagSafe Charging Dock, Lightning EarPods, iPhone 13 mini"
T1412,"USB-C Charging Cable, iPhone 17, iPhone Case"
T1413,Apple Watch Series 8
T1414,"Belkin MagSafe Charging Stand, Lightning Charging Cable, iPhone 13 Pro Max"
T1415,"Screen Protector (iPad), iPad 10th Gen, iPad Smart Folio"
T1416,"Apple Watch Milanese Loop, Apple Watch Ultra 2"
T1417,"Apple Watch Series 11, Apple Watch Trail Loop, Screen Protector (Watch)"
T1418,iPhone 13
T1419,"Apple Magic Keyboard, Apple Magic Mouse, JBL Charge 5, LG UltraFine 5K Display, Mac mini M2 Pro"
T1420,"AirPods Pro (2nd Gen), Screen Protector, iPhone 13 Pro Max"
T1421,"AirPods (3rd Gen), Belkin MagSafe Charging Stand, iPhone 13 mini"
T1422,Apple Watch Ultra 2
T1423,"AirPods Pro (2nd Gen), USB-C Charging Cable, iPhone 15, iPhone MagSafe Charging Dock"
T1424,MacBook Air M4
T1425,"30W USB-C Power Adapter, Laptop Sleeve, MacBook Air M1, USB-C Charging Cable"
T1426,"Lightning Charging Cable, Lightning EarPods, iPhone 14, iPhone MagSafe Charging Dock"
T1427,"Apple Watch Series 8, Apple Watch Sport Band"
T1428,"AirPods Pro (2nd Gen), Belkin MagSafe Charging Stand, iPhone 17 Pro Max"
T1429,iPhone 17 Air
T1430,"Apple Pencil (USB-C), iPad Air M2, iPad Smart Folio"
T1431,"USB-C Charging Cable, USB-C EarPods, iPhone 15 Pro Max"
T1432,"USB-C Charging Cable, USB-C EarPods, iPhone 16, iPhone Case"
T1433,"65W USB-C Power Adapter, Apple Magic Mouse, MacBook Pro M4, USB-C Charging Cable"
T1434,Apple Magic Keyboard
T1435,"Screen Protector, iPhone 17 Air, iPhone Case, iPhone MagSafe Charging Dock"
T1436,"AirPods (3rd Gen), USB-C Charging Cable, iPhone 17 Pro, iPhone MagSafe Charging Dock"
T1437,Mac mini M2 Pro
T1438,iPhone 13 mini
T1439,"30W USB-C Power Adapter, AirPods (3rd Gen), Apple Magic Mouse, MacBook Air M4"
T1440,"USB-C Charging Cable, USB-C EarPods, iPhone 16 Plus, iPhone MagSafe Charging Dock"
T1441,"Apple Magic Keyboard, Apple Magic Mouse, Mac mini M2, Marshall Emberton II"
T1442,"AirPods (3rd Gen), Anker MagSafe Charging Dock, iPhone 13, iPhone Case"
T1443,"Screen Protector, USB-C Charging Cable, USB-C EarPods, iPhone 15 Pro"
T1444,"Apple Pencil (USB-C), USB-C Charging Cable, iPad mini 7"
T1445,"USB-C Charging Cable, iPhone 16 Pro Max, iPhone Case, iPhone MagSafe Charging Dock"
T1446,"Apple Magic Keyboard, Apple Magic Mouse, JBL Flip 6, Mac mini M2 Pro"
T1447,iPhone 16 Pro
T1448,"Belkin MagSafe Charging Stand, USB-C Charging Cable, USB-C EarPods, iPhone 16 Pro Max"
T1449,"AirPods Pro (2nd Gen), iPhone 15 Pro, iPhone Case"
T1450,"Screen Protector (iPad), USB-C Charging Cable, iPad Pro M4 11-inch"
T1451,"Belkin MagSafe Charging Stand, Lightning Charging Cable, Lightning EarPods, iPhone 14 Plus, iPhone Case"
T1452,"AirPods Pro (2nd Gen), USB-C Charging Cable, iPhone 17 Pro Max, iPhone Case, iPhone MagSafe Charging Dock"
T1453,"Lightning EarPods, iPhone 14, iPhone Case"
T1454,"Belkin MagSafe Charging Stand, Lightning Charging Cable, Lightning EarPods, iPhone 13 Pro"
T1455,"USB-C Charging Cable, iPhone 17 Pro, iPhone Case, iPhone MagSafe Charging Dock"
T1456,"AirPods (3rd Gen), Lightning Charging Cable, iPhone 13 Pro Max"
T1457,"30W USB-C Power Adapter, AirPods (3rd Gen), Apple Magic Mouse, MacBook Air M4, USB-C Charging Cable"
T1458,"AirPods (3rd Gen), Lightning Charging Cable, Screen Protector, iPhone 14 Plus, iPhone MagSafe Charging Dock"
T1459,"Apple Watch Series 8, Apple Watch Sport Band"
T1460,"65W USB-C Power Adapter, Apple Magic Mouse, MacBook Pro M3, USB-C Charging Cable"
T1461,"65W USB-C Power Adapter, Apple Magic Mouse, MacBook Pro M2, USB-C Charging Cable"
T1462,AirPods Pro (2nd Gen)
T1463,iPhone 16
T1464,iPad mini 7
T1465,"30W USB-C Power Adapter, Apple Magic Mouse, MacBook Air M2, USB-C Charging Cable"
T1466,"65W USB-C Power Adapter, AirPods Pro (2nd Gen), MacBook Pro M4"
T1467,"Apple Watch Charger, Apple Watch Milanese Loop, Apple Watch Ultra"
T1468,"65W USB-C Power Adapter, MacBook Pro M2, USB-C Charging Cable"
T1469,"Belkin MagSafe Charging Stand, Lightning Charging Cable, Lightning EarPods, iPhone 14, iPhone Case"
T1470,"Apple Magic Mouse, Mac mini M2 Pro"
T1471,"Lightning Charging Cable, iPhone 14, iPhone Case"
T1472,"Lightning Charging Cable, Lightning EarPods, iPhone 13 Pro Max"
T1473,"Screen Protector, USB-C EarPods, iPhone 16 Pro"
T1474,"30W USB-C Power Adapter, MacBook Air M4"
T1475,"Anker MagSafe Charging Dock, Lightning Charging Cable, iPhone 14 Pro"
T1476,"Belkin MagSafe Charging Stand, Lightning Charging Cable, Lightning EarPods, Screen Protector, iPhone 13"
T1477,"Apple Magic Keyboard, Apple Magic Mouse, JBL Flip 6, LG UltraFine 5K Display, Mac mini M2, USB-C Hub"
T1478,Apple Watch Series 11
T1479,iPad mini 6
T1480,"AirPods Pro (2nd Gen), Belkin MagSafe Charging Stand, Screen Protector, USB-C Charging Cable, iPhone 15 Pro"
T1481,Apple Watch Ultra 2
T1482,"Lightning EarPods, iPhone 14 Pro Max"
T1483,"65W USB-C Power Adapter, Apple Magic Keyboard, Apple Magic Mouse, External SSD 1TB, MacBook Pro M4, USB-C Charging Cable"
T1484,"AirPods (3rd Gen), Anker MagSafe Charging Dock, Lightning Charging Cable, iPhone 13 mini, iPhone Case"
T1485,JBL Flip 6
T1486,"Screen Protector, USB-C Charging Cable, USB-C EarPods, iPhone 16, iPhone MagSafe Charging Dock"
T1487,"Anker MagSafe Charging Dock, Lightning Charging Cable, iPhone 14 Pro Max"
T1488,"AirPods Pro (2nd Gen), Lightning Charging Cable, iPhone 13, iPhone Case"
T1489,"Belkin MagSafe Charging Stand, USB-C Charging Cable, USB-C EarPods, iPhone 15"
T1490,iPhone 13 mini
T1491,"AirPods Pro (2nd Gen), Belkin MagSafe Charging Stand, Screen Protector, USB-C Charging Cable, iPhone 17 Pro, iPhone Case"
T1492,"Apple Pencil (USB-C), iPad Air M2"
T1493,"Apple Watch Charger, Apple Watch Series 11, Apple Watch Trail Loop"
T1494,iPhone 17 Pro Max
T1495,"30W USB-C Power Adapter, MacBook Air M1, USB-C Charging Cable"
T1496,"Apple Watch Charger, Apple Watch Series 10"
T1497,"Apple Pencil (USB-C), iPad Air M2"
T1498,Mac mini M2
T1499,"Apple Watch Charger, Apple Watch Series 9, Apple Watch Sport Band, Screen Protector (Watch)"
T1500,"30W USB-C Power Adapter, Apple Magic Mouse, MacBook Air M1, USB-C Charging Cable"
T1501,MacBook Pro M1
T1502,"65W USB-C Power Adapter, External SSD 1TB, MacBook Pro M4"
T1503,"30W USB-C Power Adapter, Apple Magic Mouse, MacBook Air M3, USB-C Charging Cable"
T1504,"AirPods Pro (2nd Gen), Belkin MagSafe Charging Stand, USB-C Charging Cable, iPhone 15 Pro Max"
T1505,"Anker MagSafe Charging Dock, iPhone 15 Pro Max, iPhone Case"
T1506,"Anker MagSafe Charging Dock, iPhone 15 Pro"
T1507,"USB-C Charging Cable, iPad 10th Gen"
T1508,"65W USB-C Power Adapter, MacBook Pro M2"
T1509,MacBook Pro M2
T1510,Apple Watch Series 9
T1511,"Apple Magic Keyboard, Mac mini M4, USB-C Hub"
T1512,"AirPods (3rd Gen), Belkin MagSafe Charging Stand, Lightning Charging Cable, Screen Protector, iPhone 13"
T1513,"Apple Watch Charger, Apple Watch Milanese Loop, Apple Watch Series 8"
T1514,"Apple Magic Keyboard, Apple Magic Mouse, Mac mini M4"
T1515,"65W USB-C Power Adapter, MacBook Pro M1, USB-C Charging Cable"
T1516,Marshall Stanmore III
T1517,"30W USB-C Power Adapter, Apple Magic Mouse, Laptop Sleeve, MacBook Air M1"
T1518,"Apple Pencil (2nd Gen), Screen Protector (iPad), USB-C Charging Cable, iPad Magic Keyboard, iPad Pro M4 13-inch"
T1519,"Apple Pencil (USB-C), USB-C Charging Cable, iPad Smart Folio, iPad mini 6"
T1520,"Apple Magic Keyboard, Apple Magic Mouse, LG UltraFine 5K Display, Mac mini M4"
T1521,"AirPods (3rd Gen), Belkin MagSafe Charging Stand, USB-C Charging Cable, iPhone 15 Pro, iPhone Case"
T1522,"Apple Watch Charger, Apple Watch Series 9, Apple Watch Trail Loop"
T1523,iPad Air M2
T1524,"AirPods Pro (2nd Gen), Anker MagSafe Charging Dock, USB-C Charging Cable, iPhone 17 Pro Max"
T1525,"USB-C Charging Cable, USB-C EarPods, iPhone 16 Pro Max, iPhone Case, iPhone MagSafe Charging Dock"
T1526,"AirPods (3rd Gen), Lightning Charging Cable, iPhone 14 Pro Max, iPhone MagSafe Charging Dock"
T1527,iPhone 14 Plus
T1528,"Lightning Charging Cable, Lightning EarPods, iPhone 13, iPhone MagSafe Charging Dock"
T1529,"30W USB-C Power Adapter, Apple Magic Mouse, MacBook Air M4, USB-C Charging Cable"
T1530,"Anker MagSafe Charging Dock, Screen Protector, iPhone 14, iPhone Case"
T1531,"Screen Protector, USB-C Charging Cable, iPhone 15 Pro Max"
T1532,"Apple Magic Mouse, Mac mini M2 Pro, Studio Display"
T1533,"65W USB-C Power Adapter, Apple Magic Keyboard, MacBook Pro M2, USB-C Charging Cable"
T1534,"Apple Watch Charger, Apple Watch Series 9, Apple Watch Sport Band"
T1535,"Apple Magic Keyboard, Mac mini M2 Pro"
T1536,"Apple Watch Charger, Apple Watch Solo Loop, Apple Watch Ultra 2"
T1537,"65W USB-C Power Adapter, MacBook Pro M3"
T1538,"Lightning Charging Cable, Lightning EarPods, iPhone 14 Pro, iPhone Case"
T1539,"USB-C Charging Cable, USB-C EarPods, iPhone 17 Pro Max"
T1540,"30W USB-C Power Adapter, AirPods (3rd Gen), MacBook Air M1"
T1541,"Belkin MagSafe Charging Stand, Screen Protector, USB-C Charging Cable, USB-C EarPods, iPhone 16 Pro Max"
T1542,"USB-C Charging Cable, iPhone 16"
T1543,"30W USB-C Power Adapter, Apple Magic Mouse, MacBook Air M4, USB-C Charging Cable"
T1544,"AirPods (3rd Gen), Lightning Charging Cable, Screen Protector, iPhone 13 Pro Max, iPhone Case, iPhone MagSafe Charging Dock"
T1545,"AirPods (3rd Gen), Anker MagSafe Charging Dock, Lightning Charging Cable, iPhone 13 Pro Max, iPhone Case"
T1546,"Lightning Charging Cable, Lightning EarPods, Screen Protector, iPhone 14 Pro Max, iPhone MagSafe Charging Dock"
T1547,"Lightning EarPods, Screen Protector, iPhone 14 Pro Max"
T1548,"Bose SoundLink Flex, Speaker Carry Case, USB-C Charging Cable"
T1549,"AirPods Pro (2nd Gen), Belkin MagSafe Charging Stand, iPhone 14 Pro Max, iPhone Case"
T1550,"30W USB-C Power Adapter, Apple Magic Mouse, Laptop Sleeve, MacBook Air M2"
T1551,"USB-C Charging Cable, iPad Magic Keyboard, iPad Pro M4 13-inch"
T1552,"Apple Pencil (2nd Gen), iPad Magic Keyboard, iPad Pro M4 11-inch"
T1553,"Lightning Charging Cable, Lightning EarPods, iPhone 13 Pro, iPhone Case"
T1554,"Apple Watch Charger, Apple Watch Series 9, Apple Watch Trail Loop, Screen Protector (Watch)"
T1555,"AirPods Pro (2nd Gen), Belkin MagSafe Charging Stand, Lightning Charging Cable, iPhone 13 Pro"
T1556,"AirPods Pro (2nd Gen), Belkin MagSafe Charging Stand, USB-C Charging Cable, iPhone 15, iPhone Case"
T1557,MacBook Air M1
T1558,"Apple Watch Milanese Loop, Apple Watch Series 8"
T1559,iPad Pro M4 11-inch
T1560,"Apple Pencil (USB-C), iPad mini 6"
T1561,iPhone 17 Air
T1562,iPhone 14 Plus
T1563,iPad Pro M4 11-inch
T1564,"Lightning Charging Cable, iPhone 14, iPhone MagSafe Charging Dock"
T1565,"Apple Watch Charger, Apple Watch Series 9, Apple Watch Sport Band, Screen Protector (Watch)"
T1566,"iPad Smart Folio, iPad mini 7"
T1567,"Apple Magic Mouse, MacBook Air M4, USB-C Charging Cable"
T1568,"AirPods Pro (2nd Gen), USB-C Charging Cable, iPhone 17 Pro Max"
T1569,iPhone 16 Plus
T1570,iPhone 16 Pro
T1571,Mac mini M4
T1572,"AirPods Pro (2nd Gen), Anker MagSafe Charging Dock, iPhone 17, iPhone Case"
T1573,"Lightning Charging Cable, Lightning EarPods, iPhone 13 Pro Max"
T1574,"Belkin MagSafe Charging Stand, USB-C Charging Cable, iPhone 17 Pro Max"
T1575,"USB-C Charging Cable, iPhone 17, iPhone Case, iPhone MagSafe Charging Dock"
T1576,"Apple Watch Milanese Loop, Apple Watch Ultra 2, Screen Protector (Watch)"
T1577,"Lightning Charging Cable, Lightning EarPods, iPhone 14 Pro Max, iPhone Case, iPhone MagSafe Charging Dock"
T1578,iPhone 17 Pro
T1579,"65W USB-C Power Adapter, MacBook Pro M4, USB-C Charging Cable"
T1580,AirPods (3rd Gen)
T1581,"Apple Magic Keyboard, Apple Magic Mouse, Mac mini M4, USB-C Hub"
T1582,Mac mini M2
T1583,"65W USB-C Power Adapter, Apple Magic Mouse, MacBook Pro M3, USB-C Charging Cable"
T1584,"Apple Magic Keyboard, Apple Magic Mouse, Mac mini M4"
T1585,"65W USB-C Power Adapter, Apple Magic Mouse, MacBook Pro M1"
T1586,"AirPods Pro (2nd Gen), USB-C Charging Cable, iPhone 15 Pro Max, iPhone MagSafe Charging Dock"
T1587,"30W USB-C Power Adapter, AirPods (3rd Gen), Laptop Sleeve, MacBook Air M2, USB-C Charging Cable"
T1588,"Screen Protector, iPhone 16 Plus, iPhone Case"
T1589,Apple Magic Mouse
T1590,Apple Watch Ultra 2
T1591,"AirPods Pro (2nd Gen), Apple Magic Mouse, MacBook Pro M1, USB-C Charging Cable"
T1592,"30W USB-C Power Adapter, AirPods (3rd Gen), MacBook Air M3, USB-C Charging Cable"
T1593,"30W USB-C Power Adapter, MacBook Air M3"
T1594,"30W USB-C Power Adapter, MacBook Air M4"
T1595,MacBook Pro M1
T1596,"Apple Pencil (USB-C), USB-C Charging Cable, iPad Smart Folio, iPad mini 7"
T1597,Apple Watch Ultra 2
T1598,"AirPods Pro (2nd Gen), Belkin MagSafe Charging Stand, Lightning Charging Cable, iPhone 14 Pro"
T1599,"iPad Magic Keyboard, iPad Pro M4 11-inch"
T1600,JBL Flip 6
T1601,"Apple Pencil (2nd Gen), Screen Protector (iPad), iPad Magic Keyboard, iPad Pro M4 11-inch"
T1602,"AirPods Pro (2nd Gen), iPhone 17 Pro Max, iPhone Case"
T1603,"30W USB-C Power Adapter, AirPods (3rd Gen), MacBook Air M1"
T1604,"Apple Watch Milanese Loop, Apple Watch Ultra"
T1605,MacBook Air M1
T1606,"Anker MagSafe Charging Dock, iPhone 16 Plus"
T1607,"Anker MagSafe Charging Dock, USB-C Charging Cable, iPhone 15 Pro"
T1608,"Lightning EarPods, Screen Protector, iPhone 14 Pro Max, iPhone Case, iPhone MagSafe Charging Dock"
T1609,"65W USB-C Power Adapter, MacBook Pro M4"
T1610,MacBook Air M3
T1611,Apple Watch Series 8
T1612,iPhone 15
T1613,"Apple Magic Keyboard, Mac mini M2 Pro"
T1614,"AirPods (3rd Gen), Screen Protector, iPhone 14 Pro Max"
T1615,"Apple Pencil (2nd Gen), iPad Magic Keyboard, iPad Pro M4 13-inch"
T1616,"Lightning Charging Cable, Lightning EarPods, iPhone 14 Plus"
T1617,iPhone 13 Pro
T1618,iPad Pro M4 13-inch
T1619,MacBook Pro M1
T1620,"USB-C Charging Cable, USB-C EarPods, iPhone 15 Pro Max, iPhone Case"
T1621,"AirPods (3rd Gen), Lightning Charging Cable, iPhone 13"
T1622,"Apple Watch Series 8, Apple Watch Sport Band"
T1623,"Lightning Charging Cable, iPhone 13 mini, iPhone MagSafe Charging Dock"
T1624,"USB-C Charging Cable, iPad 10th Gen"
T1625,iPhone 15 Plus
T1626,Apple Magic Mouse
T1627,"USB-C Charging Cable, USB-C EarPods, iPhone 17 Pro, iPhone MagSafe Charging Dock"
T1628,"AirPods Pro (2nd Gen), USB-C Charging Cable, iPhone 17 Air"
T1629,"Apple Pencil (USB-C), Screen Protector (iPad), USB-C Charging Cable, iPad 10th Gen"
T1630,"30W USB-C Power Adapter, AirPods (3rd Gen), Apple Magic Mouse, Laptop Sleeve, MacBook Air M4"
T1631,"Apple Magic Keyboard, Apple Magic Mouse, Mac mini M2, USB-C Hub"
T1632,"65W USB-C Power Adapter, AirPods Pro (2nd Gen), MacBook Pro M2"
T1633,"Belkin MagSafe Charging Stand, Lightning Charging Cable, Lightning EarPods, iPhone 14 Pro, iPhone Case"
T1634,"USB-C Charging Cable, iPhone 17 Pro, iPhone Case"
T1635,"65W USB-C Power Adapter, MacBook Pro M4"
T1636,"AirPods Pro (2nd Gen), iPhone 13 mini, iPhone Case"
T1637,"Apple Watch Charger, Apple Watch Ultra 2, Screen Protector (Watch)"
T1638,"AirPods Pro (2nd Gen), Belkin MagSafe Charging Stand, Lightning Charging Cable, iPhone 13 Pro Max, iPhone Case"
T1639,"Belkin MagSafe Charging Stand, Lightning Charging Cable, Lightning EarPods, Screen Protector, iPhone 14 Pro Max"
T1640,"AirPods (3rd Gen), Anker MagSafe Charging Dock, USB-C Charging Cable, iPhone 16 Pro, iPhone Case"
T1641,"Apple Watch Series 8, Apple Watch Trail Loop"
T1642,"Belkin MagSafe Charging Stand, USB-C Charging Cable, USB-C EarPods, iPhone 16 Pro Max"
T1643,AirPods (3rd Gen)
T1644,"Apple Magic Keyboard, Apple Magic Mouse, Mac mini M2, Studio Display"
T1645,"Lightning Charging Cable, iPhone 13 Pro"
T1646,"65W USB-C Power Adapter, Apple Magic Mouse, MacBook Pro M2"
T1647,"30W USB-C Power Adapter, MacBook Air M2"
T1648,"AirPods (3rd Gen), USB-C Charging Cable, iPhone 16"
T1649,"Apple Pencil (2nd Gen), Screen Protector (iPad), USB-C Charging Cable, iPad Magic Keyboard, iPad Pro M4 11-inch"
T1650,"Lightning Charging Cable, Lightning EarPods, iPhone 13 Pro, iPhone MagSafe Charging Dock"
T1651,"Belkin MagSafe Charging Stand, Screen Protector, USB-C Charging Cable, USB-C EarPods, iPhone 17 Air, iPhone Case"
T1652,"Anker MagSafe Charging Dock, Screen Protector, USB-C Charging Cable, USB-C EarPods, iPhone 15, iPhone Case"
T1653,"USB-C Charging Cable, iPad mini 6"
T1654,"Lightning Charging Cable, Lightning EarPods, iPhone 13, iPhone Case"
T1655,"Anker MagSafe Charging Dock, Screen Protector, USB-C Charging Cable, USB-C EarPods, iPhone 16 Plus, iPhone Case"
T1656,"AirPods (3rd Gen), Screen Protector, USB-C Charging Cable, iPhone 15, iPhone Case, iPhone MagSafe Charging Dock"
T1657,"Apple Watch Series 9, Apple Watch Solo Loop"
T1658,"Apple Watch Charger, Apple Watch Series 10, Apple Watch Trail Loop"
T1659,"AirPods (3rd Gen), Screen Protector, USB-C Charging Cable, iPhone 15 Pro Max, iPhone Case, iPhone MagSafe Charging Dock"
T1660,"Belkin MagSafe Charging Stand, iPhone 14 Plus, iPhone Case"
T1661,"65W USB-C Power Adapter, MacBook Pro M4"
T1662,"Apple Pencil (USB-C), USB-C Charging Cable, iPad Air M2, iPad Smart Folio"
T1663,"AirPods (3rd Gen), iPhone 14, iPhone MagSafe Charging Dock"
T1664,"Screen Protector (iPad), USB-C Charging Cable, iPad 10th Gen, iPad Smart Folio"
T1665,MacBook Pro M1
T1666,"Screen Protector, USB-C Charging Cable, iPhone 16 Plus, iPhone Case"
T1667,"Screen Protector, USB-C Charging Cable, USB-C EarPods, iPhone 17 Air"
T1668,iPad mini 7
T1669,Apple Watch Ultra 2
T1670,iPad mini 6
T1671,"Belkin MagSafe Charging Stand, Screen Protector, USB-C Charging Cable, iPhone 15 Pro Max, iPhone Case"
T1672,"30W USB-C Power Adapter, AirPods (3rd Gen), MacBook Air M4, USB-C Charging Cable"
T1673,"30W USB-C Power Adapter, AirPods (3rd Gen), Laptop Sleeve, MacBook Air M4, USB-C Charging Cable"
T1674,"Apple Pencil (2nd Gen), USB-C Charging Cable, iPad Magic Keyboard, iPad Pro M4 13-inch"
T1675,"USB-C Charging Cable, USB-C EarPods, iPhone 17 Pro, iPhone Case, iPhone MagSafe Charging Dock"
T1676,iPad mini 6
T1677,"USB-C Charging Cable, iPhone 16 Plus"
T1678,MacBook Air M1
T1679,"30W USB-C Power Adapter, MacBook Air M1"
T1680,iPad Air M2
T1681,"Anker MagSafe Charging Dock, Lightning Charging Cable, iPhone 14"
T1682,"AirPods (3rd Gen), iPhone 15 Plus, iPhone MagSafe Charging Dock"
T1683,"Screen Protector, USB-C Charging Cable, iPhone 15, iPhone MagSafe Charging Dock"
T1684,"AirPods Pro (2nd Gen), iPhone 15 Plus, iPhone MagSafe Charging Dock"
T1685,"Apple Magic Keyboard, Apple Magic Mouse, LG UltraFine 5K Display, Mac mini M2"
T1686,"Apple Magic Mouse, JBL Flip 6, Mac mini M2, Studio Display"
T1687,"Apple Pencil (USB-C), USB-C Charging Cable, iPad 10th Gen"
T1688,"iPhone 14 Pro, iPhone Case, iPhone MagSafe Charging Dock"
T1689,"AirPods Pro (2nd Gen), Lightning Charging Cable, iPhone 14 Pro Max"
T1690,"30W USB-C Power Adapter, Apple Magic Mouse, MacBook Air M1, USB-C Charging Cable"
T1691,iPad 10th Gen
T1692,"Apple Watch Series 10, Apple Watch Trail Loop"
T1693,"Apple Watch Charger, Apple Watch Sport Band, Apple Watch Ultra"
T1694,"Lightning Charging Cable, Lightning EarPods, Screen Protector, iPhone 13 Pro Max"
T1695,"65W USB-C Power Adapter, MacBook Pro M3"
T1696,Apple Watch Series 11
T1697,MacBook Pro M3
T1698,JBL Charge 5
T1699,"Apple Watch Charger, Apple Watch Series 9, Apple Watch Solo Loop"
T1700,"Lightning EarPods, Screen Protector, iPhone 13 mini"
T1701,iPhone 15 Pro
T1702,iPhone 13
T1703,iPad 10th Gen
T1704,JBL Charge 5
T1705,"AirPods Pro (2nd Gen), Belkin MagSafe Charging Stand, Lightning Charging Cable, iPhone 13 mini"
T1706,"AirPods (3rd Gen), Lightning Charging Cable, Screen Protector, iPhone 14 Pro"
T1707,"AirPods (3rd Gen), Belkin MagSafe Charging Stand, Lightning Charging Cable, iPhone 14 Pro, iPhone Case"
T1708,"Anker MagSafe Charging Dock, Lightning Charging Cable, iPhone 13 Pro Max"
T1709,"Belkin MagSafe Charging Stand, Screen Protector, iPhone 15 Plus"
T1710,"Apple Watch Trail Loop, Apple Watch Ultra"
T1711,"AirPods Pro (2nd Gen), Anker MagSafe Charging Dock, Screen Protector, USB-C Charging Cable, iPhone 17 Air"
T1712,"65W USB-C Power Adapter, Apple Magic Mouse, MacBook Pro M2, USB-C Charging Cable"
T1713,"iPad Air M2, iPad Smart Folio"
T1714,"iPad Magic Keyboard, iPad Pro M4 13-inch"
T1715,AirPods Pro (2nd Gen)
T1716,"Apple Magic Mouse, MacBook Air M4, USB-C Charging Cable"
T1717,"Apple Watch Solo Loop, Apple Watch Ultra"
T1718,"Apple Magic Mouse, Mac mini M4"
T1719,iPad 10th Gen
T1720,"Apple Pencil (USB-C), Screen Protector (iPad), USB-C Charging Cable, iPad Air M2"
T1721,"AirPods (3rd Gen), Belkin MagSafe Charging Stand, USB-C Charging Cable, iPhone 17 Air"
T1722,"Apple Watch Charger, Apple Watch Series 9, Apple Watch Solo Loop"
T1723,"Belkin MagSafe Charging Stand, Lightning Charging Cable, iPhone 14 Pro, iPhone Case"
T1724,"Apple Pencil (USB-C), USB-C Charging Cable, iPad Air M2, iPad Smart Folio"
T1725,"AirPods Pro (2nd Gen), USB-C Charging Cable, iPhone 16, iPhone Case"
T1726,iPhone 13
T1727,Apple Watch Series 8
T1728,"30W USB-C Power Adapter, Apple Magic Mouse, MacBook Air M4, USB-C Charging Cable"
T1729,"Belkin MagSafe Charging Stand, USB-C Charging Cable, iPhone 17 Pro Max"
T1730,iPhone 13
T1731,"Screen Protector, USB-C Charging Cable, USB-C EarPods, iPhone 17 Pro Max"
T1732,"Lightning EarPods, iPhone 14 Pro Max, iPhone Case"
T1733,"Screen Protector, USB-C Charging Cable, iPhone 17 Air, iPhone Case, iPhone MagSafe Charging Dock"
T1734,"USB-C EarPods, iPhone 16 Plus"
T1735,"Screen Protector, USB-C Charging Cable, USB-C EarPods, iPhone 16 Pro"
T1736,"Belkin MagSafe Charging Stand, Screen Protector, USB-C EarPods, iPhone 16"
T1737,"Belkin MagSafe Charging Stand, Lightning Charging Cable, Lightning EarPods, iPhone 13 Pro Max"
T1738,"AirPods (3rd Gen), iPhone 13, iPhone Case, iPhone MagSafe Charging Dock"
T1739,"AirPods Pro (2nd Gen), USB-C Charging Cable, iPhone 17 Air"
T1740,"65W USB-C Power Adapter, MacBook Pro M2"
T1741,"65W USB-C Power Adapter, Apple Magic Mouse, External SSD 1TB, MacBook Pro M4"
T1742,Mac mini M4
T1743,Apple Watch Series 9
T1744,"USB-C Charging Cable, USB-C EarPods, iPhone 15 Pro Max, iPhone Case"
T1745,MacBook Pro M2
T1746,MacBook Pro M3
T1747,Mac mini M2 Pro
T1748,MacBook Pro M3
T1749,"Belkin MagSafe Charging Stand, USB-C Charging Cable, iPhone 15 Pro Max"
T1750,"Apple Magic Keyboard, Apple Magic Mouse, Mac mini M2 Pro, Marshall Stanmore III"
T1751,"Apple Pencil (USB-C), iPad mini 6"
T1752,"Anker MagSafe Charging Dock, Lightning Charging Cable, Screen Protector, iPhone 14"
T1753,"Anker MagSafe Charging Dock, Lightning Charging Cable, Lightning EarPods, iPhone 13 mini"
T1754,"Apple Watch Charger, Apple Watch Milanese Loop, Apple Watch Series 8"
T1755,"30W USB-C Power Adapter, Apple Magic Mouse, MacBook Air M1"
T1756,"Belkin MagSafe Charging Stand, Screen Protector, USB-C Charging Cable, iPhone 17"
T1757,AirPods (3rd Gen)
T1758,"iPad Air M2, iPad Smart Folio"
T1759,"Belkin MagSafe Charging Stand, Lightning Charging Cable, Lightning EarPods, iPhone 14 Plus, iPhone Case"
T1760,"Apple Magic Mouse, Mac mini M2 Pro, Marshall Stanmore III, Studio Display"
T1761,"Screen Protector, USB-C Charging Cable, iPhone 17, iPhone MagSafe Charging Dock"
T1762,"Apple Pencil (2nd Gen), USB-C Charging Cable, iPad Magic Keyboard, iPad Pro M4 11-inch"
T1763,"Belkin MagSafe Charging Stand, Lightning Charging Cable, iPhone 14 Pro, iPhone Case"
T1764,"Anker MagSafe Charging Dock, USB-C Charging Cable, iPhone 17, iPhone Case"
T1765,"30W USB-C Power Adapter, Apple Magic Mouse, Laptop Sleeve, MacBook Air M3, USB-C Charging Cable"
T1766,Apple Watch Ultra
T1767,"Bose SoundLink Flex, Speaker Carry Case"
T1768,"USB-C Charging Cable, iPad Pro M4 11-inch"
T1769,MacBook Pro M1
T1770,"Anker MagSafe Charging Dock, Lightning EarPods, iPhone 14 Pro Max, iPhone Case"
T1771,"iPad Magic Keyboard, iPad Pro M4 13-inch"
T1772,"Apple Watch Trail Loop, Apple Watch Ultra, Screen Protector (Watch)"
T1773,"65W USB-C Power Adapter, MacBook Pro M3, USB-C Charging Cable"
T1774,"30W USB-C Power Adapter, AirPods (3rd Gen), Apple Magic Mouse, MacBook Air M2, USB-C Charging Cable"
T1775,"Lightning EarPods, Screen Protector, iPhone 13, iPhone MagSafe Charging Dock"
T1776,"Lightning Charging Cable, Lightning EarPods, Screen Protector, iPhone 13 Pro Max, iPhone Case"
T1777,"30W USB-C Power Adapter, MacBook Air M1, USB-C Charging Cable"
T1778,Apple Watch Series 9
T1779,"Apple Magic Keyboard, Apple Magic Mouse, Mac mini M2 Pro, Marshall Emberton II"
T1780,"Apple Watch Milanese Loop, Apple Watch Series 10"
T1781,iPhone 17 Air
T1782,"Lightning Charging Cable, Lightning EarPods, Screen Protector, iPhone 13 Pro, iPhone Case, iPhone MagSafe Charging Dock"
T1783,"Laptop Sleeve, MacBook Air M2, USB-C Charging Cable"
T1784,"AirPods Pro (2nd Gen), Belkin MagSafe Charging Stand, iPhone 16 Pro"
T1785,iPhone 17 Pro Max
T1786,"Anker MagSafe Charging Dock, Lightning Charging Cable, Lightning EarPods, Screen Protector, iPhone 14 Plus"
T1787,Apple Watch Ultra
T1788,"30W USB-C Power Adapter, MacBook Air M2"
T1789,"65W USB-C Power Adapter, MacBook Pro M2, USB-C Charging Cable"
T1790,"Apple Pencil (USB-C), USB-C Charging Cable, iPad Smart Folio, iPad mini 6"
T1791,"65W USB-C Power Adapter, Apple Magic Mouse, MacBook Pro M4"
T1792,"USB-C Charging Cable, iPad Pro M4 13-inch"
T1793,"Screen Protector (iPad), USB-C Charging Cable, iPad Magic Keyboard, iPad Pro M4 13-inch"
T1794,"Apple Watch Trail Loop, Apple Watch Ultra"
T1795,"Apple Watch Series 10, Apple Watch Solo Loop"
T1796,"AirPods (3rd Gen), Lightning Charging Cable, iPhone 13 Pro Max, iPhone Case"
T1797,"65W USB-C Power Adapter, External SSD 1TB, MacBook Pro M4, USB-C Charging Cable"
T1798,"Belkin MagSafe Charging Stand, USB-C Charging Cable, USB-C EarPods, iPhone 17"
T1799,"Apple Watch Charger, Apple Watch Series 9, Apple Watch Sport Band"
T1800,"Apple Pencil (USB-C), USB-C Charging Cable, iPad Smart Folio, iPad mini 6"
T1801,"Screen Protector (iPad), USB-C Charging Cable, iPad mini 6"
T1802,iPad mini 7
T1803,"iPhone 17, iPhone Case, iPhone MagSafe Charging Dock"
T1804,"30W USB-C Power Adapter, AirPods (3rd Gen), Apple Magic Mouse, Laptop Sleeve, MacBook Air M4, USB-C Charging Cable"
T1805,"Apple Watch Series 11, Apple Watch Trail Loop, Screen Protector (Watch)"
T1806,Apple Watch Series 8
T1807,"Belkin MagSafe Charging Stand, Lightning Charging Cable, iPhone 13 mini, iPhone Case"
T1808,"USB-C Charging Cable, USB-C EarPods, iPhone 17 Pro, iPhone MagSafe Charging Dock"
T1809,iPad 10th Gen
T1810,"Laptop Sleeve, MacBook Air M2"
T1811,"Anker MagSafe Charging Dock, Screen Protector, iPhone 13"
T1812,Apple Watch Series 9
T1813,"AirPods Pro (2nd Gen), USB-C Charging Cable, iPhone 16 Pro, iPhone MagSafe Charging Dock"
T1814,"Screen Protector (iPad), iPad Pro M4 11-inch"
T1815,"Apple Magic Keyboard, Apple Magic Mouse, Mac mini M2 Pro, USB-C Hub"
T1816,"Belkin MagSafe Charging Stand, Lightning Charging Cable, Lightning EarPods, iPhone 13 Pro"
T1817,"AirPods (3rd Gen), USB-C Charging Cable, iPhone 15 Pro"
T1818,"USB-C Charging Cable, iPhone 17 Pro Max"
T1819,"AirPods Pro (2nd Gen), Belkin MagSafe Charging Stand, Lightning Charging Cable, iPhone 13 Pro"
T1820,"Screen Protector (iPad), USB-C Charging Cable, iPad Air M2, iPad Smart Folio"
T1821,"Apple Watch Charger, Apple Watch Sport Band, Apple Watch Ultra"
T1822,MacBook Air M4
T1823,"Belkin MagSafe Charging Stand, USB-C Charging Cable, iPhone 15 Pro Max"
T1824,"USB-C Charging Cable, USB-C EarPods, iPhone 16 Pro, iPhone Case, iPhone MagSafe Charging Dock"
T1825,"30W USB-C Power Adapter, AirPods (3rd Gen), Apple Magic Mouse, Laptop Sleeve, MacBook Air M3, USB-C Charging Cable"
T1826,iPhone 17
T1827,"Anker MagSafe Charging Dock, iPhone 14 Pro"
T1828,"Anker MagSafe Charging Dock, Screen Protector, USB-C Charging Cable, iPhone 15 Pro Max, iPhone Case"
T1829,"Lightning Charging Cable, Lightning EarPods, iPhone 13 Pro Max, iPhone Case"
T1830,"65W USB-C Power Adapter, AirPods Pro (2nd Gen), MacBook Pro M1, USB-C Charging Cable"
T1831,"Apple Watch Charger, Apple Watch Milanese Loop, Apple Watch Ultra 2"
T1832,"Lightning Charging Cable, Lightning EarPods, iPhone 14 Plus, iPhone MagSafe Charging Dock"
T1833,Mac mini M4
T1834,"AirPods (3rd Gen), USB-C Charging Cable, iPhone 17 Pro Max"
T1835,"Apple Magic Mouse, MacBook Air M2, USB-C Charging Cable"
T1836,"Screen Protector, USB-C Charging Cable, USB-C EarPods, iPhone 17 Pro"
T1837,JBL Flip 6
T1838,"30W USB-C Power Adapter, MacBook Air M2, USB-C Charging Cable"
T1839,Apple Watch Series 10
T1840,"Anker MagSafe Charging Dock, USB-C Charging Cable, USB-C EarPods, iPhone 15 Pro Max"
T1841,Mac mini M2
T1842,Apple Watch Series 8
T1843,"Lightning EarPods, iPhone 13 Pro Max, iPhone Case"
T1844,iPhone 13
T1845,"Apple Pencil (USB-C), Screen Protector (iPad), iPad Air M2, iPad Smart Folio"
T1846,"AirPods (3rd Gen), Lightning Charging Cable, iPhone 14 Plus"
T1847,"Apple Watch Charger, Apple Watch Series 11, Apple Watch Trail Loop, Screen Protector (Watch)"
T1848,Apple Watch Series 10
T1849,"Apple Magic Keyboard, Apple Magic Mouse, Mac mini M4"
T1850,"AirPods Pro (2nd Gen), iPhone 16 Pro"
T1851,"Apple Watch Charger, Apple Watch Series 10, Apple Watch Trail Loop"
T1852,"Anker MagSafe Charging Dock, Screen Protector, USB-C Charging Cable, USB-C EarPods, iPhone 16 Pro, iPhone Case"
T1853,"Anker MagSafe Charging Dock, Lightning Charging Cable, Lightning EarPods, iPhone 14 Pro Max"
T1854,"30W USB-C Power Adapter, Apple Magic Mouse, MacBook Air M2"
T1855,"Apple Watch Series 11, Apple Watch Sport Band, Screen Protector (Watch)"
T1856,"Lightning EarPods, iPhone 13 Pro Max"
T1857,"USB-C Charging Cable, iPad Air M2, iPad Smart Folio"
T1858,"Lightning Charging Cable, Lightning EarPods, iPhone 14 Pro Max"
T1859,"AirPods Pro (2nd Gen), Belkin MagSafe Charging Stand, Screen Protector, USB-C Charging Cable, iPhone 15, iPhone Case"
T1860,"Belkin MagSafe Charging Stand, Screen Protector, USB-C Charging Cable, iPhone 17 Pro"
T1861,"Apple Watch Sport Band, Apple Watch Ultra"
T1862,"30W USB-C Power Adapter, Apple Magic Mouse, Laptop Sleeve, MacBook Air M1, USB-C Charging Cable"
T1863,"Belkin MagSafe Charging Stand, Lightning EarPods, iPhone 14 Plus"
T1864,Apple Magic Keyboard
T1865,"AirPods Pro (2nd Gen), Belkin MagSafe Charging Stand, USB-C Charging Cable, iPhone 17, iPhone Case"
T1866,"USB-C Charging Cable, USB-C EarPods, iPhone 17 Pro Max"
T1867,"Belkin MagSafe Charging Stand, Lightning Charging Cable, Lightning EarPods, iPhone 13 mini, iPhone Case"
T1868,"30W USB-C Power Adapter, AirPods (3rd Gen), MacBook Air M4, USB-C Charging Cable"
T1869,"Belkin MagSafe Charging Stand, Lightning Charging Cable, iPhone 13 mini, iPhone Case"
T1870,"AirPods Pro (2nd Gen), Belkin MagSafe Charging Stand, USB-C Charging Cable, iPhone 16"
T1871,"AirPods Pro (2nd Gen), Belkin MagSafe Charging Stand, USB-C Charging Cable, iPhone 15 Plus, iPhone Case"
T1872,Apple Watch Series 9
T1873,"Apple Pencil (2nd Gen), Screen Protector (iPad), USB-C Charging Cable, iPad Magic Keyboard, iPad Pro M4 11-inch"
T1874,"Apple Pencil (2nd Gen), USB-C Charging Cable, iPad Pro M4 11-inch"
T1875,"Lightning Charging Cable, Lightning EarPods, iPhone 13 mini, iPhone Case, iPhone MagSafe Charging Dock"
T1876,iPad Pro M4 13-inch
T1877,"Belkin MagSafe Charging Stand, Lightning Charging Cable, iPhone 13 Pro, iPhone Case"
T1878,"Apple Pencil (2nd Gen), Screen Protector (iPad), USB-C Charging Cable, iPad Magic Keyboard, iPad Pro M4 11-inch"
T1879,Marshall Emberton II
T1880,"65W USB-C Power Adapter, Apple Magic Mouse, External SSD 1TB, MacBook Pro M4"
T1881,iPhone 13
T1882,"Apple Watch Charger, Apple Watch Series 9, Apple Watch Sport Band"
T1883,"AirPods (3rd Gen), Belkin MagSafe Charging Stand, iPhone 16 Plus"
T1884,AirPods (3rd Gen)
T1885,iPhone 17 Air
T1886,"Apple Magic Keyboard, Apple Magic Mouse, Mac mini M2 Pro"
T1887,"iPhone 14, iPhone MagSafe Charging Dock"
T1888,"Apple Watch Sport Band, Apple Watch Ultra"
T1889,"Apple Watch Charger, Apple Watch Solo Loop, Apple Watch Ultra 2"
T1890,"Lightning Charging Cable, Lightning EarPods, Screen Protector, iPhone 14 Plus"
T1891,Marshall Emberton II
T1892,"Apple Watch Series 9, Apple Watch Sport Band"
T1893,"65W USB-C Power Adapter, External SSD 1TB, MacBook Pro M3, USB-C Charging Cable"
T1894,"Apple Pencil (USB-C), iPad Smart Folio, iPad mini 7"
T1895,"30W USB-C Power Adapter, Apple Magic Mouse, MacBook Air M4, USB-C Charging Cable"
T1896,"AirPods Pro (2nd Gen), iPhone 17 Air, iPhone Case"
T1897,"Screen Protector, USB-C Charging Cable, iPhone 15 Pro, iPhone MagSafe Charging Dock"
T1898,"Anker MagSafe Charging Dock, iPhone 17 Pro Max"
T1899,"Belkin MagSafe Charging Stand, Screen Protector, USB-C Charging Cable, USB-C EarPods, iPhone 15 Pro"
T1900,"AirPods Pro (2nd Gen), Lightning Charging Cable, Screen Protector, iPhone 13 Pro, iPhone Case"
T1901,"USB-C Charging Cable, iPhone 16 Pro, iPhone MagSafe Charging Dock"
T1902,"Anker MagSafe Charging Dock, Lightning Charging Cable, Screen Protector, iPhone 14 Plus"
T1903,"Lightning Charging Cable, Lightning EarPods, iPhone 13 Pro Max, iPhone MagSafe Charging Dock"
T1904,"Lightning Charging Cable, iPhone 13, iPhone Case"
T1905,"USB-C EarPods, iPhone 16, iPhone MagSafe Charging Dock"
T1906,"AirPods (3rd Gen), USB-C Charging Cable, iPhone 17, iPhone Case"
T1907,"Apple Pencil (USB-C), Screen Protector (iPad), iPad 10th Gen, iPad Smart Folio"
T1908,"AirPods Pro (2nd Gen), Screen Protector, iPhone 14 Plus, iPhone Case, iPhone MagSafe Charging Dock"
T1909,iPhone 16
T1910,"USB-C Charging Cable, iPad Air M2, iPad Smart Folio"
T1911,"Apple Pencil (USB-C), USB-C Charging Cable, iPad mini 6"
T1912,"30W USB-C Power Adapter, Apple Magic Mouse, MacBook Air M4, USB-C Charging Cable"
T1913,iPhone 17 Pro Max
T1914,"65W USB-C Power Adapter, Apple Magic Mouse, MacBook Pro M4, USB-C Charging Cable"
T1915,"65W USB-C Power Adapter, Apple Magic Keyboard, Apple Magic Mouse, MacBook Pro M1, USB-C Charging Cable"
T1916,"65W USB-C Power Adapter, Apple Magic Mouse, MacBook Pro M2, USB-C Charging Cable"
T1917,"Apple Magic Keyboard, Mac mini M2"
T1918,Apple Watch Series 9
T1919,"Apple Watch Solo Loop, Apple Watch Ultra 2"
T1920,"Lightning EarPods, iPhone 14 Plus, iPhone MagSafe Charging Dock"
T1921,"Apple Magic Keyboard, Apple Magic Mouse, Mac mini M2 Pro"
T1922,"65W USB-C Power Adapter, Apple Magic Mouse, External SSD 1TB, MacBook Pro M3, USB-C Charging Cable"
T1923,"USB-C Charging Cable, iPhone 17 Pro"
T1924,"30W USB-C Power Adapter, MacBook Air M2"
T1925,"Apple Pencil (2nd Gen), USB-C Charging Cable, iPad Magic Keyboard, iPad Pro M4 11-inch"
T1926,"AirPods (3rd Gen), Anker MagSafe Charging Dock, USB-C Charging Cable, iPhone 15"
T1927,"AirPods (3rd Gen), USB-C Charging Cable, iPhone 16 Pro Max, iPhone MagSafe Charging Dock"
T1928,"USB-C Charging Cable, iPad 10th Gen"
T1929,"Screen Protector, iPhone 15 Pro Max, iPhone Case"
T1930,"Apple Pencil (USB-C), Screen Protector (iPad), iPad Smart Folio, iPad mini 6"
T1931,"Marshall Stanmore III, USB-C Charging Cable"
T1932,"Apple Watch Milanese Loop, Apple Watch Ultra 2"
T1933,iPhone 17 Air
T1934,"Screen Protector (iPad), USB-C Charging Cable, iPad 10th Gen"
T1935,"Apple Pencil (USB-C), Screen Protector (iPad), iPad mini 6"
T1936,"AirPods (3rd Gen), Anker MagSafe Charging Dock, USB-C Charging Cable, iPhone 15 Pro Max, iPhone Case"
T1937,"Apple Watch Milanese Loop, Apple Watch Series 11"
T1938,"Screen Protector, USB-C Charging Cable, USB-C EarPods, iPhone 17, iPhone MagSafe Charging Dock"
T1939,Bose SoundLink Flex
T1940,"MacBook Pro M3, USB-C Charging Cable"
T1941,"30W USB-C Power Adapter, AirPods (3rd Gen), Apple Magic Mouse, MacBook Air M1, USB-C Charging Cable"
T1942,"AirPods (3rd Gen), Belkin MagSafe Charging Stand, USB-C Charging Cable, iPhone 15 Pro Max"
T1943,iPhone 16 Pro Max
T1944,"USB-C Charging Cable, iPad Magic Keyboard, iPad Pro M4 13-inch"
T1945,"Apple Magic Keyboard, Apple Magic Mouse, Mac mini M4, Studio Display"
T1946,iPad Pro M4 11-inch
T1947,"iPhone 16 Pro, iPhone Case"
T1948,"Apple Watch Charger, Apple Watch Series 8, Apple Watch Sport Band"
T1949,"Apple Magic Keyboard, Mac mini M2 Pro"
T1950,"Belkin MagSafe Charging Stand, Lightning Charging Cable, Lightning EarPods, Screen Protector, iPhone 13 mini"
T1951,"Apple Watch Milanese Loop, Apple Watch Ultra 2"
T1952,"AirPods (3rd Gen), Screen Protector, USB-C Charging Cable, iPhone 16"
T1953,"AirPods Pro (2nd Gen), Lightning Charging Cable, iPhone 13 mini, iPhone MagSafe Charging Dock"
T1954,Apple Magic Mouse
T1955,iPhone 17 Air
T1956,Marshall Emberton II
T1957,"Apple Magic Keyboard, Apple Magic Mouse, JBL Charge 5, Mac mini M4"
T1958,AirPods (3rd Gen)
T1959,"Apple Watch Solo Loop, Apple Watch Ultra 2"
T1960,"Apple Magic Mouse, USB-C Charging Cable"
T1961,iPhone 16 Pro
T1962,MacBook Pro M3
T1963,"Screen Protector, USB-C Charging Cable, USB-C EarPods, iPhone 17 Pro, iPhone Case"
T1964,"Apple Magic Mouse, MacBook Pro M4, USB-C Charging Cable"
T1965,iPhone 13
T1966,Mac mini M2 Pro
T1967,iPad Air M2
T1968,"AirPods (3rd Gen), Belkin MagSafe Charging Stand, Screen Protector, iPhone 14 Pro Max"
T1969,"Marshall Emberton II, Speaker Carry Case"
T1970,"Screen Protector, USB-C EarPods, iPhone 15 Pro Max, iPhone MagSafe Charging Dock"
T1971,"65W USB-C Power Adapter, MacBook Pro M1"
T1972,"30W USB-C Power Adapter, Apple Magic Mouse, Laptop Sleeve, MacBook Air M1, USB-C Charging Cable"
T1973,"AirPods Pro (2nd Gen), Screen Protector, USB-C Charging Cable, iPhone 16 Pro, iPhone Case"
T1974,"AirPods (3rd Gen), Belkin MagSafe Charging Stand, iPhone 14 Pro Max"
T1975,Mac mini M2 Pro
T1976,"Apple Watch Charger, Apple Watch Series 11, Apple Watch Solo Loop"
T1977,"Lightning Charging Cable, Lightning EarPods, Screen Protector, iPhone 14 Pro Max, iPhone MagSafe Charging Dock"
T1978,"AirPods Pro (2nd Gen), Anker MagSafe Charging Dock, USB-C Charging Cable, iPhone 17"
T1979,"Apple Watch Sport Band, Apple Watch Ultra 2"
T1980,"Apple Watch Charger, Apple Watch Series 9"
T1981,"Apple Magic Keyboard, Mac mini M4"
T1982,"AirPods (3rd Gen), Belkin MagSafe Charging Stand, Lightning Charging Cable, Screen Protector, iPhone 13 mini"
T1983,"30W USB-C Power Adapter, MacBook Air M1, USB-C Charging Cable"
T1984,"Belkin MagSafe Charging Stand, iPhone 13 Pro"
T1985,"Apple Magic Mouse, JBL Flip 6, Mac mini M2"
T1986,"Apple Magic Keyboard, Apple Magic Mouse, MacBook Pro M2, USB-C Charging Cable"
T1987,"Screen Protector, USB-C EarPods, iPhone 16"
T1988,"Apple Pencil (2nd Gen), USB-C Charging Cable, iPad Magic Keyboard, iPad Pro M4 11-inch"
T1989,"Apple Watch Charger, Apple Watch Series 11, Apple Watch Trail Loop"
T1990,Apple Watch Ultra
T1991,"Belkin MagSafe Charging Stand, Lightning EarPods, Screen Protector, iPhone 14 Plus, iPhone Case"
T1992,"Anker MagSafe Charging Dock, USB-C Charging Cable, iPhone 15 Pro"
T1993,"30W USB-C Power Adapter, AirPods (3rd Gen), Apple Magic Mouse, MacBook Air M1"
T1994,"Anker MagSafe Charging Dock, Screen Protector, USB-C Charging Cable, USB-C EarPods, iPhone 17 Pro Max, iPhone Case"
T1995,"AirPods Pro (2nd Gen), USB-C Charging Cable"
T1996,"Belkin MagSafe Charging Stand, Lightning Charging Cable, Lightning EarPods, iPhone 13 mini"
T1997,"Anker MagSafe Charging Dock, USB-C Charging Cable, USB-C EarPods, iPhone 15 Pro Max"
T1998,"Apple Magic Keyboard, Apple Magic Mouse, Mac mini M4"
T1999,"USB-C Charging Cable, USB-C EarPods, iPhone 15 Pro, iPhone MagSafe Charging Dock"
T2000,MacBook Air M1
T2001,Apple Watch Series 8
T2002,"USB-C Charging Cable, iPhone 15 Pro"
T2003,"Lightning EarPods, iPhone 14 Pro Max, iPhone MagSafe Charging Dock"
T2004,"AirPods (3rd Gen), iPhone 15 Plus"
T2005,iPhone 15 Pro
T2006,"Apple Magic Keyboard, Apple Magic Mouse, Mac mini M2"
T2007,"Lightning Charging Cable, Screen Protector, iPhone 13 Pro Max, iPhone Case, iPhone MagSafe Charging Dock"
T2008,"Bose SoundLink Flex, Speaker Carry Case"
T2009,"AirPods (3rd Gen), MacBook Air M3"
T2010,"AirPods (3rd Gen), Anker MagSafe Charging Dock, iPhone 13"
T2011,"Belkin MagSafe Charging Stand, Screen Protector, USB-C Charging Cable, iPhone 15 Pro"
T2012,"Apple Watch Charger, Apple Watch Series 9"
T2013,"65W USB-C Power Adapter, AirPods Pro (2nd Gen), MacBook Pro M1"
T2014,"65W USB-C Power Adapter, AirPods Pro (2nd Gen), Apple Magic Mouse, MacBook Pro M2, USB-C Charging Cable"
T2015,Apple Watch Ultra
T2016,"Belkin MagSafe Charging Stand, USB-C Charging Cable, iPhone 15 Pro Max, iPhone Case"
T2017,"30W USB-C Power Adapter, MacBook Air M2"
T2018,"AirPods Pro (2nd Gen), Lightning Charging Cable, iPhone 14 Pro Max, iPhone MagSafe Charging Dock"
T2019,"Screen Protector, USB-C Charging Cable, iPhone 15 Plus, iPhone Case"
T2020,"65W USB-C Power Adapter, MacBook Pro M4"
T2021,AirPods (3rd Gen)
T2022,"Lightning Charging Cable, Lightning EarPods, iPhone 13 mini, iPhone MagSafe Charging Dock"
T2023,"Apple Magic Keyboard, Apple Magic Mouse, Mac mini M4, Studio Display"
T2024,"Apple Watch Charger, Apple Watch Milanese Loop, Apple Watch Series 10"
T2025,iPhone 14 Pro
T2026,"30W USB-C Power Adapter, MacBook Air M2"
T2027,Apple Watch Series 9
T2028,"Screen Protector (iPad), iPad Magic Keyboard, iPad Pro M4 11-inch"
T2029,iPad Pro M4 13-inch
T2030,"Belkin MagSafe Charging Stand, USB-C Charging Cable, USB-C EarPods, iPhone 16 Pro Max"
T2031,"Apple Watch Series 10, Apple Watch Solo Loop"
T2032,iPhone 13 mini
T2033,Apple Watch Series 11
T2034,"30W USB-C Power Adapter, Apple Magic Mouse, MacBook Air M1"
T2035,"AirPods (3rd Gen), Lightning Charging Cable, iPhone 13"
T2036,"AirPods (3rd Gen), Lightning Charging Cable, iPhone 13, iPhone MagSafe Charging Dock"
T2037,"Apple Watch Charger, Apple Watch Milanese Loop, Apple Watch Series 9"
T2038,"Apple Magic Keyboard, Apple Magic Mouse, JBL Charge 5, Mac mini M4"
T2039,iPhone 16 Plus
T2040,AirPods (3rd Gen)
T2041,"30W USB-C Power Adapter, Apple Magic Mouse, MacBook Air M3, USB-C Charging Cable"
T2042,"Apple Watch Series 9, Apple Watch Sport Band"
T2043,"Screen Protector, USB-C Charging Cable, USB-C EarPods, iPhone 17, iPhone Case"
T2044,iPhone 13
T2045,"AirPods Pro (2nd Gen), Belkin MagSafe Charging Stand, USB-C Charging Cable, iPhone 17 Air, iPhone Case"
T2046,iPhone 13 Pro
T2047,"Belkin MagSafe Charging Stand, USB-C Charging Cable, USB-C EarPods, iPhone 15 Pro Max"
T2048,AirPods Pro (2nd Gen)
T2049,iPad mini 6
T2050,Apple Watch Ultra
T2051,"AirPods Pro (2nd Gen), Anker MagSafe Charging Dock, USB-C Charging Cable, iPhone 16 Plus"
T2052,"30W USB-C Power Adapter, AirPods (3rd Gen), MacBook Air M4, USB-C Charging Cable"
T2053,"Apple Pencil (2nd Gen), Screen Protector (iPad), USB-C Charging Cable, iPad Pro M4 11-inch"
T2054,"MacBook Air M2, USB-C Charging Cable"
T2055,"AirPods (3rd Gen), Belkin MagSafe Charging Stand, USB-C Charging Cable, iPhone 15, iPhone Case"
T2056,MacBook Air M2
T2057,"AirPods Pro (2nd Gen), Lightning Charging Cable, Screen Protector, iPhone 14 Pro Max, iPhone MagSafe Charging Dock"
T2058,"USB-C Charging Cable, USB-C EarPods, iPhone 15 Pro"
T2059,MacBook Pro M2
T2060,"Apple Watch Charger, Apple Watch Series 9"
T2061,"AirPods Pro (2nd Gen), Lightning Charging Cable, Screen Protector, iPhone 13 Pro Max"
T2062,"65W USB-C Power Adapter, MacBook Pro M1, USB-C Charging Cable"
T2063,"USB-C Charging Cable, USB-C EarPods, iPhone 15 Plus, iPhone Case, iPhone MagSafe Charging Dock"
T2064,"Apple Pencil (2nd Gen), USB-C Charging Cable, iPad Pro M4 11-inch"
T2065,"Lightning Charging Cable, Lightning EarPods, iPhone 14 Pro Max, iPhone Case, iPhone MagSafe Charging Dock"
T2066,"Apple Watch Charger, Apple Watch Series 11, Apple Watch Trail Loop, Screen Protector (Watch)"
T2067,"Apple Magic Keyboard, Apple Magic Mouse, LG UltraFine 5K Display, Mac mini M4"
T2068,"Screen Protector (iPad), USB-C Charging Cable, iPad 10th Gen"
T2069,iPhone 13 mini
T2070,"USB-C Charging Cable, USB-C EarPods, iPhone 17 Air, iPhone Case"
T2071,"AirPods (3rd Gen), Lightning Charging Cable, iPhone 14 Pro, iPhone Case, iPhone MagSafe Charging Dock"
T2072,"Lightning Charging Cable, Lightning EarPods, Screen Protector, iPhone 13, iPhone MagSafe Charging Dock"
T2073,"Apple Pencil (2nd Gen), Screen Protector (iPad), iPad Pro M4 11-inch"
T2074,"65W USB-C Power Adapter, AirPods Pro (2nd Gen), Apple Magic Mouse, External SSD 1TB, MacBook Pro M3"
T2075,"Apple Magic Mouse, Mac mini M4, Marshall Stanmore III, USB-C Hub"
T2076,JBL Flip 6
T2077,MacBook Air M1
T2078,"Anker MagSafe Charging Dock, iPhone 16 Pro"
T2079,"30W USB-C Power Adapter, Laptop Sleeve, MacBook Air M3, USB-C Charging Cable"
T2080,"USB-C EarPods, iPhone 17 Air, iPhone MagSafe Charging Dock"
T2081,"AirPods Pro (2nd Gen), Belkin MagSafe Charging Stand, iPhone 14"
T2082,MacBook Pro M2
T2083,"Lightning EarPods, iPhone 13 mini, iPhone MagSafe Charging Dock"
T2084,"Apple Watch Charger, Apple Watch Series 8, Apple Watch Sport Band"
T2085,"Anker MagSafe Charging Dock, Lightning Charging Cable, iPhone 14 Pro Max, iPhone Case"
T2086,"Apple Watch Charger, Apple Watch Series 11, Apple Watch Sport Band"
T2087,"Anker MagSafe Charging Dock, Lightning Charging Cable, Lightning EarPods, iPhone 14 Pro Max, iPhone Case"
T2088,"USB-C Charging Cable, iPhone 15, iPhone Case"
T2089,Bose SoundLink Flex
T2090,"USB-C Charging Cable, iPad 10th Gen, iPad Smart Folio"
T2091,iPhone 16 Pro
T2092,"Apple Watch Charger, Apple Watch Series 10, Apple Watch Solo Loop"
T2093,"AirPods Pro (2nd Gen), Anker MagSafe Charging Dock, USB-C Charging Cable, iPhone 16 Plus, iPhone Case"
T2094,"Lightning Charging Cable, Lightning EarPods, iPhone 14 Plus"
T2095,"30W USB-C Power Adapter, Apple Magic Mouse, Laptop Sleeve, MacBook Air M3"
T2096,Apple Magic Keyboard
T2097,"USB-C EarPods, iPhone 15 Pro"
T2098,"Anker MagSafe Charging Dock, USB-C EarPods, iPhone 17 Pro Max, iPhone Case"
T2099,"Belkin MagSafe Charging Stand, Screen Protector, USB-C Charging Cable, USB-C EarPods, iPhone 17 Air"
T2100,MacBook Pro M2
T2101,"Apple Watch Charger, Apple Watch Sport Band, Apple Watch Ultra"
T2102,"MacBook Pro M3, USB-C Charging Cable"
T2103,"JBL Flip 6, USB-C Charging Cable"
T2104,"AirPods Pro (2nd Gen), USB-C Charging Cable, iPhone 17 Pro, iPhone Case"
T2105,"USB-C Charging Cable, USB-C EarPods, iPhone 16"
T2106,Apple Watch Series 8
T2107,"Anker MagSafe Charging Dock, USB-C Charging Cable, iPhone 15 Plus, iPhone Case"
T2108,"Apple Magic Keyboard, Apple Magic Mouse, LG UltraFine 5K Display, Mac mini M4"
T2109,MacBook Pro M3
T2110,"AirPods (3rd Gen), Belkin MagSafe Charging Stand, Screen Protector, iPhone 16 Plus, iPhone Case"
T2111,"Belkin MagSafe Charging Stand, Screen Protector, USB-C Charging Cable, USB-C EarPods, iPhone 17 Air"
T2112,"Apple Magic Mouse, Mac mini M4"
T2113,Apple Watch Ultra
T2114,"MacBook Air M2, USB-C Charging Cable"
T2115,"LG UltraFine 5K Display, Mac mini M4, USB-C Hub"
T2116,"Belkin MagSafe Charging Stand, Screen Protector, USB-C Charging Cable, USB-C EarPods, iPhone 17 Air"
T2117,"USB-C Charging Cable, iPhone 17, iPhone MagSafe Charging Dock"
T2118,"Apple Magic Mouse, LG UltraFine 5K Display, Mac mini M2 Pro"
T2119,iPhone 16 Pro Max
T2120,"Apple Magic Mouse, Mac mini M4"
T2121,"USB-C Charging Cable, iPhone 16 Plus, iPhone MagSafe Charging Dock"
T2122,"30W USB-C Power Adapter, Laptop Sleeve, MacBook Air M4"
T2123,"AirPods (3rd Gen), Anker MagSafe Charging Dock, USB-C Charging Cable, iPhone 16"
T2124,"65W USB-C Power Adapter, External SSD 1TB, MacBook Pro M3, USB-C Charging Cable"
T2125,"USB-C Charging Cable, USB-C EarPods, iPhone 17 Pro Max, iPhone MagSafe Charging Dock"
T2126,"Apple Watch Trail Loop, Apple Watch Ultra"
T2127,"AirPods Pro (2nd Gen), Belkin MagSafe Charging Stand, USB-C Charging Cable, iPhone 16 Pro Max, iPhone Case"
T2128,"Apple Pencil (2nd Gen), USB-C Charging Cable, iPad Magic Keyboard, iPad Pro M4 11-inch"
T2129,"Anker MagSafe Charging Dock, USB-C EarPods, iPhone 16"
T2130,"Screen Protector, USB-C Charging Cable, USB-C EarPods, iPhone 17 Pro Max, iPhone MagSafe Charging Dock"
T2131,"Screen Protector, USB-C Charging Cable, USB-C EarPods, iPhone 16"
T2132,"Belkin MagSafe Charging Stand, Screen Protector, iPhone 15"
T2133,"Belkin MagSafe Charging Stand, USB-C Charging Cable, USB-C EarPods, iPhone 16 Pro Max"
T2134,iPhone 15 Pro Max
T2135,"Anker MagSafe Charging Dock, USB-C Charging Cable, iPhone 15 Pro Max"
T2136,"Apple Magic Keyboard, Apple Magic Mouse, Mac mini M2 Pro, Studio Display"
T2137,"Anker MagSafe Charging Dock, Screen Protector, iPhone 16 Pro"
T2138,iPad 10th Gen
T2139,"AirPods (3rd Gen), USB-C Charging Cable, iPhone 15 Plus, iPhone Case"
T2140,Mac mini M2 Pro
T2141,Mac mini M4
T2142,"Lightning Charging Cable, iPhone 14 Pro Max, iPhone Case"
T2143,"USB-C Charging Cable, USB-C EarPods, iPhone 15 Plus, iPhone Case"
T2144,MacBook Air M4
T2145,"Apple Pencil (USB-C), USB-C Charging Cable, iPad mini 6"
T2146,"Mac mini M2, Studio Display"
T2147,"65W USB-C Power Adapter, Apple Magic Mouse, External SSD 1TB, MacBook Pro M3"
T2148,"USB-C Charging Cable, iPad Air M2, iPad Smart Folio"
T2149,iPhone 13 Pro
T2150,"Belkin MagSafe Charging Stand, iPhone 15 Plus, iPhone Case"
T2151,"USB-C Charging Cable, iPad Magic Keyboard, iPad Pro M4 11-inch"
T2152,iPad mini 6
T2153,"Anker MagSafe Charging Dock, Screen Protector, USB-C Charging Cable, USB-C EarPods, iPhone 17"
T2154,"Screen Protector (iPad), USB-C Charging Cable, iPad mini 6"
T2155,"30W USB-C Power Adapter, AirPods (3rd Gen), MacBook Air M1, USB-C Charging Cable"
T2156,"Belkin MagSafe Charging Stand, Lightning Charging Cable, Lightning EarPods, iPhone 13 Pro"
T2157,"65W USB-C Power Adapter, Apple Magic Mouse, MacBook Pro M1, USB-C Charging Cable"
T2158,"65W USB-C Power Adapter, MacBook Pro M4"
T2159,iPad Air M2
T2160,Apple Magic Mouse
T2161,"30W USB-C Power Adapter, MacBook Air M1, USB-C Charging Cable"
T2162,"30W USB-C Power Adapter, MacBook Air M3"
T2163,"AirPods Pro (2nd Gen), Belkin MagSafe Charging Stand, iPhone 15 Plus"
T2164,"30W USB-C Power Adapter, MacBook Air M2"
T2165,"AirPods (3rd Gen), iPhone 17, iPhone Case"
T2166,MacBook Pro M1
T2167,"Anker MagSafe Charging Dock, Screen Protector, USB-C EarPods, iPhone 15 Pro, iPhone Case"
T2168,"Lightning EarPods, Screen Protector, iPhone 14 Plus, iPhone Case"
T2169,"Anker MagSafe Charging Dock, USB-C Charging Cable, iPhone 16 Plus"
T2170,"Apple Magic Mouse, Mac mini M4"
T2171,"65W USB-C Power Adapter, Apple Magic Keyboard, Apple Magic Mouse, MacBook Pro M1, USB-C Charging Cable"
T2172,"USB-C Charging Cable, iPhone 15 Pro Max, iPhone MagSafe Charging Dock"
T2173,Apple Watch Series 9
T2174,"iPhone 17 Pro, iPhone MagSafe Charging Dock"
T2175,"Lightning Charging Cable, Lightning EarPods, iPhone 13 Pro Max"
T2176,"Apple Watch Milanese Loop, Apple Watch Series 8"
T2177,"Lightning EarPods, Screen Protector, iPhone 13 Pro"
T2178,iPhone 15 Pro Max
T2179,"Belkin MagSafe Charging Stand, USB-C Charging Cable, USB-C EarPods, iPhone 15 Pro, iPhone Case"
T2180,"AirPods (3rd Gen), Belkin MagSafe Charging Stand, USB-C Charging Cable, iPhone 17 Pro, iPhone Case"
T2181,"Lightning Charging Cable, Lightning EarPods, iPhone 14, iPhone Case"
T2182,Apple Watch Series 11
T2183,iPad Pro M4 11-inch
T2184,"AirPods Pro (2nd Gen), USB-C Charging Cable"
T2185,"Apple Magic Mouse, Mac mini M2 Pro, USB-C Hub"
T2186,"Anker MagSafe Charging Dock, Lightning Charging Cable, Lightning EarPods, iPhone 14 Pro, iPhone Case"
T2187,"Screen Protector, USB-C Charging Cable, USB-C EarPods, iPhone 17, iPhone MagSafe Charging Dock"
T2188,"Anker MagSafe Charging Dock, Lightning EarPods, iPhone 13"
T2189,"65W USB-C Power Adapter, MacBook Pro M1, USB-C Charging Cable"
T2190,"iPad Magic Keyboard, iPad Pro M4 11-inch"
T2191,"Apple Magic Keyboard, Mac mini M2, Studio Display"
T2192,MacBook Air M1
T2193,"Anker MagSafe Charging Dock, Lightning Charging Cable, Lightning EarPods, iPhone 14 Pro"
T2194,"JBL Charge 5, Speaker Carry Case, USB-C Charging Cable"
T2195,"30W USB-C Power Adapter, Laptop Sleeve, MacBook Air M3"
T2196,"Screen Protector, USB-C Charging Cable, USB-C EarPods, iPhone 16 Plus, iPhone Case, iPhone MagSafe Charging Dock"
T2197,Apple Watch Series 9
T2198,"30W USB-C Power Adapter, MacBook Air M3, USB-C Charging Cable"
T2199,"AirPods (3rd Gen), MacBook Air M3, USB-C Charging Cable"
T2200,"Lightning Charging Cable, Lightning EarPods, iPhone 14"
T2201,Apple Magic Keyboard
T2202,"Lightning EarPods, iPhone 13 Pro"
T2203,"Lightning Charging Cable, Lightning EarPods, Screen Protector, iPhone 13 Pro Max, iPhone MagSafe Charging Dock"
T2204,"Lightning Charging Cable, Screen Protector, iPhone 13, iPhone Case, iPhone MagSafe Charging Dock"
T2205,"Apple Pencil (USB-C), Screen Protector (iPad), iPad Air M2"
T2206,"Anker MagSafe Charging Dock, USB-C Charging Cable, USB-C EarPods, iPhone 17 Air, iPhone Case"
T2207,Marshall Emberton II
T2208,"65W USB-C Power Adapter, AirPods Pro (2nd Gen), Apple Magic Keyboard, External SSD 1TB, MacBook Pro M1"
T2209,"Apple Magic Keyboard, External SSD 1TB, MacBook Pro M4, USB-C Charging Cable"
T2210,"Apple Magic Mouse, Mac mini M2 Pro"
T2211,"Belkin MagSafe Charging Stand, Lightning Charging Cable, iPhone 13"
T2212,"Apple Pencil (USB-C), Screen Protector (iPad), iPad Air M2, iPad Smart Folio"
T2213,"AirPods (3rd Gen), USB-C Charging Cable, iPhone 17 Pro, iPhone Case"
T2214,"30W USB-C Power Adapter, Laptop Sleeve, MacBook Air M1, USB-C Charging Cable"
T2215,"30W USB-C Power Adapter, MacBook Air M4, USB-C Charging Cable"
T2216,"Anker MagSafe Charging Dock, Screen Protector, USB-C Charging Cable, USB-C EarPods, iPhone 15 Pro Max"
T2217,"65W USB-C Power Adapter, MacBook Pro M1, USB-C Charging Cable"
T2218,"Apple Pencil (2nd Gen), iPad Magic Keyboard, iPad Pro M4 11-inch"
T2219,"Screen Protector, USB-C EarPods, iPhone 16 Pro"
T2220,"Screen Protector, USB-C Charging Cable, USB-C EarPods, iPhone 17 Air"
T2221,"AirPods (3rd Gen), iPhone 16"
T2222,"Apple Pencil (USB-C), USB-C Charging Cable, iPad Air M2, iPad Smart Folio"
T2223,"30W USB-C Power Adapter, Apple Magic Mouse, Laptop Sleeve, MacBook Air M4, USB-C Charging Cable"
T2224,"Screen Protector, USB-C Charging Cable, iPhone 16 Pro Max, iPhone Case"
T2225,iPhone 13
T2226,"AirPods (3rd Gen), Anker MagSafe Charging Dock, Screen Protector, iPhone 17"
T2227,iPad 10th Gen
T2228,"65W USB-C Power Adapter, Apple Magic Mouse, MacBook Pro M4, USB-C Charging Cable"
T2229,AirPods (3rd Gen)
T2230,Apple Magic Keyboard
T2231,"Anker MagSafe Charging Dock, USB-C Charging Cable, USB-C EarPods, iPhone 17 Pro Max, iPhone Case"
T2232,"Lightning Charging Cable, Screen Protector, iPhone 13 Pro Max, iPhone Case"
T2233,iPad Air M2
T2234,"USB-C Charging Cable, USB-C EarPods, iPhone 15 Pro, iPhone MagSafe Charging Dock"
T2235,"Apple Magic Keyboard, Mac mini M2 Pro, Marshall Emberton II, Studio Display, USB-C Hub"
T2236,"Apple Watch Charger, Apple Watch Series 9, Apple Watch Sport Band, Screen Protector (Watch)"
T2237,"Screen Protector, USB-C EarPods, iPhone 15 Plus, iPhone MagSafe Charging Dock"
T2238,"AirPods (3rd Gen), Belkin MagSafe Charging Stand, iPhone 14, iPhone Case"
T2239,"30W USB-C Power Adapter, MacBook Air M1, USB-C Charging Cable"
T2240,"65W USB-C Power Adapter, External SSD 1TB, MacBook Pro M1"
T2241,"Lightning Charging Cable, Lightning EarPods, Screen Protector, iPhone 13 mini, iPhone Case, iPhone MagSafe Charging Dock"
T2242,"30W USB-C Power Adapter, AirPods (3rd Gen), MacBook Air M1"
T2243,Apple Magic Keyboard
T2244,"AirPods (3rd Gen), iPhone 13"
T2245,"USB-C Charging Cable, iPad mini 7"
T2246,iPhone 14 Plus
T2247,"iPhone 14 Pro Max, iPhone Case, iPhone MagSafe Charging Dock"
T2248,"USB-C Charging Cable, iPhone 16 Plus, iPhone MagSafe Charging Dock"
T2249,"65W USB-C Power Adapter, Apple Magic Mouse, MacBook Pro M4, USB-C Charging Cable"
T2250,"USB-C Charging Cable, iPad Air M2, iPad Smart Folio"
T2251,"Apple Pencil (2nd Gen), Screen Protector (iPad), iPad Pro M4 13-inch"
T2252,"65W USB-C Power Adapter, AirPods Pro (2nd Gen), Apple Magic Keyboard, Apple Magic Mouse, MacBook Pro M2, USB-C Charging Cable"
T2253,MacBook Air M3
T2254,"Apple Watch Trail Loop, Apple Watch Ultra 2, Screen Protector (Watch)"
T2255,"65W USB-C Power Adapter, Apple Magic Keyboard, MacBook Pro M3, USB-C Charging Cable"
T2256,"30W USB-C Power Adapter, AirPods (3rd Gen), MacBook Air M1"
T2257,"30W USB-C Power Adapter, MacBook Air M4, USB-C Charging Cable"
T2258,iPad mini 7
T2259,"USB-C Charging Cable, USB-C EarPods, iPhone 15, iPhone Case, iPhone MagSafe Charging Dock"
T2260,"USB-C Charging Cable, iPhone 15, iPhone Case"
T2261,"AirPods Pro (2nd Gen), Belkin MagSafe Charging Stand, Screen Protector, iPhone 14 Pro Max, iPhone Case"
T2262,iPhone 17 Pro Max
T2263,"USB-C EarPods, iPhone 16 Pro Max, iPhone MagSafe Charging Dock"
T2264,iPhone 13 Pro Max
T2265,AirPods (3rd Gen)
T2266,"AirPods (3rd Gen), Apple Magic Mouse, Laptop Sleeve, MacBook Air M4, USB-C Charging Cable"
T2267,"Belkin MagSafe Charging Stand, iPhone 14 Pro Max"
T2268,"AirPods (3rd Gen), Apple Magic Mouse, Laptop Sleeve, MacBook Air M2, USB-C Charging Cable"
T2269,"Anker MagSafe Charging Dock, Screen Protector, iPhone 17 Air, iPhone Case"
T2270,Apple Watch Ultra 2
T2271,"AirPods (3rd Gen), Lightning Charging Cable, Screen Protector, iPhone 14 Pro Max, iPhone Case, iPhone MagSafe Charging Dock"
T2272,"Apple Magic Mouse, MacBook Pro M4, USB-C Charging Cable"
T2273,"USB-C EarPods, iPhone 16, iPhone MagSafe Charging Dock"
T2274,"65W USB-C Power Adapter, AirPods Pro (2nd Gen), Apple Magic Mouse, MacBook Pro M3, USB-C Charging Cable"
T2275,"AirPods (3rd Gen), Belkin MagSafe Charging Stand, iPhone 17 Pro"
T2276,iPad Pro M4 13-inch
T2277,"Apple Magic Keyboard, Apple Magic Mouse, Mac mini M4"
T2278,"65W USB-C Power Adapter, Apple Magic Keyboard, External SSD 1TB, MacBook Pro M2"
T2279,"65W USB-C Power Adapter, Apple Magic Mouse, External SSD 1TB, MacBook Pro M1, USB-C Charging Cable"
T2280,"USB-C Charging Cable, iPad mini 6"
T2281,"Screen Protector (iPad), iPad Smart Folio, iPad mini 6"
T2282,"Apple Pencil (2nd Gen), Screen Protector (iPad), iPad Pro M4 11-inch"
T2283,"Apple Pencil (2nd Gen), USB-C Charging Cable, iPad Pro M4 13-inch"
T2284,"Apple Watch Charger, Apple Watch Series 8, Apple Watch Solo Loop"
T2285,"Apple Pencil (USB-C), iPad Air M2, iPad Smart Folio"
T2286,"AirPods (3rd Gen), Anker MagSafe Charging Dock, Screen Protector, USB-C Charging Cable, iPhone 16"
T2287,"Belkin MagSafe Charging Stand, Screen Protector, USB-C Charging Cable, USB-C EarPods, iPhone 15 Pro Max"
T2288,"Apple Pencil (2nd Gen), USB-C Charging Cable, iPad Magic Keyboard, iPad Pro M4 13-inch"
T2289,"30W USB-C Power Adapter, AirPods (3rd Gen), Apple Magic Mouse, Laptop Sleeve, MacBook Air M1, USB-C Charging Cable"
T2290,"Belkin MagSafe Charging Stand, Lightning Charging Cable, Lightning EarPods, iPhone 13 Pro, iPhone Case"
T2291,"Apple Pencil (2nd Gen), USB-C Charging Cable, iPad Pro M4 13-inch"
T2292,"USB-C Charging Cable, iPad 10th Gen, iPad Smart Folio"
T2293,Apple Watch Series 9
T2294,"Belkin MagSafe Charging Stand, USB-C Charging Cable, USB-C EarPods, iPhone 17 Air"
T2295,"MacBook Air M1, USB-C Charging Cable"
T2296,"USB-C Charging Cable, USB-C EarPods, iPhone 15 Pro"
T2297,MacBook Air M1
T2298,"Belkin MagSafe Charging Stand, iPhone 15 Pro"
T2299,"AirPods Pro (2nd Gen), Anker MagSafe Charging Dock, Lightning Charging Cable, Screen Protector, iPhone 13 Pro, iPhone Case"
T2300,"Apple Pencil (2nd Gen), Screen Protector (iPad), iPad Pro M4 13-inch"
T2301,MacBook Air M1
T2302,"AirPods Pro (2nd Gen), Lightning Charging Cable, iPhone 14 Plus, iPhone Case"
T2303,iPhone 15 Pro Max
T2304,iPhone 16 Plus
T2305,"iPhone 13, iPhone Case, iPhone MagSafe Charging Dock"
T2306,iPad Pro M4 11-inch
T2307,"Apple Pencil (USB-C), iPad Air M2, iPad Smart Folio"
T2308,iPhone 17 Pro
T2309,"AirPods Pro (2nd Gen), Belkin MagSafe Charging Stand, iPhone 15 Pro"
T2310,"30W USB-C Power Adapter, Apple Magic Mouse, MacBook Air M4"
T2311,"Apple Watch Series 10, Apple Watch Trail Loop"
T2312,"Apple Magic Mouse, MacBook Pro M4, USB-C Charging Cable"
T2313,"30W USB-C Power Adapter, AirPods (3rd Gen), Apple Magic Mouse, MacBook Air M1, USB-C Charging Cable"
T2314,Apple Watch Series 8
T2315,"JBL Flip 6, Speaker Carry Case"
T2316,"Apple Magic Keyboard, LG UltraFine 5K Display, Mac mini M2 Pro, USB-C Hub"
T2317,"Apple Magic Keyboard, Mac mini M2 Pro, Studio Display, USB-C Hub"
T2318,"Apple Magic Mouse, JBL Flip 6, Mac mini M2 Pro, Studio Display"
T2319,"AirPods (3rd Gen), Anker MagSafe Charging Dock, Screen Protector, USB-C Charging Cable, iPhone 16"
T2320,"Lightning Charging Cable, iPhone 14 Pro Max, iPhone Case"
T2321,JBL Charge 5
T2322,"Apple Pencil (2nd Gen), Screen Protector (iPad), iPad Pro M4 11-inch"
T2323,Apple Watch Series 11
T2324,iPhone 14 Pro Max
T2325,"Anker MagSafe Charging Dock, USB-C Charging Cable, USB-C EarPods, iPhone 15"
T2326,"Lightning Charging Cable, Screen Protector, iPhone 14 Pro Max, iPhone MagSafe Charging Dock"
T2327,"Apple Watch Charger, Apple Watch Trail Loop, Apple Watch Ultra"
T2328,"Apple Magic Mouse, Mac mini M2 Pro, Studio Display"
T2329,"Apple Magic Keyboard, Mac mini M2 Pro, Studio Display, USB-C Hub"
T2330,iPhone 13 Pro Max
T2331,"Apple Pencil (2nd Gen), USB-C Charging Cable, iPad Pro M4 13-inch"
T2332,"USB-C Charging Cable, USB-C EarPods, iPhone 15, iPhone Case, iPhone MagSafe Charging Dock"
T2333,Mac mini M2
T2334,MacBook Air M2
T2335,"Screen Protector, USB-C Charging Cable, USB-C EarPods, iPhone 17 Pro Max, iPhone MagSafe Charging Dock"
T2336,"65W USB-C Power Adapter, MacBook Pro M3, USB-C Charging Cable"
T2337,"Apple Pencil (USB-C), Screen Protector (iPad), iPad Air M2, iPad Smart Folio"
T2338,"Apple Watch Charger, Apple Watch Milanese Loop, Apple Watch Series 9"
T2339,"Apple Watch Charger, Apple Watch Series 8, Apple Watch Trail Loop, Screen Protector (Watch)"
T2340,"Apple Watch Solo Loop, Apple Watch Ultra"
T2341,"Apple Watch Charger, Apple Watch Series 10, Apple Watch Trail Loop"
T2342,"Lightning Charging Cable, iPhone 13, iPhone Case"
T2343,iPhone 13
T2344,"Apple Magic Keyboard, JBL Charge 5, Mac mini M2 Pro, USB-C Hub"
T2345,"30W USB-C Power Adapter, Laptop Sleeve, MacBook Air M2, USB-C Charging Cable"
T2346,MacBook Air M2
T2347,"Anker MagSafe Charging Dock, Lightning Charging Cable, Lightning EarPods, iPhone 13"
T2348,"Screen Protector (iPad), USB-C Charging Cable, iPad 10th Gen, iPad Smart Folio"
T2349,Apple Watch Series 10
T2350,iPhone 16 Pro
T2351,"65W USB-C Power Adapter, AirPods Pro (2nd Gen), Apple Magic Keyboard, External SSD 1TB, MacBook Pro M3, USB-C Charging Cable"
T2352,"Apple Magic Mouse, Mac mini M2 Pro"
T2353,"30W USB-C Power Adapter, Laptop Sleeve, MacBook Air M1"
T2354,"Apple Pencil (2nd Gen), Screen Protector (iPad), iPad Pro M4 13-inch"
T2355,"Belkin MagSafe Charging Stand, Lightning Charging Cable, Lightning EarPods, Screen Protector, iPhone 13 Pro, iPhone Case"
T2356,"Belkin MagSafe Charging Stand, USB-C Charging Cable, USB-C EarPods, iPhone 15"
T2357,"Belkin MagSafe Charging Stand, iPhone 15"
T2358,iPad Air M2
T2359,"USB-C EarPods, iPhone 15, iPhone MagSafe Charging Dock"
T2360,MacBook Pro M2
T2361,"Apple Pencil (2nd Gen), USB-C Charging Cable, iPad Magic Keyboard, iPad Pro M4 13-inch"
T2362,"65W USB-C Power Adapter, AirPods Pro (2nd Gen), External SSD 1TB, MacBook Pro M3, USB-C Charging Cable"
T2363,"Screen Protector, USB-C Charging Cable, iPhone 16 Pro"
T2364,"Apple Watch Charger, Apple Watch Series 11, Apple Watch Sport Band"
T2365,"USB-C Charging Cable, iPad Smart Folio, iPad mini 7"
T2366,iPhone 13 Pro Max
T2367,Apple Magic Mouse
T2368,"Apple Pencil (USB-C), iPad 10th Gen, iPad Smart Folio"
T2369,"30W USB-C Power Adapter, AirPods (3rd Gen), MacBook Air M1, USB-C Charging Cable"
T2370,"Apple Pencil (USB-C), iPad 10th Gen, iPad Smart Folio"
T2371,"MacBook Air M3, USB-C Charging Cable"
T2372,"Anker MagSafe Charging Dock, Screen Protector, iPhone 15 Pro"
T2373,"AirPods Pro (2nd Gen), Anker MagSafe Charging Dock, iPhone 17"
T2374,"Screen Protector (iPad), USB-C Charging Cable, iPad Smart Folio, iPad mini 7"
T2375,"Screen Protector, USB-C EarPods, iPhone 17 Air"
T2376,"AirPods (3rd Gen), Lightning Charging Cable, iPhone 13 mini, iPhone MagSafe Charging Dock"
T2377,"Apple Pencil (USB-C), iPad mini 6"
T2378,"AirPods (3rd Gen), Laptop Sleeve, MacBook Air M3"
T2379,Mac mini M4
T2380,"Apple Watch Charger, Apple Watch Ultra"
T2381,iPhone 17 Pro Max
T2382,"Belkin MagSafe Charging Stand, USB-C Charging Cable, iPhone 17 Air, iPhone Case"
T2383,iPad mini 7
T2384,"USB-C Charging Cable, iPad 10th Gen, iPad Smart Folio"
T2385,"Anker MagSafe Charging Dock, USB-C Charging Cable, iPhone 16"
T2386,"Apple Magic Mouse, Mac mini M2"
T2387,Apple Watch Series 8
T2388,iPhone 17 Pro Max
T2389,"65W USB-C Power Adapter, AirPods Pro (2nd Gen), MacBook Pro M1, USB-C Charging Cable"
T2390,"AirPods (3rd Gen), Anker MagSafe Charging Dock, iPhone 15 Plus"
T2391,"JBL Flip 6, USB-C Charging Cable"
T2392,"USB-C Charging Cable, USB-C EarPods, iPhone 17 Air, iPhone MagSafe Charging Dock"
T2393,MacBook Air M1
T2394,"Apple Watch Series 9, Apple Watch Trail Loop"
T2395,"Belkin MagSafe Charging Stand, USB-C Charging Cable, iPhone 17 Pro Max"
T2396,"AirPods (3rd Gen), iPhone 13"
T2397,"Lightning Charging Cable, Lightning EarPods, iPhone 13 Pro"
T2398,iPad mini 7
T2399,"Apple Watch Series 9, Apple Watch Trail Loop"
T2400,iPhone 14 Pro Max
T2401,"Anker MagSafe Charging Dock, USB-C EarPods, iPhone 16"
T2402,"AirPods (3rd Gen), Apple Magic Mouse, Laptop Sleeve, MacBook Air M3, USB-C Charging Cable"
T2403,"USB-C EarPods, iPhone 16 Pro, iPhone Case"
T2404,"65W USB-C Power Adapter, AirPods Pro (2nd Gen), Apple Magic Mouse, MacBook Pro M2, USB-C Charging Cable"
T2405,"30W USB-C Power Adapter, MacBook Air M4"
T2406,"AirPods (3rd Gen), iPhone 17 Pro Max"
T2407,"USB-C EarPods, iPhone 15 Pro"
T2408,"Apple Magic Keyboard, Apple Magic Mouse, Mac mini M2 Pro, Studio Display"
T2409,"30W USB-C Power Adapter, Apple Magic Mouse, Laptop Sleeve, MacBook Air M3, USB-C Charging Cable"
T2410,"Lightning Charging Cable, iPhone 13"
T2411,"Apple Magic Keyboard, External SSD 1TB, MacBook Pro M1, USB-C Charging Cable"
T2412,"AirPods Pro (2nd Gen), USB-C Charging Cable, iPhone 15 Plus, iPhone MagSafe Charging Dock"
T2413,MacBook Air M3
T2414,"Apple Magic Keyboard, Apple Magic Mouse, Mac mini M2 Pro, Marshall Stanmore III, Studio Display, USB-C Hub"
T2415,"30W USB-C Power Adapter, MacBook Air M1, USB-C Charging Cable"
T2416,AirPods (3rd Gen)
T2417,"Belkin MagSafe Charging Stand, USB-C EarPods, iPhone 15 Pro Max, iPhone Case"
T2418,"Anker MagSafe Charging Dock, Lightning Charging Cable, iPhone 13 Pro Max"
T2419,iPhone 13
T2420,"Screen Protector, USB-C Charging Cable, USB-C EarPods, iPhone 17 Pro Max, iPhone Case"
T2421,Marshall Emberton II
T2422,"AirPods (3rd Gen), Anker MagSafe Charging Dock, Screen Protector, USB-C Charging Cable, iPhone 17 Pro"
T2423,"AirPods Pro (2nd Gen), Lightning Charging Cable, Screen Protector, iPhone 14 Plus, iPhone Case"
T2424,"Screen Protector, USB-C EarPods, iPhone 17 Air"
T2425,"Anker MagSafe Charging Dock, Lightning Charging Cable, iPhone 13 Pro"
T2426,"Apple Magic Mouse, Laptop Sleeve, MacBook Air M2, USB-C Charging Cable"
T2427,MacBook Air M3
T2428,"Apple Magic Keyboard, Apple Magic Mouse, JBL Flip 6, Mac mini M2 Pro"
T2429,"Belkin MagSafe Charging Stand, USB-C Charging Cable, iPhone 16 Pro Max, iPhone Case"
T2430,JBL Charge 5
T2431,"USB-C Charging Cable, USB-C EarPods, iPhone 17 Air, iPhone MagSafe Charging Dock"
T2432,"Anker MagSafe Charging Dock, Screen Protector, iPhone 17 Air"
T2433,"USB-C Charging Cable, iPhone 15 Pro"
T2434,"Lightning Charging Cable, iPhone 14 Pro"
T2435,AirPods (3rd Gen)
T2436,JBL Flip 6
T2437,"Apple Watch Series 8, Apple Watch Sport Band"
T2438,"AirPods Pro (2nd Gen), Lightning Charging Cable, iPhone 14 Pro Max, iPhone Case, iPhone MagSafe Charging Dock"
T2439,"30W USB-C Power Adapter, Apple Magic Mouse, Laptop Sleeve, MacBook Air M4"
T2440,"USB-C Charging Cable, iPad Smart Folio, iPad mini 7"
T2441,"Belkin MagSafe Charging Stand, USB-C Charging Cable, USB-C EarPods, iPhone 16 Pro Max"
T2442,"Apple Watch Series 9, Apple Watch Solo Loop"
T2443,"Apple Pencil (USB-C), USB-C Charging Cable, iPad Smart Folio, iPad mini 6"
T2444,"Screen Protector, USB-C Charging Cable, iPhone 16 Plus"
T2445,"USB-C Charging Cable, USB-C EarPods, iPhone 16"
T2446,iPhone 16
T2447,"Anker MagSafe Charging Dock, Screen Protector, USB-C Charging Cable, USB-C EarPods, iPhone 17"
T2448,"30W USB-C Power Adapter, AirPods (3rd Gen), Laptop Sleeve, MacBook Air M2"
T2449,"AirPods Pro (2nd Gen), Lightning Charging Cable, iPhone 14 Pro, iPhone Case"
T2450,"Anker MagSafe Charging Dock, Lightning Charging Cable, iPhone 13 mini, iPhone Case"
T2451,"AirPods (3rd Gen), iPhone 15 Pro, iPhone Case"
T2452,"Apple Watch Charger, Apple Watch Series 10, Apple Watch Solo Loop, Screen Protector (Watch)"
T2453,"Apple Watch Charger, Apple Watch Trail Loop, Apple Watch Ultra"
T2454,"Apple Pencil (2nd Gen), iPad Magic Keyboard, iPad Pro M4 11-inch"
T2455,"Anker MagSafe Charging Dock, USB-C Charging Cable, USB-C EarPods, iPhone 16 Pro Max"
T2456,"Apple Pencil (2nd Gen), USB-C Charging Cable, iPad Magic Keyboard, iPad Pro M4 11-inch"
T2457,"Apple Watch Charger, Apple Watch Series 11, Apple Watch Sport Band"
T2458,"Lightning Charging Cable, Lightning EarPods, iPhone 13 Pro"
T2459,iPad Pro M4 11-inch
T2460,"Lightning Charging Cable, Lightning EarPods, iPhone 13 Pro, iPhone MagSafe Charging Dock"
T2461,"AirPods Pro (2nd Gen), Lightning Charging Cable, iPhone 13 Pro Max, iPhone Case"
T2462,"Apple Watch Trail Loop, Apple Watch Ultra 2"
T2463,"Apple Magic Mouse, MacBook Air M4, USB-C Charging Cable"
T2464,Apple Watch Series 11
T2465,"AirPods (3rd Gen), Anker MagSafe Charging Dock, Screen Protector, iPhone 14 Pro Max, iPhone Case"
T2466,"30W USB-C Power Adapter, Apple Magic Mouse, MacBook Air M3, USB-C Charging Cable"
T2467,MacBook Pro M2
T2468,"Lightning EarPods, Screen Protector, iPhone 14 Plus"
T2469,"30W USB-C Power Adapter, AirPods (3rd Gen), Apple Magic Mouse, Laptop Sleeve, MacBook Air M2, USB-C Charging Cable"
T2470,"Belkin MagSafe Charging Stand, Lightning Charging Cable, Lightning EarPods, Screen Protector, iPhone 13 Pro Max"
T2471,"Belkin MagSafe Charging Stand, USB-C Charging Cable, iPhone 15 Plus, iPhone Case"
T2472,"Lightning Charging Cable, Lightning EarPods, iPhone 13 Pro"
T2473,Apple Watch Ultra
T2474,"Apple Pencil (2nd Gen), USB-C Charging Cable, iPad Pro M4 11-inch"
T2475,"65W USB-C Power Adapter, Apple Magic Mouse, MacBook Pro M2, USB-C Charging Cable"
T2476,iPhone 16
T2477,"Belkin MagSafe Charging Stand, Lightning Charging Cable, Lightning EarPods, Screen Protector, iPhone 13 mini"
T2478,"65W USB-C Power Adapter, Apple Magic Keyboard, MacBook Pro M3, USB-C Charging Cable"
T2479,"Belkin MagSafe Charging Stand, Lightning Charging Cable, Screen Protector, iPhone 14 Plus"
T2480,"USB-C Charging Cable, iPhone 16"
T2481,"Anker MagSafe Charging Dock, Screen Protector, USB-C Charging Cable, USB-C EarPods, iPhone 16 Plus"
T2482,"Screen Protector, USB-C Charging Cable, iPhone 17 Pro"
T2483,"Apple Watch Series 11, Apple Watch Sport Band"
T2484,"USB-C Charging Cable, iPad mini 6"
T2485,"Lightning EarPods, Screen Protector, iPhone 14, iPhone Case"
T2486,"Apple Watch Sport Band, Apple Watch Ultra"
T2487,"Apple Magic Keyboard, Apple Magic Mouse, LG UltraFine 5K Display, Mac mini M2"
T2488,"Lightning EarPods, iPhone 14 Pro, iPhone Case"
T2489,"Anker MagSafe Charging Dock, USB-C Charging Cable, iPhone 16 Pro, iPhone Case"
T2490,"30W USB-C Power Adapter, AirPods (3rd Gen), Apple Magic Mouse, MacBook Air M3, USB-C Charging Cable"
T2491,"AirPods Pro (2nd Gen), Belkin MagSafe Charging Stand, iPhone 15 Pro Max"
T2492,"USB-C Charging Cable, iPhone 15"
T2493,"AirPods Pro (2nd Gen), Lightning Charging Cable, Screen Protector, iPhone 13 Pro Max"
T2494,"AirPods Pro (2nd Gen), Anker MagSafe Charging Dock, USB-C Charging Cable, iPhone 15 Pro"
T2495,"Apple Watch Series 10, Apple Watch Trail Loop, Screen Protector (Watch)"
T2496,"Lightning Charging Cable, iPhone 13, iPhone MagSafe Charging Dock"
T2497,iPhone 13 Pro
T2498,"65W USB-C Power Adapter, Apple Magic Keyboard, MacBook Pro M3"
T2499,MacBook Air M3
T2500,"AirPods Pro (2nd Gen), USB-C Charging Cable, iPhone 17 Pro Max, iPhone Case"
T2501,MacBook Pro M2
T2502,"Apple Pencil (USB-C), iPad mini 7"
T2503,"Apple Magic Keyboard, Apple Magic Mouse, Bose SoundLink Flex, Mac mini M2 Pro, USB-C Hub"
T2504,"Belkin MagSafe Charging Stand, Lightning Charging Cable, iPhone 13"
T2505,"65W USB-C Power Adapter, Apple Magic Mouse, External SSD 1TB, MacBook Pro M3, USB-C Charging Cable"
T2506,"Apple Watch Charger, Apple Watch Series 8, Apple Watch Solo Loop, Screen Protector (Watch)"
T2507,"Lightning Charging Cable, iPhone 13 mini, iPhone Case"
T2508,"Apple Pencil (2nd Gen), Screen Protector (iPad), USB-C Charging Cable, iPad Magic Keyboard, iPad Pro M4 13-inch"
T2509,"Apple Watch Charger, Apple Watch Milanese Loop, Apple Watch Series 11"
T2510,iPhone 15 Plus
T2511,"65W USB-C Power Adapter, AirPods Pro (2nd Gen), Apple Magic Mouse, MacBook Pro M3, USB-C Charging Cable"
T2512,"Lightning Charging Cable, iPhone 14 Pro Max"
T2513,"MacBook Pro M3, USB-C Charging Cable"
T2514,"65W USB-C Power Adapter, MacBook Pro M1"
T2515,"AirPods Pro (2nd Gen), Screen Protector, iPhone 14"
T2516,"Lightning Charging Cable, Lightning EarPods, iPhone 14"
T2517,"Apple Pencil (USB-C), USB-C Charging Cable, iPad Air M2"
T2518,Apple Magic Mouse
T2519,"Apple Watch Trail Loop, Apple Watch Ultra 2"
T2520,iPhone 15 Pro
T2521,iPad mini 6
T2522,"AirPods Pro (2nd Gen), USB-C Charging Cable, iPhone 17 Pro, iPhone MagSafe Charging Dock"
T2523,iPhone 17 Air
T2524,"30W USB-C Power Adapter, Apple Magic Mouse, MacBook Air M2"
T2525,"30W USB-C Power Adapter, Apple Magic Mouse, MacBook Air M1"
T2526,"65W USB-C Power Adapter, MacBook Pro M1, USB-C Charging Cable"
T2527,"Apple Watch Charger, Apple Watch Ultra"
T2528,"Screen Protector (iPad), iPad Smart Folio, iPad mini 6"
T2529,Apple Watch Ultra 2
T2530,"Apple Watch Charger, Apple Watch Series 8, Apple Watch Trail Loop"
T2531,"USB-C Charging Cable, iPad Air M2, iPad Smart Folio"
T2532,"AirPods (3rd Gen), Lightning Charging Cable, Screen Protector, iPhone 13 Pro Max, iPhone Case"
T2533,"Belkin MagSafe Charging Stand, Lightning Charging Cable, Lightning EarPods, Screen Protector, iPhone 13 mini"
T2534,"Apple Pencil (2nd Gen), Screen Protector (iPad), USB-C Charging Cable, iPad Magic Keyboard, iPad Pro M4 11-inch"
T2535,"USB-C Charging Cable, iPhone 15 Plus"
T2536,iPhone 17 Air
T2537,"65W USB-C Power Adapter, Apple Magic Keyboard, MacBook Pro M4, USB-C Charging Cable"
T2538,"Anker MagSafe Charging Dock, USB-C Charging Cable, iPhone 16 Plus, iPhone Case"
T2539,iPad mini 7
T2540,"AirPods (3rd Gen), Belkin MagSafe Charging Stand, USB-C Charging Cable, iPhone 15 Pro"
T2541,"Anker MagSafe Charging Dock, Lightning Charging Cable, Lightning EarPods, iPhone 14"
T2542,"iPad Magic Keyboard, iPad Pro M4 11-inch"
T2543,"AirPods (3rd Gen), Belkin MagSafe Charging Stand, Screen Protector, iPhone 14 Plus"
T2544,iPhone 16
T2545,"Apple Watch Milanese Loop, Apple Watch Series 10"
T2546,"Apple Watch Charger, Apple Watch Sport Band, Apple Watch Ultra"
T2547,"Apple Magic Keyboard, Apple Magic Mouse, Mac mini M2"
T2548,"Belkin MagSafe Charging Stand, USB-C Charging Cable, iPhone 15 Plus, iPhone Case"
T2549,"Lightning EarPods, Screen Protector, iPhone 14"
T2550,"Apple Magic Mouse, Mac mini M2, Studio Display"
T2551,"USB-C Charging Cable, USB-C EarPods, iPhone 17 Air, iPhone MagSafe Charging Dock"
T2552,"Anker MagSafe Charging Dock, USB-C Charging Cable, iPhone 15 Pro, iPhone Case"
T2553,"Belkin MagSafe Charging Stand, Lightning Charging Cable, iPhone 14 Pro Max"
T2554,"Apple Magic Mouse, Bose SoundLink Flex, LG UltraFine 5K Display, Mac mini M2 Pro, USB-C Hub"
T2555,"Apple Pencil (USB-C), Screen Protector (iPad), USB-C Charging Cable, iPad 10th Gen, iPad Smart Folio"
T2556,"Screen Protector, USB-C Charging Cable, iPhone 15 Plus"
T2557,"Belkin MagSafe Charging Stand, Lightning Charging Cable, iPhone 14"
T2558,iPhone 14 Plus
T2559,"AirPods Pro (2nd Gen), Belkin MagSafe Charging Stand, Screen Protector, USB-C Charging Cable, iPhone 17 Air"
T2560,"Bose SoundLink Flex, Speaker Carry Case"
T2561,"30W USB-C Power Adapter, Laptop Sleeve, MacBook Air M2, USB-C Charging Cable"
T2562,"AirPods (3rd Gen), Belkin MagSafe Charging Stand, Lightning Charging Cable, iPhone 13 Pro, iPhone Case"
T2563,"30W USB-C Power Adapter, MacBook Air M3, USB-C Charging Cable"
T2564,"AirPods Pro (2nd Gen), Belkin MagSafe Charging Stand, USB-C Charging Cable, iPhone 16 Plus, iPhone Case"
T2565,Marshall Stanmore III
T2566,"30W USB-C Power Adapter, AirPods (3rd Gen), Laptop Sleeve, MacBook Air M1, USB-C Charging Cable"
T2567,MacBook Air M4
T2568,"Apple Watch Series 8, Apple Watch Trail Loop, Screen Protector (Watch)"
T2569,"Apple Pencil (USB-C), iPad mini 7"
T2570,Apple Watch Series 9
T2571,MacBook Pro M3
T2572,"Screen Protector (iPad), USB-C Charging Cable, iPad 10th Gen, iPad Smart Folio"
T2573,MacBook Air M1
T2574,iPhone 14
T2575,"AirPods (3rd Gen), iPhone 13, iPhone Case"
T2576,"30W USB-C Power Adapter, AirPods (3rd Gen), Laptop Sleeve, MacBook Air M2, USB-C Charging Cable"
T2577,"30W USB-C Power Adapter, AirPods (3rd Gen), Apple Magic Mouse, MacBook Air M4, USB-C Charging Cable"
T2578,"AirPods Pro (2nd Gen), USB-C Charging Cable, iPhone 16 Pro, iPhone Case"
T2579,"MacBook Air M4, USB-C Charging Cable"
T2580,"65W USB-C Power Adapter, Apple Magic Mouse, MacBook Pro M3, USB-C Charging Cable"
T2581,"USB-C Charging Cable, USB-C EarPods, iPhone 16"
T2582,"USB-C Charging Cable, USB-C EarPods, iPhone 17, iPhone MagSafe Charging Dock"
T2583,"Apple Pencil (USB-C), USB-C Charging Cable, iPad Smart Folio, iPad mini 7"
T2584,"Apple Watch Charger, Apple Watch Milanese Loop, Apple Watch Series 11"
T2585,"Apple Watch Series 11, Apple Watch Solo Loop"
T2586,"Apple Watch Milanese Loop, Apple Watch Series 9"
T2587,"Apple Magic Keyboard, Apple Magic Mouse, LG UltraFine 5K Display, Mac mini M2"
T2588,iPhone 15
T2589,"Apple Pencil (2nd Gen), USB-C Charging Cable, iPad Pro M4 13-inch"
T2590,"65W USB-C Power Adapter, Apple Magic Mouse, External SSD 1TB, MacBook Pro M1, USB-C Charging Cable"
T2591,"Apple Watch Charger, Apple Watch Trail Loop, Apple Watch Ultra 2"
T2592,"AirPods (3rd Gen), Belkin MagSafe Charging Stand, iPhone 13 mini"
T2593,Mac mini M2
T2594,"Lightning EarPods, iPhone 14 Pro"
T2595,JBL Flip 6
T2596,"Apple Watch Series 10, Apple Watch Trail Loop"
T2597,"Apple Watch Charger, Apple Watch Milanese Loop, Apple Watch Ultra"
T2598,"Apple Watch Charger, Apple Watch Sport Band, Apple Watch Ultra 2"
T2599,"30W USB-C Power Adapter, Apple Magic Mouse, Laptop Sleeve, MacBook Air M4"
T2600,"30W USB-C Power Adapter, AirPods (3rd Gen), MacBook Air M4, USB-C Charging Cable"
T2601,"Apple Magic Mouse, MacBook Air M1, USB-C Charging Cable"
T2602,"Apple Watch Charger, Apple Watch Series 11"
T2603,"iPad Smart Folio, iPad mini 6"
T2604,"Apple Magic Mouse, MacBook Air M1"
T2605,"Apple Watch Charger, Apple Watch Sport Band, Apple Watch Ultra 2"
T2606,"Lightning EarPods, iPhone 13 mini, iPhone Case, iPhone MagSafe Charging Dock"
T2607,"Apple Watch Charger, Apple Watch Series 8, Apple Watch Sport Band"
T2608,"AirPods (3rd Gen), Belkin MagSafe Charging Stand, Screen Protector, iPhone 15 Pro, iPhone Case"
T2609,Marshall Stanmore III
T2610,"Apple Magic Mouse, Mac mini M4, Studio Display, USB-C Hub"
T2611,"USB-C Charging Cable, iPhone 16 Pro Max, iPhone MagSafe Charging Dock"
T2612,"AirPods Pro (2nd Gen), Apple Magic Keyboard, External SSD 1TB, MacBook Pro M2, USB-C Charging Cable"
T2613,"Screen Protector (iPad), iPad Magic Keyboard, iPad Pro M4 11-inch"
T2614,"Screen Protector, USB-C Charging Cable, iPhone 16 Plus, iPhone Case"
T2615,Marshall Emberton II
T2616,iPhone 16
T2617,"Apple Watch Charger, Apple Watch Milanese Loop, Apple Watch Series 8"
T2618,Apple Watch Series 11
T2619,"Anker MagSafe Charging Dock, USB-C Charging Cable, USB-C EarPods, iPhone 16 Pro Max"
T2620,"30W USB-C Power Adapter, Apple Magic Mouse, MacBook Air M3"
T2621,"Apple Magic Keyboard, LG UltraFine 5K Display, Mac mini M2"
T2622,"AirPods Pro (2nd Gen), Anker MagSafe Charging Dock, Screen Protector, USB-C Charging Cable, iPhone 15 Pro Max, iPhone Case"
T2623,"Apple Watch Charger, Apple Watch Series 10, Apple Watch Trail Loop"
T2624,Apple Watch Series 8
T2625,"AirPods Pro (2nd Gen), Anker MagSafe Charging Dock, iPhone 16"
T2626,iPad 10th Gen
T2627,"Belkin MagSafe Charging Stand, Lightning Charging Cable, Lightning EarPods, Screen Protector, iPhone 13 Pro Max"
T2628,iPad Air M2
T2629,iPhone 15
T2630,"Belkin MagSafe Charging Stand, Screen Protector, iPhone 17 Air, iPhone Case"
T2631,Apple Watch Series 10
T2632,"Apple Watch Charger, Apple Watch Ultra"
T2633,"AirPods Pro (2nd Gen), Apple Magic Mouse, MacBook Pro M3, USB-C Charging Cable"
T2634,iPhone 13 Pro
T2635,"AirPods Pro (2nd Gen), Lightning Charging Cable, iPhone 14"
T2636,"30W USB-C Power Adapter, Laptop Sleeve, MacBook Air M2, USB-C Charging Cable"
T2637,iPhone 17 Air
T2638,"USB-C Charging Cable, iPad mini 6"
T2639,"Apple Watch Charger, Apple Watch Sport Band, Apple Watch Ultra"
T2640,MacBook Air M3
T2641,iPhone 16 Plus
T2642,iPhone 13 mini
T2643,"AirPods (3rd Gen), Belkin MagSafe Charging Stand, Screen Protector, USB-C Charging Cable, iPhone 16 Pro"
T2644,"30W USB-C Power Adapter, MacBook Air M2, USB-C Charging Cable"
T2645,"USB-C EarPods, iPhone 16 Pro Max, iPhone Case, iPhone MagSafe Charging Dock"
T2646,"Anker MagSafe Charging Dock, USB-C Charging Cable, USB-C EarPods, iPhone 15 Plus, iPhone Case"
T2647,Mac mini M2 Pro
T2648,"USB-C Charging Cable, USB-C EarPods, iPhone 16 Pro Max, iPhone Case"
T2649,"Apple Watch Charger, Apple Watch Milanese Loop, Apple Watch Ultra, Screen Protector (Watch)"
T2650,"USB-C Charging Cable, iPhone 17 Air, iPhone Case, iPhone MagSafe Charging Dock"
T2651,iPad mini 6
T2652,"Lightning Charging Cable, iPhone 14, iPhone MagSafe Charging Dock"
T2653,"AirPods (3rd Gen), Belkin MagSafe Charging Stand, USB-C Charging Cable, iPhone 16"
T2654,Marshall Stanmore III
T2655,"Screen Protector, USB-C Charging Cable, USB-C EarPods, iPhone 15 Pro Max, iPhone Case, iPhone MagSafe Charging Dock"
T2656,"Belkin MagSafe Charging Stand, Lightning Charging Cable, Lightning EarPods, iPhone 14 Pro Max, iPhone Case"
T2657,"USB-C Charging Cable, iPhone 16, iPhone Case, iPhone MagSafe Charging Dock"
T2658,"30W USB-C Power Adapter, AirPods (3rd Gen), MacBook Air M4, USB-C Charging Cable"
T2659,"Apple Watch Charger, Apple Watch Series 9, Apple Watch Solo Loop"
T2660,"65W USB-C Power Adapter, AirPods Pro (2nd Gen), MacBook Pro M1, USB-C Charging Cable"
T2661,"65W USB-C Power Adapter, MacBook Pro M3, USB-C Charging Cable"
T2662,"Belkin MagSafe Charging Stand, Screen Protector, USB-C Charging Cable, iPhone 16 Plus"
T2663,"Anker MagSafe Charging Dock, Lightning Charging Cable, Lightning EarPods, iPhone 13 Pro"
T2664,"AirPods (3rd Gen), Belkin MagSafe Charging Stand, Lightning Charging Cable, iPhone 13 Pro Max"
T2665,"Lightning Charging Cable, Lightning EarPods, iPhone 14, iPhone MagSafe Charging Dock"
T2666,"Apple Watch Milanese Loop, Apple Watch Ultra 2, Screen Protector (Watch)"
T2667,"Screen Protector, USB-C Charging Cable, iPhone 15 Plus, iPhone MagSafe Charging Dock"
T2668,"65W USB-C Power Adapter, Apple Magic Mouse, MacBook Pro M2, USB-C Charging Cable"
T2669,"Lightning EarPods, iPhone 14 Pro"
T2670,MacBook Air M1
T2671,"Lightning Charging Cable, Lightning EarPods, iPhone 13"
T2672,"Apple Pencil (2nd Gen), Screen Protector (iPad), USB-C Charging Cable, iPad Magic Keyboard, iPad Pro M4 11-inch"
T2673,"Lightning Charging Cable, iPhone 14 Pro Max"
T2674,MacBook Air M4
T2675,"Belkin MagSafe Charging Stand, Lightning Charging Cable, Lightning EarPods, iPhone 14, iPhone Case"
T2676,"AirPods Pro (2nd Gen), iPhone 13 mini"
T2677,"30W USB-C Power Adapter, AirPods (3rd Gen), MacBook Air M2"
T2678,"Apple Pencil (USB-C), Screen Protector (iPad), USB-C Charging Cable, iPad Smart Folio, iPad mini 7"
T2679,MacBook Pro M1
T2680,"65W USB-C Power Adapter, External SSD 1TB, MacBook Pro M1, USB-C Charging Cable"
T2681,"Apple Magic Keyboard, Apple Magic Mouse, Mac mini M2"
T2682,"AirPods Pro (2nd Gen), Lightning Charging Cable, iPhone 13 Pro, iPhone Case"
T2683,"Apple Pencil (USB-C), Screen Protector (iPad), USB-C Charging Cable, iPad Smart Folio, iPad mini 6"
T2684,"AirPods (3rd Gen), Anker MagSafe Charging Dock, Lightning Charging Cable, iPhone 13 mini, iPhone Case"
T2685,"Lightning Charging Cable, iPhone 14 Pro"
T2686,"30W USB-C Power Adapter, MacBook Air M1, USB-C Charging Cable"
T2687,Mac mini M4
T2688,"AirPods (3rd Gen), Anker MagSafe Charging Dock, iPhone 15"
T2689,"AirPods (3rd Gen), Belkin MagSafe Charging Stand, USB-C Charging Cable, iPhone 15 Pro, iPhone Case"
T2690,"65W USB-C Power Adapter, Apple Magic Keyboard, Apple Magic Mouse, MacBook Pro M1, USB-C Charging Cable"
T2691,"AirPods (3rd Gen), MacBook Air M2, USB-C Charging Cable"
T2692,"AirPods (3rd Gen), Belkin MagSafe Charging Stand, USB-C Charging Cable, iPhone 15 Pro"
T2693,iPhone 16 Pro Max
T2694,"Apple Magic Keyboard, Apple Magic Mouse, JBL Charge 5, Mac mini M4, Studio Display"
T2695,"Belkin MagSafe Charging Stand, USB-C Charging Cable, iPhone 17"
T2696,"Lightning Charging Cable, Lightning EarPods, iPhone 14 Pro, iPhone Case, iPhone MagSafe Charging Dock"
T2697,"Belkin MagSafe Charging Stand, USB-C Charging Cable, USB-C EarPods, iPhone 15"
T2698,JBL Charge 5
T2699,iPhone 14 Plus
T2700,"Belkin MagSafe Charging Stand, Screen Protector, USB-C Charging Cable, iPhone 15"
T2701,iPhone 14 Plus
T2702,"Lightning EarPods, Screen Protector, iPhone 13 mini, iPhone Case, iPhone MagSafe Charging Dock"
T2703,"30W USB-C Power Adapter, MacBook Air M1, USB-C Charging Cable"
T2704,Apple Watch Series 9
T2705,Marshall Stanmore III
T2706,"Apple Watch Series 10, Apple Watch Solo Loop"
T2707,"Anker MagSafe Charging Dock, Lightning Charging Cable, Lightning EarPods, iPhone 13"
T2708,"Belkin MagSafe Charging Stand, USB-C Charging Cable, USB-C EarPods, iPhone 15 Plus"
T2709,Marshall Stanmore III
T2710,"Apple Magic Keyboard, Apple Magic Mouse, Mac mini M2"
T2711,"AirPods Pro (2nd Gen), Belkin MagSafe Charging Stand, USB-C Charging Cable, iPhone 16 Pro, iPhone Case"
T2712,"USB-C EarPods, iPhone 15 Pro Max, iPhone MagSafe Charging Dock"
T2713,iPad mini 6
T2714,"Anker MagSafe Charging Dock, USB-C Charging Cable, iPhone 17 Pro Max"
T2715,iPad mini 6
T2716,"Belkin MagSafe Charging Stand, Lightning Charging Cable, Lightning EarPods, Screen Protector, iPhone 14"
T2717,"Apple Magic Mouse, MacBook Air M4"
T2718,"Anker MagSafe Charging Dock, Lightning Charging Cable, Lightning EarPods, iPhone 13 Pro"
T2719,Apple Watch Series 11
T2720,iPad 10th Gen
T2721,"USB-C Charging Cable, iPhone 17, iPhone MagSafe Charging Dock"
T2722,"AirPods (3rd Gen), Lightning Charging Cable, Screen Protector, iPhone 13"
T2723,"Apple Watch Charger, Apple Watch Milanese Loop, Apple Watch Series 8"
T2724,"Apple Pencil (2nd Gen), iPad Pro M4 13-inch"
T2725,"Apple Watch Charger, Apple Watch Series 9, Apple Watch Solo Loop"
T2726,"Apple Magic Mouse, MacBook Pro M2, USB-C Charging Cable"
T2727,"Belkin MagSafe Charging Stand, Screen Protector, iPhone 17 Air"
T2728,JBL Charge 5
T2729,Marshall Stanmore III
T2730,iPad mini 6
T2731,iPhone 14 Pro Max
T2732,"Apple Pencil (USB-C), iPad 10th Gen, iPad Smart Folio"
T2733,Bose SoundLink Flex
T2734,"Apple Watch Charger, Apple Watch Series 8"
T2735,"AirPods (3rd Gen), Anker MagSafe Charging Dock, USB-C Charging Cable, iPhone 15 Pro Max"
T2736,"USB-C Charging Cable, iPhone 17, iPhone Case"
T2737,Apple Magic Mouse
T2738,"Belkin MagSafe Charging Stand, Screen Protector, USB-C EarPods, iPhone 16 Pro Max"
T2739,"Apple Pencil (USB-C), USB-C Charging Cable, iPad Air M2, iPad Smart Folio"
T2740,"Anker MagSafe Charging Dock, USB-C EarPods, iPhone 16"
T2741,"Apple Watch Charger, Apple Watch Series 8, Apple Watch Solo Loop"
T2742,"AirPods (3rd Gen), Lightning Charging Cable, Screen Protector, iPhone 14 Plus"
T2743,"30W USB-C Power Adapter, Apple Magic Mouse, MacBook Air M3, USB-C Charging Cable"
T2744,"AirPods (3rd Gen), USB-C Charging Cable, iPhone 17 Air"
T2745,"Screen Protector, USB-C EarPods, iPhone 16 Pro, iPhone Case"
T2746,"AirPods Pro (2nd Gen), Apple Magic Mouse, External SSD 1TB, MacBook Pro M3, USB-C Charging Cable"
T2747,"MacBook Air M3, USB-C Charging Cable"
T2748,MacBook Air M4
T2749,"AirPods (3rd Gen), Lightning Charging Cable, iPhone 13 Pro Max"
T2750,"Belkin MagSafe Charging Stand, Lightning Charging Cable, Lightning EarPods, Screen Protector, iPhone 13, iPhone Case"
T2751,"Screen Protector (iPad), iPad Smart Folio, iPad mini 7"
T2752,MacBook Air M2
T2753,"Apple Pencil (2nd Gen), iPad Magic Keyboard, iPad Pro M4 13-inch"
T2754,Apple Watch Series 10
T2755,"AirPods Pro (2nd Gen), USB-C Charging Cable, iPhone 17 Pro Max"
T2756,"USB-C Charging Cable, USB-C EarPods, iPhone 15 Plus"
T2757,"MacBook Pro M3, USB-C Charging Cable"
T2758,iPad mini 7
T2759,"USB-C Charging Cable, USB-C EarPods, iPhone 16 Pro Max, iPhone Case, iPhone MagSafe Charging Dock"
T2760,"AirPods (3rd Gen), Apple Magic Mouse, MacBook Air M1"
T2761,"Apple Pencil (USB-C), Screen Protector (iPad), USB-C Charging Cable, iPad mini 6"
T2762,iPhone 17 Pro Max
T2763,Marshall Emberton II
T2764,"AirPods (3rd Gen), Lightning Charging Cable, iPhone 13, iPhone MagSafe Charging Dock"
T2765,"30W USB-C Power Adapter, Apple Magic Mouse, MacBook Air M3"
T2766,"Apple Magic Keyboard, Apple Magic Mouse, Mac mini M2"
T2767,"30W USB-C Power Adapter, MacBook Air M3, USB-C Charging Cable"
T2768,"Anker MagSafe Charging Dock, USB-C Charging Cable, iPhone 16 Pro"
T2769,"Lightning Charging Cable, Lightning EarPods, Screen Protector, iPhone 13 Pro"
T2770,"Lightning Charging Cable, Lightning EarPods, iPhone 14 Plus"
T2771,"Apple Watch Charger, Apple Watch Milanese Loop, Apple Watch Ultra"
T2772,"AirPods (3rd Gen), Screen Protector, iPhone 15 Pro, iPhone Case, iPhone MagSafe Charging Dock"
T2773,"Apple Magic Keyboard, Mac mini M2 Pro"
T2774,MacBook Air M1
T2775,"Belkin MagSafe Charging Stand, Screen Protector, USB-C Charging Cable, iPhone 15 Pro, iPhone Case"
T2776,"AirPods Pro (2nd Gen), Anker MagSafe Charging Dock, iPhone 15"
T2777,"Belkin MagSafe Charging Stand, Screen Protector, USB-C EarPods, iPhone 17 Pro Max, iPhone Case"
T2778,Mac mini M2 Pro
T2779,Apple Watch Ultra 2
T2780,"Apple Watch Charger, Apple Watch Series 10"
T2781,"USB-C Charging Cable, USB-C EarPods, iPhone 15 Pro Max, iPhone MagSafe Charging Dock"
T2782,iPad Air M2
T2783,"Belkin MagSafe Charging Stand, Screen Protector, USB-C Charging Cable, iPhone 15 Pro Max, iPhone Case"
T2784,"Lightning Charging Cable, Lightning EarPods, Screen Protector, iPhone 13 Pro"
T2785,iPad mini 7
T2786,"30W USB-C Power Adapter, MacBook Air M4, USB-C Charging Cable"
T2787,iPad Pro M4 11-inch
T2788,"Screen Protector, iPhone 17 Pro Max, iPhone Case"
T2789,"Belkin MagSafe Charging Stand, Lightning Charging Cable, Lightning EarPods, iPhone 13 Pro"
T2790,"Apple Watch Charger, Apple Watch Series 11, Apple Watch Sport Band"
T2791,iPad 10th Gen
T2792,Marshall Emberton II
T2793,"65W USB-C Power Adapter, Apple Magic Keyboard, Apple Magic Mouse, MacBook Pro M2, USB-C Charging Cable"
T2794,"Anker MagSafe Charging Dock, Screen Protector, USB-C EarPods, iPhone 15 Pro, iPhone Case"
T2795,iPad Pro M4 11-inch
T2796,Apple Watch Series 9
T2797,"Anker MagSafe Charging Dock, Screen Protector, USB-C Charging Cable, iPhone 17 Air, iPhone Case"
T2798,iPhone 15 Plus
T2799,MacBook Air M1
T2800,"Apple Pencil (USB-C), iPad Air M2"
T2801,Apple Magic Keyboard
T2802,MacBook Pro M4
T2803,"USB-C Charging Cable, USB-C EarPods, iPhone 16 Pro Max, iPhone MagSafe Charging Dock"
T2804,"Apple Pencil (2nd Gen), USB-C Charging Cable, iPad Magic Keyboard, iPad Pro M4 11-inch"
T2805,iPad mini 6
T2806,"Belkin MagSafe Charging Stand, USB-C Charging Cable, iPhone 17 Pro Max"
T2807,"Anker MagSafe Charging Dock, Screen Protector, USB-C Charging Cable, iPhone 16 Pro"
T2808,iPhone 16
T2809,"65W USB-C Power Adapter, Apple Magic Mouse, External SSD 1TB, MacBook Pro M4"
T2810,"Apple Magic Keyboard, USB-C Charging Cable"
T2811,"Apple Pencil (2nd Gen), Screen Protector (iPad), iPad Magic Keyboard, iPad Pro M4 13-inch"
T2812,"USB-C Charging Cable, USB-C EarPods, iPhone 16 Pro"
T2813,"65W USB-C Power Adapter, Apple Magic Keyboard, Apple Magic Mouse, MacBook Pro M4"
T2814,MacBook Air M4
T2815,"30W USB-C Power Adapter, MacBook Air M2, USB-C Charging Cable"
T2816,"Marshall Stanmore III, Speaker Carry Case"
T2817,iPhone 17 Pro Max
T2818,"30W USB-C Power Adapter, AirPods (3rd Gen), Apple Magic Mouse, Laptop Sleeve, MacBook Air M2, USB-C Charging Cable"
T2819,"USB-C Charging Cable, iPad Pro M4 13-inch"
T2820,"Apple Watch Charger, Apple Watch Ultra 2"
T2821,"AirPods (3rd Gen), MacBook Air M2, USB-C Charging Cable"
T2822,iPhone 16 Plus
T2823,"USB-C Charging Cable, iPhone 15 Pro, iPhone Case"
T2824,"Screen Protector (iPad), iPad Pro M4 13-inch"
T2825,"30W USB-C Power Adapter, Apple Magic Mouse, MacBook Air M1"
T2826,"Screen Protector (iPad), USB-C Charging Cable, iPad 10th Gen, iPad Smart Folio"
T2827,"30W USB-C Power Adapter, Apple Magic Mouse, Laptop Sleeve, MacBook Air M1, USB-C Charging Cable"
T2828,"Apple Pencil (USB-C), Screen Protector (iPad), iPad mini 7"
T2829,"Apple Pencil (2nd Gen), iPad Magic Keyboard, iPad Pro M4 11-inch"
T2830,"Anker MagSafe Charging Dock, Screen Protector, USB-C Charging Cable, USB-C EarPods, iPhone 16 Pro Max, iPhone Case"
T2831,"Apple Magic Mouse, Mac mini M2, Marshall Emberton II"
T2832,"AirPods (3rd Gen), iPhone 14, iPhone Case"
T2833,"iPhone 17 Air, iPhone MagSafe Charging Dock"
T2834,"Anker MagSafe Charging Dock, Lightning EarPods, iPhone 14 Plus, iPhone Case"
T2835,"Lightning Charging Cable, Lightning EarPods, Screen Protector, iPhone 14 Pro, iPhone Case"
T2836,"Apple Magic Keyboard, Apple Magic Mouse, Bose SoundLink Flex, Mac mini M2 Pro"
T2837,"AirPods (3rd Gen), Anker MagSafe Charging Dock, USB-C Charging Cable, iPhone 17 Pro"
T2838,"AirPods (3rd Gen), Screen Protector, USB-C Charging Cable, iPhone 16 Pro Max"
T2839,AirPods Pro (2nd Gen)
T2840,"Belkin MagSafe Charging Stand, Lightning Charging Cable, Screen Protector, iPhone 13"
T2841,"Lightning Charging Cable, iPhone 14 Plus, iPhone Case"
T2842,Apple Watch Series 11
T2843,"Apple Pencil (2nd Gen), iPad Magic Keyboard, iPad Pro M4 11-inch"
T2844,"Apple Watch Charger, Apple Watch Sport Band, Apple Watch Ultra 2"
T2845,iPhone 17 Pro Max
T2846,"USB-C Charging Cable, USB-C EarPods, iPhone 15, iPhone Case, iPhone MagSafe Charging Dock"
T2847,"Apple Magic Keyboard, Apple Magic Mouse, Mac mini M2 Pro"
T2848,"30W USB-C Power Adapter, Laptop Sleeve, MacBook Air M2, USB-C Charging Cable"
T2849,"AirPods (3rd Gen), Belkin MagSafe Charging Stand, USB-C Charging Cable, iPhone 17 Pro Max, iPhone Case"
T2850,iPhone 16 Plus
T2851,"USB-C Charging Cable, iPhone 17 Air, iPhone Case, iPhone MagSafe Charging Dock"
T2852,"AirPods Pro (2nd Gen), Belkin MagSafe Charging Stand, Lightning Charging Cable, iPhone 13, iPhone Case"
T2853,"65W USB-C Power Adapter, MacBook Pro M3, USB-C Charging Cable"
T2854,"USB-C Charging Cable, USB-C EarPods, iPhone 16 Plus"
T2855,"AirPods Pro (2nd Gen), Belkin MagSafe Charging Stand, Lightning Charging Cable, iPhone 13"
T2856,"65W USB-C Power Adapter, MacBook Pro M3"
T2857,"Apple Magic Keyboard, Apple Magic Mouse, Mac mini M2 Pro, USB-C Hub"
T2858,"Apple Pencil (USB-C), iPad Smart Folio, iPad mini 6"
T2859,MacBook Pro M2
T2860,"Anker MagSafe Charging Dock, USB-C Charging Cable, USB-C EarPods, iPhone 17 Pro"
T2861,iPad Pro M4 13-inch
T2862,"AirPods Pro (2nd Gen), Anker MagSafe Charging Dock, iPhone 14 Pro"
T2863,Apple Watch Series 8
T2864,"AirPods (3rd Gen), Anker MagSafe Charging Dock, USB-C Charging Cable, iPhone 16 Pro Max"
T2865,"Apple Pencil (2nd Gen), iPad Magic Keyboard, iPad Pro M4 13-inch"
T2866,"Apple Watch Charger, Apple Watch Milanese Loop, Apple Watch Series 8"
T2867,"Belkin MagSafe Charging Stand, iPhone 15 Pro"
T2868,"Apple Watch Ultra, Screen Protector (Watch)"
T2869,"iPad Magic Keyboard, iPad Pro M4 11-inch"
T2870,Apple Magic Keyboard
T2871,"iPad Magic Keyboard, iPad Pro M4 11-inch"
T2872,"AirPods (3rd Gen), MacBook Air M4"
T2873,"Apple Watch Series 8, Apple Watch Sport Band, Screen Protector (Watch)"
T2874,"USB-C Charging Cable, iPhone 15 Pro"
T2875,"Apple Magic Keyboard, Apple Magic Mouse, LG UltraFine 5K Display, Mac mini M4"
T2876,"AirPods (3rd Gen), Anker MagSafe Charging Dock, Lightning Charging Cable, iPhone 14 Pro, iPhone Case"
T2877,Apple Watch Ultra 2
T2878,"AirPods (3rd Gen), Anker MagSafe Charging Dock, Screen Protector, USB-C Charging Cable, iPhone 16 Pro, iPhone Case"
T2879,"AirPods (3rd Gen), Belkin MagSafe Charging Stand, USB-C Charging Cable, iPhone 15 Pro Max"
T2880,"USB-C Charging Cable, iPhone 17 Pro Max"
T2881,Apple Watch Ultra 2
T2882,iPhone 14 Pro
T2883,"MacBook Air M3, USB-C Charging Cable"
T2884,"Belkin MagSafe Charging Stand, Lightning Charging Cable, Lightning EarPods, Screen Protector, iPhone 14 Pro"
T2885,"Screen Protector (iPad), USB-C Charging Cable, iPad Smart Folio, iPad mini 7"
T2886,"USB-C Charging Cable, USB-C EarPods, iPhone 17, iPhone MagSafe Charging Dock"
T2887,"Screen Protector, iPhone 14 Pro Max"
T2888,"Apple Magic Keyboard, Mac mini M2, USB-C Hub"
T2889,"Screen Protector (iPad), iPad mini 6"
T2890,Apple Watch Ultra
T2891,"Apple Pencil (USB-C), Screen Protector (iPad), iPad mini 6"
T2892,iPhone 15 Plus
T2893,"Apple Watch Trail Loop, Apple Watch Ultra 2"
T2894,iPad mini 7
T2895,"30W USB-C Power Adapter, AirPods (3rd Gen), Apple Magic Mouse, MacBook Air M1, USB-C Charging Cable"
T2896,iPhone 16 Plus
T2897,"Lightning Charging Cable, Lightning EarPods, iPhone 13 Pro, iPhone Case"
T2898,"30W USB-C Power Adapter, Apple Magic Mouse, MacBook Air M4, USB-C Charging Cable"
T2899,"Anker MagSafe Charging Dock, USB-C Charging Cable, iPhone 15 Pro, iPhone Case"
T2900,"iPad 10th Gen, iPad Smart Folio"
T2901,Mac mini M2 Pro
T2902,"USB-C EarPods, iPhone 15 Pro Max, iPhone MagSafe Charging Dock"
T2903,Mac mini M4
T2904,MacBook Air M1
T2905,iPad 10th Gen
T2906,"Apple Pencil (USB-C), Screen Protector (iPad), iPad Smart Folio, iPad mini 6"
T2907,"Apple Watch Ultra 2, Screen Protector (Watch)"
T2908,"iPhone 15, iPhone Case, iPhone MagSafe Charging Dock"
T2909,"Apple Magic Keyboard, Apple Magic Mouse, MacBook Pro M1"
T2910,"Lightning Charging Cable, Lightning EarPods, iPhone 13 Pro"
T2911,Apple Magic Mouse
T2912,"Belkin MagSafe Charging Stand, USB-C Charging Cable, USB-C EarPods, iPhone 15 Plus"
T2913,"Anker MagSafe Charging Dock, USB-C EarPods, iPhone 17 Pro Max"
T2914,"USB-C EarPods, iPhone 15 Plus, iPhone Case"
T2915,MacBook Air M1
T2916,Apple Magic Keyboard
T2917,"30W USB-C Power Adapter, AirPods (3rd Gen), MacBook Air M2, USB-C Charging Cable"
T2918,"30W USB-C Power Adapter, MacBook Air M1, USB-C Charging Cable"
T2919,MacBook Pro M2
T2920,"AirPods Pro (2nd Gen), Lightning Charging Cable, iPhone 14 Pro Max, iPhone MagSafe Charging Dock"
T2921,"Apple Watch Series 9, Apple Watch Solo Loop"
T2922,"Anker MagSafe Charging Dock, USB-C Charging Cable, iPhone 15 Pro, iPhone Case"
T2923,"Belkin MagSafe Charging Stand, Lightning Charging Cable, iPhone 13 mini, iPhone Case"
T2924,"AirPods (3rd Gen), USB-C Charging Cable, iPhone 16, iPhone MagSafe Charging Dock"
T2925,"30W USB-C Power Adapter, Apple Magic Mouse, Laptop Sleeve, MacBook Air M4, USB-C Charging Cable"
T2926,"65W USB-C Power Adapter, Apple Magic Keyboard, Apple Magic Mouse, MacBook Pro M3"
T2927,"Lightning Charging Cable, Lightning EarPods, iPhone 14, iPhone MagSafe Charging Dock"
T2928,JBL Charge 5
T2929,"Belkin MagSafe Charging Stand, Lightning EarPods, iPhone 13 mini"
T2930,"Apple Pencil (USB-C), USB-C Charging Cable, iPad mini 6"
T2931,"Anker MagSafe Charging Dock, Lightning Charging Cable, Lightning EarPods, iPhone 13 Pro"
T2932,"65W USB-C Power Adapter, MacBook Pro M3, USB-C Charging Cable"
T2933,iPhone 17 Pro
T2934,"Apple Watch Series 11, Apple Watch Solo Loop"
T2935,"Apple Watch Series 11, Apple Watch Trail Loop"
T2936,"USB-C EarPods, iPhone 17, iPhone Case"
T2937,"Apple Watch Charger, Apple Watch Ultra 2"
T2938,"Apple Magic Keyboard, Apple Magic Mouse, Mac mini M2, Studio Display"
T2939,Apple Watch Ultra 2
T2940,"Apple Magic Keyboard, Apple Magic Mouse, Mac mini M2 Pro"
T2941,"30W USB-C Power Adapter, MacBook Air M2, USB-C Charging Cable"
T2942,iPhone 14 Plus
T2943,"65W USB-C Power Adapter, Apple Magic Mouse, MacBook Pro M4"
T2944,"USB-C Charging Cable, iPad Smart Folio, iPad mini 6"
T2945,iPhone 15 Pro Max
T2946,"Screen Protector (iPad), iPad Smart Folio, iPad mini 6"
T2947,"AirPods (3rd Gen), Screen Protector, iPhone 14 Pro, iPhone Case, iPhone MagSafe Charging Dock"
T2948,"65W USB-C Power Adapter, External SSD 1TB, MacBook Pro M3, USB-C Charging Cable"
T2949,"AirPods Pro (2nd Gen), iPhone 13 mini, iPhone Case"
T2950,"AirPods Pro (2nd Gen), Screen Protector, USB-C Charging Cable, iPhone 15 Pro, iPhone MagSafe Charging Dock"
T2951,"AirPods (3rd Gen), USB-C Charging Cable, iPhone 16 Plus, iPhone MagSafe Charging Dock"
T2952,"Apple Pencil (2nd Gen), USB-C Charging Cable, iPad Pro M4 13-inch"
T2953,"AirPods Pro (2nd Gen), Anker MagSafe Charging Dock, USB-C Charging Cable, iPhone 15 Plus"
T2954,MacBook Pro M2
T2955,Apple Watch Ultra
T2956,"30W USB-C Power Adapter, Apple Magic Mouse, MacBook Air M2, USB-C Charging Cable"
T2957,"USB-C Charging Cable, iPhone 16, iPhone Case, iPhone MagSafe Charging Dock"
T2958,"30W USB-C Power Adapter, Apple Magic Mouse, MacBook Air M1, USB-C Charging Cable"
T2959,"iPad Smart Folio, iPad mini 6"
T2960,"30W USB-C Power Adapter, MacBook Air M2, USB-C Charging Cable"
T2961,"USB-C Charging Cable, USB-C EarPods, iPhone 15 Pro"
T2962,MacBook Air M4
T2963,"AirPods Pro (2nd Gen), Anker MagSafe Charging Dock, Lightning Charging Cable, Screen Protector, iPhone 13"
T2964,"Anker MagSafe Charging Dock, USB-C Charging Cable, USB-C EarPods, iPhone 15 Pro Max, iPhone Case"
T2965,"30W USB-C Power Adapter, MacBook Air M3, USB-C Charging Cable"
T2966,"30W USB-C Power Adapter, AirPods (3rd Gen), Apple Magic Mouse, MacBook Air M3, USB-C Charging Cable"
T2967,"Apple Watch Charger, Apple Watch Milanese Loop, Apple Watch Series 11"
T2968,"USB-C Charging Cable, USB-C EarPods, iPhone 15 Pro, iPhone MagSafe Charging Dock"
T2969,"65W USB-C Power Adapter, MacBook Pro M3, USB-C Charging Cable"
T2970,"Belkin MagSafe Charging Stand, USB-C Charging Cable, USB-C EarPods, iPhone 17, iPhone Case"
T2971,"30W USB-C Power Adapter, Apple Magic Mouse, MacBook Air M3, USB-C Charging Cable"
T2972,"Anker MagSafe Charging Dock, iPhone 16 Pro Max, iPhone Case"
T2973,iPhone 13 mini
T2974,MacBook Air M1
T2975,"Apple Watch Series 11, Apple Watch Trail Loop"
T2976,"USB-C Charging Cable, iPhone 17 Pro Max, iPhone Case"
T2977,iPad Air M2
T2978,iPhone 14 Pro
T2979,"Anker MagSafe Charging Dock, iPhone 17 Air"
T2980,"Lightning EarPods, iPhone 14 Pro, iPhone Case, iPhone MagSafe Charging Dock"
T2981,"Apple Pencil (USB-C), iPad Air M2"
T2982,"Apple Pencil (USB-C), USB-C Charging Cable, iPad mini 7"
T2983,Apple Watch Ultra 2
T2984,"65W USB-C Power Adapter, Apple Magic Mouse, External SSD 1TB, MacBook Pro M2, USB-C Charging Cable"
T2985,"Mac mini M2 Pro, Marshall Emberton II"
T2986,"Screen Protector, USB-C Charging Cable, USB-C EarPods, iPhone 17 Pro, iPhone MagSafe Charging Dock"
T2987,"Belkin MagSafe Charging Stand, Lightning Charging Cable, Lightning EarPods, iPhone 14 Plus"
T2988,"USB-C Charging Cable, iPad Magic Keyboard, iPad Pro M4 11-inch"
T2989,"AirPods Pro (2nd Gen), Anker MagSafe Charging Dock, USB-C Charging Cable, iPhone 15 Pro Max, iPhone Case"
T2990,"Apple Watch Charger, Apple Watch Milanese Loop, Apple Watch Ultra 2"
T2991,"USB-C Charging Cable, iPhone 15 Pro, iPhone Case, iPhone MagSafe Charging Dock"
T2992,"Apple Magic Mouse, External SSD 1TB, MacBook Pro M3"
T2993,"30W USB-C Power Adapter, AirPods (3rd Gen), Apple Magic Mouse, Laptop Sleeve, MacBook Air M3, USB-C Charging Cable"
T2994,"Lightning EarPods, Screen Protector, iPhone 14 Pro, iPhone MagSafe Charging Dock"
T2995,AirPods Pro (2nd Gen)
T2996,JBL Charge 5
T2997,iPhone 16 Pro Max
T2998,"65W USB-C Power Adapter, AirPods Pro (2nd Gen), Apple Magic Mouse, MacBook Pro M4, USB-C Charging Cable"
T2999,"Apple Watch Milanese Loop, Apple Watch Series 11"
T3000,"AirPods (3rd Gen), Anker MagSafe Charging Dock, USB-C Charging Cable, iPhone 17 Pro, iPhone Case"
T3001,iPad 10th Gen
T3002,"Lightning Charging Cable, Lightning EarPods, iPhone 13 Pro Max"
T3003,"USB-C Charging Cable, USB-C EarPods, iPhone 17 Air, iPhone Case, iPhone MagSafe Charging Dock"
T3004,MacBook Pro M4
T3005,"65W USB-C Power Adapter, Apple Magic Mouse, External SSD 1TB, MacBook Pro M1, USB-C Charging Cable"
T3006,"Anker MagSafe Charging Dock, Screen Protector, USB-C Charging Cable, USB-C EarPods, iPhone 15 Pro Max"
T3007,"USB-C Charging Cable, USB-C EarPods, iPhone 15 Pro, iPhone MagSafe Charging Dock"
T3008,"Apple Pencil (USB-C), Screen Protector (iPad), iPad Smart Folio, iPad mini 7"
T3009,"AirPods Pro (2nd Gen), Anker MagSafe Charging Dock, Lightning Charging Cable, Screen Protector, iPhone 13 Pro, iPhone Case"
T3010,iPad Pro M4 13-inch
T3011,iPhone 16 Plus
T3012,iPhone 16
T3013,"65W USB-C Power Adapter, Apple Magic Keyboard, MacBook Pro M4"
T3014,AirPods Pro (2nd Gen)
T3015,"Lightning EarPods, iPhone 13 Pro, iPhone Case"
T3016,Apple Watch Series 11
T3017,iPad 10th Gen
T3018,iPhone 16 Pro
T3019,"Belkin MagSafe Charging Stand, iPhone 13 mini"
T3020,"iPad 10th Gen, iPad Smart Folio"
T3021,"Screen Protector, USB-C Charging Cable, USB-C EarPods, iPhone 15 Plus"
T3022,"30W USB-C Power Adapter, AirPods (3rd Gen), Apple Magic Mouse, Laptop Sleeve, MacBook Air M3"
T3023,Apple Magic Keyboard
T3024,"USB-C Charging Cable, iPhone 16 Plus"
T3025,"Lightning Charging Cable, iPhone 14"
T3026,"Anker MagSafe Charging Dock, Lightning EarPods, Screen Protector, iPhone 14 Pro"
T3027,"Apple Watch Charger, Apple Watch Series 11, Apple Watch Sport Band"
T3028,Marshall Stanmore III
T3029,"30W USB-C Power Adapter, AirPods (3rd Gen), Laptop Sleeve, MacBook Air M1"
T3030,"Apple Watch Charger, Apple Watch Series 9, Apple Watch Sport Band"
T3031,"AirPods Pro (2nd Gen), iPhone 13"
T3032,"Belkin MagSafe Charging Stand, Screen Protector, USB-C Charging Cable, iPhone 17 Pro Max, iPhone Case"
T3033,"Screen Protector, USB-C EarPods, iPhone 15 Pro, iPhone MagSafe Charging Dock"
T3034,"Apple Magic Mouse, MacBook Air M4, USB-C Charging Cable"
T3035,"30W USB-C Power Adapter, Laptop Sleeve, MacBook Air M2"
T3036,"iPhone 15 Plus, iPhone MagSafe Charging Dock"
T3037,"AirPods (3rd Gen), Screen Protector, USB-C Charging Cable, iPhone 16, iPhone Case, iPhone MagSafe Charging Dock"
T3038,"Apple Magic Keyboard, Apple Magic Mouse, LG UltraFine 5K Display, Mac mini M2"
T3039,"Apple Watch Trail Loop, Apple Watch Ultra, Screen Protector (Watch)"
T3040,MacBook Pro M1
T3041,"Apple Magic Keyboard, Apple Magic Mouse, Mac mini M4, Marshall Stanmore III, USB-C Hub"
T3042,"Lightning EarPods, Screen Protector, iPhone 13, iPhone Case, iPhone MagSafe Charging Dock"
T3043,"Anker MagSafe Charging Dock, iPhone 14 Plus"
T3044,"Belkin MagSafe Charging Stand, USB-C Charging Cable, iPhone 17, iPhone Case"
T3045,"AirPods Pro (2nd Gen), Lightning Charging Cable, Screen Protector, iPhone 13, iPhone Case, iPhone MagSafe Charging Dock"
T3046,"AirPods (3rd Gen), USB-C Charging Cable, iPhone 16 Pro Max"
T3047,"AirPods (3rd Gen), Anker MagSafe Charging Dock, Lightning Charging Cable, iPhone 14 Pro Max"
T3048,JBL Flip 6
T3049,"Lightning Charging Cable, Lightning EarPods, Screen Protector, iPhone 13 Pro"
T3050,"Apple Watch Trail Loop, Apple Watch Ultra"
T3051,"Belkin MagSafe Charging Stand, Lightning Charging Cable, Lightning EarPods, iPhone 14"
T3052,"Anker MagSafe Charging Dock, Lightning Charging Cable, Lightning EarPods, iPhone 14, iPhone Case"
T3053,"Belkin MagSafe Charging Stand, iPhone 13 Pro Max, iPhone Case"
T3054,MacBook Air M2
T3055,"AirPods Pro (2nd Gen), iPhone 15 Plus, iPhone Case, iPhone MagSafe Charging Dock"
T3056,"65W USB-C Power Adapter, MacBook Pro M2, USB-C Charging Cable"
T3057,"65W USB-C Power Adapter, Apple Magic Keyboard, Apple Magic Mouse, MacBook Pro M4"
T3058,"AirPods Pro (2nd Gen), Anker MagSafe Charging Dock, USB-C Charging Cable, iPhone 16 Pro, iPhone Case"
T3059,"Anker MagSafe Charging Dock, iPhone 17, iPhone Case"
T3060,"30W USB-C Power Adapter, AirPods (3rd Gen), Apple Magic Mouse, Laptop Sleeve, MacBook Air M4, USB-C Charging Cable"
T3061,"30W USB-C Power Adapter, Apple Magic Mouse, MacBook Air M3, USB-C Charging Cable"
T3062,JBL Flip 6
T3063,"Lightning EarPods, iPhone 14, iPhone Case, iPhone MagSafe Charging Dock"
T3064,"30W USB-C Power Adapter, Apple Magic Mouse, Laptop Sleeve, MacBook Air M1, USB-C Charging Cable"
T3065,"Apple Pencil (2nd Gen), USB-C Charging Cable, iPad Magic Keyboard, iPad Pro M4 13-inch"
T3066,Marshall Emberton II
T3067,"USB-C Charging Cable, USB-C EarPods, iPhone 17 Pro Max, iPhone MagSafe Charging Dock"
T3068,"30W USB-C Power Adapter, MacBook Air M3"
T3069,"JBL Charge 5, Speaker Carry Case, USB-C Charging Cable"
T3070,"Anker MagSafe Charging Dock, Lightning EarPods, Screen Protector, iPhone 14 Plus, iPhone Case"
T3071,"Lightning Charging Cable, Lightning EarPods, iPhone 13 mini, iPhone Case"
T3072,"Belkin MagSafe Charging Stand, USB-C EarPods, iPhone 17"
T3073,"30W USB-C Power Adapter, MacBook Air M4"
T3074,"Apple Pencil (USB-C), iPad Smart Folio, iPad mini 6"
T3075,"AirPods Pro (2nd Gen), USB-C Charging Cable, iPhone 15 Pro"
T3076,"AirPods (3rd Gen), USB-C Charging Cable, iPhone 17, iPhone Case"
T3077,"Belkin MagSafe Charging Stand, Screen Protector, iPhone 14 Pro Max"
T3078,"Screen Protector, USB-C Charging Cable, iPhone 16 Pro, iPhone MagSafe Charging Dock"
T3079,"Belkin MagSafe Charging Stand, Lightning Charging Cable, Lightning EarPods, iPhone 13"
T3080,"Belkin MagSafe Charging Stand, Screen Protector, iPhone 13 mini"
T3081,iPhone 15 Pro Max
T3082,iPhone 15 Pro Max
T3083,"Apple Watch Charger, Apple Watch Series 11, Apple Watch Sport Band"
T3084,Mac mini M2 Pro
T3085,"Apple Pencil (USB-C), iPad 10th Gen"
T3086,Apple Watch Ultra 2
T3087,"Belkin MagSafe Charging Stand, Lightning Charging Cable, Lightning EarPods, iPhone 13 Pro"
T3088,"AirPods Pro (2nd Gen), Screen Protector, USB-C Charging Cable, iPhone 16 Pro"
T3089,"Lightning EarPods, Screen Protector, iPhone 13 mini, iPhone Case"
T3090,"Screen Protector (iPad), iPad Smart Folio, iPad mini 6"
T3091,"Apple Magic Mouse, Mac mini M4"
T3092,"Apple Watch Series 8, Screen Protector (Watch)"
T3093,"AirPods (3rd Gen), Belkin MagSafe Charging Stand, Screen Protector, USB-C Charging Cable, iPhone 17 Pro, iPhone Case"
T3094,iPhone 16 Pro Max
T3095,"Belkin MagSafe Charging Stand, Lightning Charging Cable, Lightning EarPods, Screen Protector, iPhone 14 Pro"
T3096,"AirPods Pro (2nd Gen), Anker MagSafe Charging Dock, iPhone 16, iPhone Case"
T3097,"AirPods Pro (2nd Gen), USB-C Charging Cable, iPhone 16 Pro, iPhone MagSafe Charging Dock"
T3098,"USB-C Charging Cable, iPad Pro M4 11-inch"
T3099,"Screen Protector, USB-C Charging Cable, iPhone 17 Pro Max, iPhone Case"
T3100,"USB-C Charging Cable, iPhone 17 Pro, iPhone Case, iPhone MagSafe Charging Dock"
T3101,"Anker MagSafe Charging Dock, USB-C EarPods, iPhone 16 Pro Max"
T3102,MacBook Air M4
T3103,"Apple Watch Charger, Apple Watch Series 9"
T3104,"Bose SoundLink Flex, Speaker Carry Case"
T3105,"Apple Watch Charger, Apple Watch Solo Loop, Apple Watch Ultra 2"
T3106,"30W USB-C Power Adapter, Apple Magic Mouse, MacBook Air M4, USB-C Charging Cable"
T3107,"USB-C Charging Cable, iPad 10th Gen, iPad Smart Folio"
T3108,"30W USB-C Power Adapter, Apple Magic Mouse, MacBook Air M1"
T3109,"AirPods (3rd Gen), USB-C Charging Cable, iPhone 15"
T3110,"Belkin MagSafe Charging Stand, USB-C Charging Cable, USB-C EarPods, iPhone 16 Pro, iPhone Case"
T3111,"USB-C EarPods, iPhone 16 Pro"
T3112,"USB-C Charging Cable, iPad 10th Gen"
T3113,"Belkin MagSafe Charging Stand, Lightning Charging Cable, Lightning EarPods, iPhone 13 Pro, iPhone Case"
T3114,"65W USB-C Power Adapter, MacBook Pro M4, USB-C Charging Cable"
T3115,"65W USB-C Power Adapter, Apple Magic Mouse, MacBook Pro M3, USB-C Charging Cable"
T3116,"30W USB-C Power Adapter, Laptop Sleeve, MacBook Air M1, USB-C Charging Cable"
T3117,"Apple Pencil (USB-C), USB-C Charging Cable, iPad 10th Gen"
T3118,iPad Pro M4 11-inch
T3119,iPhone 15
T3120,Apple Watch Series 11
T3121,iPad Pro M4 11-inch
T3122,iPhone 13 Pro Max
T3123,Apple Watch Series 9
T3124,"Anker MagSafe Charging Dock, Lightning Charging Cable, iPhone 13 mini"
T3125,"Apple Pencil (2nd Gen), Screen Protector (iPad), USB-C Charging Cable, iPad Magic Keyboard, iPad Pro M4 13-inch"
T3126,"Apple Watch Charger, Apple Watch Milanese Loop, Apple Watch Series 11"
T3127,"Apple Watch Charger, Apple Watch Milanese Loop, Apple Watch Series 11"
T3128,"USB-C Charging Cable, iPad Magic Keyboard, iPad Pro M4 13-inch"
T3129,"Screen Protector, iPhone 14 Pro Max, iPhone MagSafe Charging Dock"
T3130,"USB-C Charging Cable, USB-C EarPods, iPhone 15 Plus, iPhone MagSafe Charging Dock"
T3131,Apple Watch Ultra
T3132,"USB-C Charging Cable, iPad 10th Gen, iPad Smart Folio"
T3133,"USB-C Charging Cable, USB-C EarPods, iPhone 15 Pro, iPhone MagSafe Charging Dock"
T3134,"65W USB-C Power Adapter, MacBook Pro M4, USB-C Charging Cable"
T3135,Mac mini M2
T3136,"65W USB-C Power Adapter, MacBook Pro M2, USB-C Charging Cable"
T3137,iPhone 13 Pro Max
T3138,"30W USB-C Power Adapter, MacBook Air M1, USB-C Charging Cable"
T3139,"Lightning Charging Cable, Lightning EarPods, iPhone 14 Pro Max, iPhone MagSafe Charging Dock"
T3140,"Apple Magic Keyboard, Apple Magic Mouse, Mac mini M2"
T3141,"Apple Magic Keyboard, Apple Magic Mouse, Mac mini M2"
T3142,Apple Watch Ultra 2
T3143,"AirPods (3rd Gen), iPhone 16 Pro"
T3144,"Screen Protector, USB-C Charging Cable, USB-C EarPods, iPhone 17 Air"
T3145,"iPad Smart Folio, iPad mini 6"
T3146,"Lightning Charging Cable, iPhone 14 Pro"
T3147,"AirPods (3rd Gen), Belkin MagSafe Charging Stand, Lightning Charging Cable, iPhone 14 Pro Max, iPhone Case"
T3148,"Apple Magic Mouse, MacBook Air M3, USB-C Charging Cable"
T3149,"USB-C Charging Cable, USB-C EarPods, iPhone 15 Plus"
T3150,"Apple Watch Series 11, Apple Watch Sport Band"
T3151,Apple Magic Mouse
T3152,"65W USB-C Power Adapter, Apple Magic Mouse, External SSD 1TB, MacBook Pro M1, USB-C Charging Cable"
T3153,iPad 10th Gen
T3154,"Belkin MagSafe Charging Stand, USB-C Charging Cable, iPhone 17 Pro"
T3155,"Lightning EarPods, iPhone 14 Pro Max, iPhone Case, iPhone MagSafe Charging Dock"
T3156,iPhone 17 Pro
T3157,"Anker MagSafe Charging Dock, USB-C Charging Cable, iPhone 15, iPhone Case"
T3158,Mac mini M2 Pro
T3159,"Lightning Charging Cable, Lightning EarPods, iPhone 13 Pro, iPhone Case"
T3160,"Lightning Charging Cable, Lightning EarPods, iPhone 13, iPhone MagSafe Charging Dock"
T3161,"Apple Magic Keyboard, Apple Magic Mouse, JBL Flip 6, Mac mini M4, USB-C Hub"
T3162,"30W USB-C Power Adapter, Apple Magic Mouse, Laptop Sleeve, MacBook Air M2"
T3163,"Apple Pencil (2nd Gen), Screen Protector (iPad), iPad Pro M4 13-inch"
T3164,"Apple Magic Keyboard, Apple Magic Mouse, MacBook Pro M3, USB-C Charging Cable"
T3165,"Apple Watch Series 10, Apple Watch Solo Loop"
T3166,"30W USB-C Power Adapter, AirPods (3rd Gen), Apple Magic Mouse, MacBook Air M1"
T3167,"30W USB-C Power Adapter, Apple Magic Mouse, MacBook Air M4"
T3168,"iPhone 16, iPhone Case"
T3169,Apple Watch Series 8
T3170,"USB-C Charging Cable, USB-C EarPods, iPhone 16, iPhone Case"
T3171,"Anker MagSafe Charging Dock, Screen Protector, USB-C Charging Cable, iPhone 17 Pro Max"
T3172,"Apple Magic Mouse, USB-C Charging Cable"
T3173,JBL Flip 6
T3174,"65W USB-C Power Adapter, AirPods Pro (2nd Gen), MacBook Pro M1, USB-C Charging Cable"
T3175,"USB-C Charging Cable, USB-C EarPods, iPhone 15 Pro Max"
T3176,"Lightning Charging Cable, iPhone 14 Pro, iPhone Case"
T3177,"AirPods (3rd Gen), MacBook Air M3, USB-C Charging Cable"
T3178,iPad 10th Gen
T3179,"Screen Protector, USB-C Charging Cable, USB-C EarPods, iPhone 16 Plus"
T3180,"Apple Pencil (USB-C), USB-C Charging Cable, iPad Smart Folio, iPad mini 6"
T3181,Apple Watch Series 11
T3182,MacBook Pro M3
T3183,"Belkin MagSafe Charging Stand, USB-C Charging Cable, iPhone 17 Air, iPhone Case"
T3184,"Belkin MagSafe Charging Stand, Lightning EarPods, iPhone 14 Pro Max"
T3185,iPad mini 7
T3186,"Screen Protector, USB-C Charging Cable, iPhone 17 Pro"
T3187,Mac mini M2 Pro
T3188,"Screen Protector, USB-C Charging Cable, USB-C EarPods, iPhone 15"
T3189,"AirPods Pro (2nd Gen), Anker MagSafe Charging Dock, USB-C Charging Cable, iPhone 15 Pro, iPhone Case"
T3190,"Anker MagSafe Charging Dock, Lightning Charging Cable, Lightning EarPods, iPhone 13, iPhone Case"
T3191,MacBook Pro M4
T3192,"AirPods Pro (2nd Gen), iPhone 14 Plus, iPhone MagSafe Charging Dock"
T3193,MacBook Air M3
T3194,"Anker MagSafe Charging Dock, iPhone 14 Pro"
T3195,"Apple Watch Charger, Apple Watch Series 9, Apple Watch Trail Loop"
T3196,"Belkin MagSafe Charging Stand, USB-C Charging Cable, USB-C EarPods, iPhone 16 Pro"
T3197,iPad 10th Gen
T3198,"Apple Pencil (2nd Gen), iPad Pro M4 11-inch"
T3199,Apple Watch Ultra 2
T3200,"Apple Watch Charger, Apple Watch Series 10, Apple Watch Trail Loop"
T3201,"Lightning EarPods, iPhone 14 Pro"
T3202,"USB-C Charging Cable, USB-C EarPods, iPhone 15"
T3203,"AirPods Pro (2nd Gen), USB-C Charging Cable"
T3204,"Apple Watch Series 10, Apple Watch Solo Loop"
T3205,"Laptop Sleeve, MacBook Air M1, USB-C Charging Cable"
T3206,"65W USB-C Power Adapter, AirPods Pro (2nd Gen), External SSD 1TB, MacBook Pro M2"
T3207,iPad mini 6
T3208,"AirPods (3rd Gen), Anker MagSafe Charging Dock, USB-C Charging Cable, iPhone 15 Pro"
T3209,"Apple Watch Milanese Loop, Apple Watch Series 9"
T3210,"Lightning Charging Cable, Lightning EarPods, Screen Protector, iPhone 13 Pro Max"
T3211,"Apple Magic Keyboard, Apple Magic Mouse, Mac mini M2"
T3212,Mac mini M4
T3213,"AirPods Pro (2nd Gen), Anker MagSafe Charging Dock, Lightning Charging Cable, iPhone 14 Plus, iPhone Case"
T3214,"Marshall Stanmore III, Speaker Carry Case"
T3215,"Anker MagSafe Charging Dock, USB-C Charging Cable, iPhone 15 Pro"
T3216,"65W USB-C Power Adapter, MacBook Pro M4"
T3217,AirPods (3rd Gen)
T3218,"Laptop Sleeve, MacBook Air M2"
T3219,"Apple Watch Charger, Apple Watch Series 8, Apple Watch Trail Loop"
T3220,iPad Pro M4 11-inch
T3221,"30W USB-C Power Adapter, AirPods (3rd Gen), Apple Magic Mouse, Laptop Sleeve, MacBook Air M2, USB-C Charging Cable"
T3222,MacBook Air M3
T3223,"Apple Pencil (2nd Gen), USB-C Charging Cable, iPad Magic Keyboard, iPad Pro M4 13-inch"
T3224,iPad Pro M4 11-inch
T3225,"Belkin MagSafe Charging Stand, USB-C Charging Cable, iPhone 15"
T3226,"Screen Protector, USB-C Charging Cable, USB-C EarPods, iPhone 16 Pro, iPhone Case"
T3227,"Anker MagSafe Charging Dock, USB-C Charging Cable, iPhone 15 Pro Max, iPhone Case"
T3228,"65W USB-C Power Adapter, MacBook Pro M2"
T3229,Mac mini M2
T3230,"Anker MagSafe Charging Dock, USB-C Charging Cable, USB-C EarPods, iPhone 16 Plus"
T3231,"Belkin MagSafe Charging Stand, Lightning Charging Cable, Lightning EarPods, iPhone 14"
T3232,"Apple Magic Keyboard, Apple Magic Mouse, Mac mini M2"
T3233,"Apple Pencil (USB-C), Screen Protector (iPad), iPad 10th Gen, iPad Smart Folio"
T3234,"Apple Watch Series 9, Screen Protector (Watch)"
T3235,"Belkin MagSafe Charging Stand, Screen Protector, USB-C Charging Cable, USB-C EarPods, iPhone 17 Pro"
T3236,"Apple Magic Keyboard, Mac mini M2, Marshall Stanmore III, Studio Display, USB-C Hub"
T3237,"AirPods (3rd Gen), USB-C Charging Cable, iPhone 17 Pro Max, iPhone MagSafe Charging Dock"
T3238,"Lightning EarPods, iPhone 14 Pro Max"
T3239,"Belkin MagSafe Charging Stand, Lightning Charging Cable, Screen Protector, iPhone 13, iPhone Case"
T3240,"Apple Pencil (USB-C), Screen Protector (iPad), iPad Smart Folio, iPad mini 6"
T3241,"Anker MagSafe Charging Dock, USB-C EarPods, iPhone 17 Pro Max, iPhone Case"
T3242,"Lightning Charging Cable, Screen Protector, iPhone 14, iPhone MagSafe Charging Dock"
T3243,"65W USB-C Power Adapter, MacBook Pro M3, USB-C Charging Cable"
T3244,iPad Pro M4 13-inch
T3245,"Belkin MagSafe Charging Stand, USB-C Charging Cable, USB-C EarPods, iPhone 15, iPhone Case"
T3246,iPhone 16 Pro
T3247,"AirPods (3rd Gen), Anker MagSafe Charging Dock, Lightning Charging Cable, iPhone 14, iPhone Case"
T3248,"AirPods Pro (2nd Gen), Belkin MagSafe Charging Stand, Lightning Charging Cable, Screen Protector, iPhone 14"
T3249,"65W USB-C Power Adapter, AirPods Pro (2nd Gen), External SSD 1TB, MacBook Pro M4, USB-C Charging Cable"
T3250,Apple Magic Keyboard
T3251,"Apple Magic Mouse, USB-C Charging Cable"
T3252,"AirPods (3rd Gen), MacBook Air M1"
T3253,"USB-C EarPods, iPhone 15"
T3254,"USB-C Charging Cable, USB-C EarPods, iPhone 16 Pro"
T3255,"AirPods (3rd Gen), Lightning Charging Cable, iPhone 14 Plus, iPhone Case, iPhone MagSafe Charging Dock"
T3256,Apple Magic Mouse
T3257,"30W USB-C Power Adapter, AirPods (3rd Gen), Apple Magic Mouse, Laptop Sleeve, MacBook Air M3"
T3258,Mac mini M2
T3259,iPhone 15 Plus
T3260,"Apple Watch Trail Loop, Apple Watch Ultra"
T3261,"65W USB-C Power Adapter, MacBook Pro M3"
T3262,"Apple Pencil (USB-C), iPad Air M2, iPad Smart Folio"
T3263,"Apple Watch Charger, Apple Watch Series 9, Apple Watch Sport Band, Screen Protector (Watch)"
T3264,"Screen Protector, iPhone 15 Plus"
T3265,JBL Charge 5
T3266,"Anker MagSafe Charging Dock, USB-C Charging Cable, USB-C EarPods, iPhone 17 Pro"
T3267,"USB-C Charging Cable, iPhone 16 Pro Max"
T3268,"30W USB-C Power Adapter, MacBook Air M1, USB-C Charging Cable"
T3269,"AirPods Pro (2nd Gen), Belkin MagSafe Charging Stand, USB-C Charging Cable, iPhone 15 Pro Max, iPhone Case"
T3270,Marshall Stanmore III
T3271,"AirPods Pro (2nd Gen), Anker MagSafe Charging Dock, iPhone 13 mini"
T3272,Apple Magic Mouse
T3273,"Anker MagSafe Charging Dock, USB-C Charging Cable, iPhone 15 Pro Max"
T3274,"Apple Watch Charger, Apple Watch Ultra, Screen Protector (Watch)"
T3275,"AirPods (3rd Gen), Belkin MagSafe Charging Stand, iPhone 14"
T3276,iPad mini 6
T3277,"65W USB-C Power Adapter, MacBook Pro M3, USB-C Charging Cable"
T3278,"65W USB-C Power Adapter, AirPods Pro (2nd Gen), Apple Magic Mouse, MacBook Pro M1, USB-C Charging Cable"
T3279,"Belkin MagSafe Charging Stand, Lightning Charging Cable, iPhone 14 Plus"
T3280,"Apple Pencil (2nd Gen), iPad Pro M4 13-inch"
T3281,"65W USB-C Power Adapter, AirPods Pro (2nd Gen), Apple Magic Mouse, MacBook Pro M3, USB-C Charging Cable"
T3282,"AirPods (3rd Gen), Screen Protector, USB-C Charging Cable, iPhone 17 Pro Max"
T3283,"30W USB-C Power Adapter, MacBook Air M4"
T3284,MacBook Air M2
T3285,"Apple Watch Milanese Loop, Apple Watch Ultra 2, Screen Protector (Watch)"
T3286,MacBook Air M2
T3287,"AirPods (3rd Gen), Belkin MagSafe Charging Stand, Screen Protector, iPhone 17 Pro Max, iPhone Case"
T3288,"AirPods Pro (2nd Gen), Lightning Charging Cable, iPhone 14 Pro Max, iPhone MagSafe Charging Dock"
T3289,MacBook Pro M4
T3290,"30W USB-C Power Adapter, MacBook Air M4"
T3291,"Belkin MagSafe Charging Stand, Screen Protector, USB-C Charging Cable, USB-C EarPods, iPhone 17"
T3292,"Anker MagSafe Charging Dock, USB-C Charging Cable, USB-C EarPods, iPhone 17 Air"
T3293,"Apple Magic Mouse, MacBook Pro M3, USB-C Charging Cable"
T3294,"30W USB-C Power Adapter, AirPods (3rd Gen), Apple Magic Mouse, MacBook Air M3, USB-C Charging Cable"
T3295,"Anker MagSafe Charging Dock, Screen Protector, USB-C EarPods, iPhone 17 Pro Max"
T3296,"Belkin MagSafe Charging Stand, USB-C EarPods, iPhone 16 Plus"
T3297,"Anker MagSafe Charging Dock, USB-C Charging Cable, USB-C EarPods, iPhone 17 Air"
T3298,"Belkin MagSafe Charging Stand, Screen Protector, USB-C Charging Cable, iPhone 17"
T3299,"65W USB-C Power Adapter, MacBook Pro M3, USB-C Charging Cable"
T3300,"AirPods Pro (2nd Gen), Screen Protector, USB-C Charging Cable, iPhone 16 Plus, iPhone MagSafe Charging Dock"
T3301,"Belkin MagSafe Charging Stand, USB-C Charging Cable, USB-C EarPods, iPhone 17"
T3302,"AirPods (3rd Gen), Screen Protector, iPhone 17 Air, iPhone Case"
T3303,Apple Magic Mouse
T3304,"Anker MagSafe Charging Dock, iPhone 16 Plus"
T3305,"Anker MagSafe Charging Dock, USB-C EarPods, iPhone 16 Pro Max"
T3306,"Apple Magic Mouse, MacBook Air M4"
T3307,MacBook Pro M3
T3308,Apple Watch Series 10
T3309,"Apple Watch Series 11, Apple Watch Solo Loop"
T3310,MacBook Pro M2
T3311,"Apple Magic Mouse, Mac mini M2, USB-C Hub"
T3312,"65W USB-C Power Adapter, Apple Magic Mouse, External SSD 1TB, MacBook Pro M4, USB-C Charging Cable"
T3313,Marshall Emberton II
T3314,"Lightning Charging Cable, iPhone 13 Pro Max, iPhone Case"
T3315,"Apple Watch Charger, Apple Watch Series 11, Apple Watch Solo Loop"
T3316,"AirPods Pro (2nd Gen), Anker MagSafe Charging Dock, USB-C Charging Cable, iPhone 16 Plus"
T3317,iPhone 15 Pro Max
T3318,"AirPods Pro (2nd Gen), MacBook Pro M3, USB-C Charging Cable"
T3319,"Apple Magic Keyboard, Mac mini M2"
T3320,"AirPods (3rd Gen), USB-C Charging Cable, iPhone 15 Pro"
T3321,"Lightning EarPods, iPhone 13 mini, iPhone MagSafe Charging Dock"
T3322,iPhone 17 Air
T3323,iPhone 15 Plus
T3324,"Anker MagSafe Charging Dock, Lightning Charging Cable, Lightning EarPods, iPhone 14 Plus"
T3325,"30W USB-C Power Adapter, Laptop Sleeve, MacBook Air M1"
T3326,"Belkin MagSafe Charging Stand, Lightning Charging Cable, Screen Protector, iPhone 14"
T3327,JBL Charge 5
T3328,"30W USB-C Power Adapter, Laptop Sleeve, MacBook Air M1, USB-C Charging Cable"
T3329,MacBook Air M4
T3330,"Anker MagSafe Charging Dock, Lightning Charging Cable, Lightning EarPods, Screen Protector, iPhone 14 Pro, iPhone Case"
T3331,Marshall Emberton II
T3332,MacBook Pro M3
T3333,"AirPods (3rd Gen), Screen Protector, iPhone 14 Pro, iPhone MagSafe Charging Dock"
T3334,"iPad Magic Keyboard, iPad Pro M4 13-inch"
T3335,"AirPods (3rd Gen), USB-C Charging Cable, iPhone 16 Pro Max, iPhone MagSafe Charging Dock"
T3336,"Lightning Charging Cable, Screen Protector, iPhone 13, iPhone MagSafe Charging Dock"
T3337,"30W USB-C Power Adapter, Laptop Sleeve, MacBook Air M4"
T3338,"65W USB-C Power Adapter, Apple Magic Keyboard, MacBook Pro M2"
T3339,"Anker MagSafe Charging Dock, Lightning Charging Cable, iPhone 14 Pro"
T3340,"iPhone 16 Pro, iPhone Case"
T3341,"AirPods Pro (2nd Gen), Anker MagSafe Charging Dock, USB-C Charging Cable, iPhone 15 Pro Max"
T3342,"Apple Watch Charger, Apple Watch Series 9, Apple Watch Trail Loop"
T3343,"USB-C Charging Cable, iPad 10th Gen, iPad Smart Folio"
T3344,"AirPods Pro (2nd Gen), iPhone 14 Plus, iPhone MagSafe Charging Dock"
T3345,"Apple Watch Solo Loop, Apple Watch Ultra 2"
T3346,"Apple Watch Charger, Apple Watch Trail Loop, Apple Watch Ultra"
T3347,"Screen Protector (iPad), USB-C Charging Cable, iPad Air M2"
T3348,iPad Air M2
T3349,"Screen Protector, USB-C EarPods, iPhone 15 Plus"
T3350,"Anker MagSafe Charging Dock, USB-C EarPods, iPhone 17 Pro"
T3351,"30W USB-C Power Adapter, MacBook Air M3"
T3352,"Belkin MagSafe Charging Stand, Lightning Charging Cable, Lightning EarPods, iPhone 13 mini"
T3353,iPhone 15 Plus
T3354,iPhone 14 Pro
T3355,"USB-C Charging Cable, USB-C EarPods, iPhone 16, iPhone MagSafe Charging Dock"
T3356,"AirPods Pro (2nd Gen), Belkin MagSafe Charging Stand, USB-C Charging Cable, iPhone 15 Pro Max, iPhone Case"
T3357,"Apple Pencil (USB-C), Screen Protector (iPad), USB-C Charging Cable, iPad Air M2, iPad Smart Folio"
T3358,"Apple Pencil (2nd Gen), iPad Pro M4 11-inch"
T3359,"AirPods (3rd Gen), iPhone 16 Plus, iPhone MagSafe Charging Dock"
T3360,"iPad Air M2, iPad Smart Folio"
T3361,"Apple Watch Trail Loop, Apple Watch Ultra 2"
T3362,"MacBook Pro M1, USB-C Charging Cable"
T3363,"iPad Smart Folio, iPad mini 6"
T3364,"AirPods (3rd Gen), iPhone 16 Plus"
T3365,"Belkin MagSafe Charging Stand, USB-C Charging Cable, USB-C EarPods, iPhone 16 Pro Max"
T3366,"Apple Pencil (USB-C), Screen Protector (iPad), iPad 10th Gen, iPad Smart Folio"
T3367,"Belkin MagSafe Charging Stand, iPhone 17 Pro"
T3368,"MacBook Air M1, USB-C Charging Cable"
T3369,"USB-C Charging Cable, iPad Smart Folio, iPad mini 7"
T3370,"Apple Watch Series 10, Apple Watch Solo Loop"
T3371,MacBook Pro M4
T3372,"Belkin MagSafe Charging Stand, Lightning EarPods, iPhone 13, iPhone Case"
T3373,JBL Charge 5
T3374,"AirPods Pro (2nd Gen), Belkin MagSafe Charging Stand, USB-C Charging Cable, iPhone 17 Pro"
T3375,"AirPods (3rd Gen), iPhone 15 Pro Max"
T3376,Apple Watch Series 11
T3377,"Belkin MagSafe Charging Stand, USB-C Charging Cable, iPhone 15 Pro, iPhone Case"
T3378,Apple Watch Series 8
T3379,"AirPods (3rd Gen), Lightning Charging Cable, Screen Protector, iPhone 13"
T3380,"65W USB-C Power Adapter, Apple Magic Mouse, MacBook Pro M2, USB-C Charging Cable"
T3381,"AirPods (3rd Gen), iPhone 17"
T3382,"65W USB-C Power Adapter, MacBook Pro M4, USB-C Charging Cable"
T3383,"Apple Magic Keyboard, Apple Magic Mouse, Mac mini M2, USB-C Hub"
T3384,"65W USB-C Power Adapter, Apple Magic Keyboard, MacBook Pro M1, USB-C Charging Cable"
T3385,"Anker MagSafe Charging Dock, Lightning Charging Cable, Lightning EarPods, iPhone 14 Pro"
T3386,iPhone 13
T3387,"Belkin MagSafe Charging Stand, Lightning Charging Cable, iPhone 14 Pro Max"
T3388,MacBook Air M4
T3389,"Anker MagSafe Charging Dock, USB-C Charging Cable, USB-C EarPods, iPhone 15"
T3390,"Belkin MagSafe Charging Stand, USB-C Charging Cable, iPhone 16 Plus"
T3391,"AirPods (3rd Gen), Belkin MagSafe Charging Stand, USB-C Charging Cable, iPhone 16"
T3392,"30W USB-C Power Adapter, AirPods (3rd Gen), Apple Magic Mouse, Laptop Sleeve, MacBook Air M1, USB-C Charging Cable"
T3393,"Screen Protector, iPhone 14 Pro Max, iPhone Case, iPhone MagSafe Charging Dock"
T3394,JBL Charge 5
T3395,"MacBook Pro M1, USB-C Charging Cable"
T3396,"Belkin MagSafe Charging Stand, Screen Protector, USB-C Charging Cable, USB-C EarPods, iPhone 17"
T3397,"AirPods (3rd Gen), USB-C Charging Cable, iPhone 17 Pro"
T3398,"Belkin MagSafe Charging Stand, USB-C EarPods, iPhone 16 Pro Max"
T3399,"Apple Pencil (USB-C), iPad Air M2"
T3400,iPhone 15 Pro
T3401,"30W USB-C Power Adapter, AirPods (3rd Gen), MacBook Air M2, USB-C Charging Cable"
T3402,"AirPods (3rd Gen), Anker MagSafe Charging Dock, Lightning Charging Cable, iPhone 14 Pro"
T3403,"Anker MagSafe Charging Dock, USB-C Charging Cable, USB-C EarPods, iPhone 16 Pro Max"
T3404,"Lightning Charging Cable, Lightning EarPods, iPhone 13 Pro Max"
T3405,"Screen Protector (iPad), iPad Magic Keyboard, iPad Pro M4 11-inch"
T3406,"Apple Watch Charger, Apple Watch Series 9, Apple Watch Trail Loop"
T3407,"Apple Watch Trail Loop, Apple Watch Ultra 2"
T3408,"65W USB-C Power Adapter, AirPods Pro (2nd Gen), Apple Magic Keyboard, MacBook Pro M3, USB-C Charging Cable"
T3409,"65W USB-C Power Adapter, Apple Magic Keyboard, Apple Magic Mouse, External SSD 1TB, MacBook Pro M2, USB-C Charging Cable"
T3410,iPad Pro M4 13-inch
T3411,"AirPods Pro (2nd Gen), Belkin MagSafe Charging Stand, iPhone 13"
T3412,AirPods Pro (2nd Gen)
T3413,"Anker MagSafe Charging Dock, USB-C Charging Cable, USB-C EarPods, iPhone 15 Plus"
T3414,"Belkin MagSafe Charging Stand, USB-C Charging Cable, USB-C EarPods, iPhone 17, iPhone Case"
T3415,"Belkin MagSafe Charging Stand, USB-C Charging Cable, USB-C EarPods, iPhone 16 Pro, iPhone Case"
T3416,"Anker MagSafe Charging Dock, USB-C EarPods, iPhone 17 Air"
T3417,"30W USB-C Power Adapter, AirPods (3rd Gen), Laptop Sleeve, MacBook Air M2, USB-C Charging Cable"
T3418,"30W USB-C Power Adapter, Apple Magic Mouse, MacBook Air M4"
T3419,"Apple Watch Charger, Apple Watch Series 9"
T3420,MacBook Air M1
T3421,"30W USB-C Power Adapter, AirPods (3rd Gen), MacBook Air M1, USB-C Charging Cable"
T3422,iPhone 17 Air
T3423,"Marshall Emberton II, USB-C Charging Cable"
T3424,"AirPods Pro (2nd Gen), Belkin MagSafe Charging Stand, Screen Protector, iPhone 13 Pro Max"
T3425,"30W USB-C Power Adapter, MacBook Air M3"
T3426,JBL Charge 5
T3427,"Apple Watch Milanese Loop, Apple Watch Series 8, Screen Protector (Watch)"
T3428,"AirPods Pro (2nd Gen), Anker MagSafe Charging Dock, Lightning Charging Cable, iPhone 13 Pro"
T3429,"Belkin MagSafe Charging Stand, USB-C Charging Cable, iPhone 16 Pro"
T3430,"AirPods Pro (2nd Gen), USB-C Charging Cable, iPhone 15 Pro, iPhone MagSafe Charging Dock"
T3431,"Apple Magic Keyboard, Apple Magic Mouse, Bose SoundLink Flex, LG UltraFine 5K Display, Mac mini M2 Pro"
T3432,"Belkin MagSafe Charging Stand, Screen Protector, USB-C Charging Cable, USB-C EarPods, iPhone 15 Pro Max"
T3433,"AirPods (3rd Gen), Belkin MagSafe Charging Stand, iPhone 15 Plus"
T3434,Apple Watch Ultra
T3435,"USB-C Charging Cable, iPhone 15 Pro"
T3436,"65W USB-C Power Adapter, Apple Magic Mouse, MacBook Pro M1"
T3437,"AirPods Pro (2nd Gen), USB-C Charging Cable, iPhone 15 Pro Max"
T3438,"iPhone 13, iPhone Case, iPhone MagSafe Charging Dock"
T3439,"USB-C Charging Cable, iPhone 15 Plus"
T3440,"Apple Pencil (USB-C), Screen Protector (iPad), iPad Smart Folio, iPad mini 6"
T3441,"Apple Pencil (2nd Gen), Screen Protector (iPad), USB-C Charging Cable, iPad Magic Keyboard, iPad Pro M4 11-inch"
T3442,"Screen Protector (iPad), USB-C Charging Cable, iPad Air M2"
T3443,"Apple Watch Charger, Apple Watch Series 8, Apple Watch Trail Loop"
T3444,MacBook Air M2
T3445,Marshall Emberton II
T3446,"Apple Magic Keyboard, Apple Magic Mouse, Mac mini M2, Marshall Stanmore III, USB-C Hub"
T3447,"AirPods Pro (2nd Gen), USB-C Charging Cable, iPhone 15 Pro Max, iPhone Case"
T3448,"USB-C Charging Cable, iPad 10th Gen"
T3449,"Apple Watch Charger, Apple Watch Series 10, Apple Watch Sport Band"
T3450,Apple Magic Keyboard
T3451,Apple Watch Ultra 2
T3452,Mac mini M2 Pro
T3453,iPhone 13 Pro Max
T3454,"AirPods (3rd Gen), Belkin MagSafe Charging Stand, Screen Protector, iPhone 15 Pro"
T3455,iPad Pro M4 11-inch
T3456,iPad 10th Gen
T3457,MacBook Pro M3
T3458,iPhone 15
T3459,"Laptop Sleeve, MacBook Air M4, USB-C Charging Cable"
T3460,"USB-C Charging Cable, USB-C EarPods, iPhone 15"
T3461,"Apple Magic Keyboard, Apple Magic Mouse, JBL Flip 6, Mac mini M2"
T3462,"Apple Watch Charger, Apple Watch Milanese Loop, Apple Watch Ultra 2"
T3463,"USB-C Charging Cable, USB-C EarPods, iPhone 15 Plus, iPhone MagSafe Charging Dock"
T3464,"Screen Protector, USB-C Charging Cable, USB-C EarPods, iPhone 15 Pro, iPhone MagSafe Charging Dock"
T3465,"Lightning EarPods, iPhone 13 mini, iPhone MagSafe Charging Dock"
T3466,"Anker MagSafe Charging Dock, Screen Protector, iPhone 16"
T3467,Marshall Stanmore III
T3468,"AirPods Pro (2nd Gen), Anker MagSafe Charging Dock, Lightning Charging Cable, iPhone 14, iPhone Case"
T3469,"65W USB-C Power Adapter, Apple Magic Mouse, MacBook Pro M4, USB-C Charging Cable"
T3470,"Lightning EarPods, iPhone 14 Plus, iPhone Case"
T3471,"Belkin MagSafe Charging Stand, Lightning EarPods, iPhone 14 Pro"
T3472,"65W USB-C Power Adapter, AirPods Pro (2nd Gen), Apple Magic Keyboard, MacBook Pro M1, USB-C Charging Cable"
T3473,"Apple Watch Charger, Apple Watch Milanese Loop, Apple Watch Series 9"
T3474,"Screen Protector, iPhone 16 Plus, iPhone Case, iPhone MagSafe Charging Dock"
T3475,"Screen Protector, iPhone 17 Pro Max, iPhone Case"
T3476,"Apple Magic Keyboard, Bose SoundLink Flex, LG UltraFine 5K Display, Mac mini M4"
T3477,"AirPods Pro (2nd Gen), Belkin MagSafe Charging Stand, USB-C Charging Cable, iPhone 16 Pro, iPhone Case"
T3478,"30W USB-C Power Adapter, MacBook Air M2"
T3479,"Apple Watch Charger, Apple Watch Series 8, Apple Watch Trail Loop"
T3480,"Apple Magic Mouse, MacBook Pro M4, USB-C Charging Cable"
T3481,iPad Pro M4 13-inch
T3482,"Apple Watch Charger, Apple Watch Series 11, Apple Watch Solo Loop, Screen Protector (Watch)"
T3483,"AirPods (3rd Gen), iPhone 13 Pro Max, iPhone Case"
T3484,"Anker MagSafe Charging Dock, USB-C Charging Cable, USB-C EarPods, iPhone 17 Air, iPhone Case"
T3485,"Apple Magic Keyboard, Apple Magic Mouse, JBL Charge 5, Mac mini M4"
T3486,"Lightning Charging Cable, iPhone 14, iPhone Case, iPhone MagSafe Charging Dock"
T3487,"30W USB-C Power Adapter, MacBook Air M2, USB-C Charging Cable"
T3488,"USB-C EarPods, iPhone 15, iPhone Case, iPhone MagSafe Charging Dock"
T3489,"Apple Pencil (USB-C), iPad Smart Folio, iPad mini 6"
T3490,"USB-C Charging Cable, iPhone 17 Pro Max, iPhone Case"
T3491,iPad Pro M4 13-inch
T3492,"AirPods Pro (2nd Gen), Anker MagSafe Charging Dock, Lightning Charging Cable, iPhone 14 Pro"
T3493,"Apple Watch Charger, Apple Watch Sport Band, Apple Watch Ultra 2, Screen Protector (Watch)"
T3494,"30W USB-C Power Adapter, Apple Magic Mouse, Laptop Sleeve, MacBook Air M2, USB-C Charging Cable"
T3495,Mac mini M4
T3496,"AirPods Pro (2nd Gen), Anker MagSafe Charging Dock, Lightning Charging Cable, iPhone 14 Pro Max"
T3497,"Apple Watch Solo Loop, Apple Watch Ultra 2"
T3498,"Apple Pencil (2nd Gen), USB-C Charging Cable, iPad Magic Keyboard, iPad Pro M4 11-inch"
T3499,"Apple Watch Series 11, Apple Watch Sport Band"
T3500,"AirPods (3rd Gen), Screen Protector, iPhone 17 Air, iPhone MagSafe Charging Dock"
T3501,"AirPods (3rd Gen), Screen Protector, iPhone 17 Air, iPhone MagSafe Charging Dock"
T3502,"Apple Pencil (2nd Gen), USB-C Charging Cable, iPad Pro M4 11-inch"
T3503,"Apple Watch Series 8, Apple Watch Trail Loop, Screen Protector (Watch)"
T3504,"Lightning Charging Cable, iPhone 14 Pro Max, iPhone MagSafe Charging Dock"
T3505,Marshall Stanmore III
T3506,"30W USB-C Power Adapter, AirPods (3rd Gen), Apple Magic Mouse, MacBook Air M4, USB-C Charging Cable"
T3507,"65W USB-C Power Adapter, MacBook Pro M4, USB-C Charging Cable"
T3508,"30W USB-C Power Adapter, MacBook Air M4, USB-C Charging Cable"
T3509,"Apple Watch Milanese Loop, Apple Watch Ultra"
T3510,"Apple Magic Keyboard, Apple Magic Mouse, JBL Charge 5, Mac mini M2"
T3511,"30W USB-C Power Adapter, Apple Magic Mouse, Laptop Sleeve, MacBook Air M4, USB-C Charging Cable"
T3512,"Screen Protector, USB-C Charging Cable, iPhone 16 Pro Max"
T3513,"Apple Magic Mouse, Laptop Sleeve, MacBook Air M4"
T3514,"Apple Pencil (USB-C), Screen Protector (iPad), USB-C Charging Cable, iPad 10th Gen, iPad Smart Folio"
T3515,iPhone 17
T3516,Marshall Emberton II
T3517,"iPad Smart Folio, iPad mini 6"
T3518,"AirPods (3rd Gen), Anker MagSafe Charging Dock, Screen Protector, USB-C Charging Cable, iPhone 16 Pro"
T3519,"AirPods Pro (2nd Gen), USB-C Charging Cable, iPhone 16 Pro"
T3520,"Lightning Charging Cable, Lightning EarPods, iPhone 14 Plus, iPhone MagSafe Charging Dock"
T3521,"Lightning Charging Cable, Lightning EarPods, iPhone 14 Plus"
T3522,iPhone 14 Pro
T3523,AirPods Pro (2nd Gen)
T3524,"iPad Smart Folio, iPad mini 7"
T3525,"AirPods (3rd Gen), Anker MagSafe Charging Dock, USB-C Charging Cable, iPhone 17 Air"
T3526,"Anker MagSafe Charging Dock, iPhone 15 Pro Max"
T3527,"Belkin MagSafe Charging Stand, USB-C Charging Cable, USB-C EarPods, iPhone 15"
T3528,"Apple Pencil (USB-C), USB-C Charging Cable, iPad mini 6"
T3529,"Apple Watch Milanese Loop, Apple Watch Series 11"
T3530,"Screen Protector, iPhone 14 Pro Max, iPhone Case"
T3531,"Anker MagSafe Charging Dock, Lightning Charging Cable, iPhone 14 Plus"
T3532,"30W USB-C Power Adapter, Apple Magic Mouse, MacBook Air M1"
T3533,"30W USB-C Power Adapter, MacBook Air M2, USB-C Charging Cable"
T3534,MacBook Air M4
T3535,"Lightning EarPods, Screen Protector, iPhone 14 Pro"
T3536,"Apple Watch Milanese Loop, Apple Watch Series 8"
T3537,"65W USB-C Power Adapter, Apple Magic Mouse, MacBook Pro M4, USB-C Charging Cable"
T3538,"Apple Watch Charger, Apple Watch Series 11, Apple Watch Trail Loop"
T3539,Mac mini M2
T3540,"Bose SoundLink Flex, Speaker Carry Case"
T3541,"Belkin MagSafe Charging Stand, iPhone 16 Pro Max, iPhone Case"
T3542,iPhone 16 Pro
T3543,"AirPods Pro (2nd Gen), USB-C Charging Cable, iPhone 15 Pro, iPhone Case"
T3544,"Apple Magic Keyboard, Apple Magic Mouse, Mac mini M4, Studio Display, USB-C Hub"
T3545,MacBook Air M4
T3546,"Lightning Charging Cable, Lightning EarPods, Screen Protector, iPhone 14 Plus, iPhone Case"
T3547,"USB-C EarPods, iPhone 17 Pro, iPhone Case"
T3548,Mac mini M2 Pro
T3549,"Apple Pencil (2nd Gen), iPad Pro M4 13-inch"
T3550,"65W USB-C Power Adapter, Apple Magic Mouse, MacBook Pro M2, USB-C Charging Cable"
T3551,"Belkin MagSafe Charging Stand, USB-C Charging Cable, iPhone 17, iPhone Case"
T3552,"Anker MagSafe Charging Dock, Lightning Charging Cable, Lightning EarPods, iPhone 14 Plus"
T3553,"USB-C Charging Cable, iPad Magic Keyboard, iPad Pro M4 11-inch"
T3554,MacBook Pro M3
T3555,"Anker MagSafe Charging Dock, Lightning Charging Cable, Lightning EarPods, iPhone 14 Plus"
T3556,"30W USB-C Power Adapter, MacBook Air M3"
T3557,"30W USB-C Power Adapter, MacBook Air M2, USB-C Charging Cable"
T3558,"AirPods Pro (2nd Gen), Lightning Charging Cable, Screen Protector, iPhone 13, iPhone MagSafe Charging Dock"
T3559,"65W USB-C Power Adapter, External SSD 1TB, MacBook Pro M1"
T3560,"Lightning EarPods, iPhone 14, iPhone MagSafe Charging Dock"
T3561,"Belkin MagSafe Charging Stand, Lightning Charging Cable, iPhone 13 mini, iPhone Case"
T3562,"AirPods Pro (2nd Gen), USB-C Charging Cable, iPhone 16 Pro"
T3563,Apple Watch Series 10
T3564,"Apple Pencil (USB-C), iPad Smart Folio, iPad mini 6"
T3565,"USB-C EarPods, iPhone 15, iPhone MagSafe Charging Dock"
T3566,"AirPods (3rd Gen), Anker MagSafe Charging Dock, Screen Protector, USB-C Charging Cable, iPhone 17"
T3567,"Apple Watch Charger, Apple Watch Ultra"
T3568,Apple Watch Series 10
T3569,"Apple Watch Charger, Apple Watch Milanese Loop, Apple Watch Ultra 2, Screen Protector (Watch)"
T3570,"USB-C Charging Cable, iPhone 15 Plus, iPhone MagSafe Charging Dock"
T3571,"65W USB-C Power Adapter, MacBook Pro M2, USB-C Charging Cable"
T3572,"AirPods Pro (2nd Gen), Belkin MagSafe Charging Stand, Screen Protector, iPhone 15 Pro"
T3573,"Apple Watch Charger, Apple Watch Series 9, Apple Watch Solo Loop"
T3574,"Screen Protector (iPad), USB-C Charging Cable, iPad Magic Keyboard, iPad Pro M4 13-inch"
T3575,"USB-C Charging Cable, USB-C EarPods, iPhone 15 Pro Max"
T3576,"Apple Pencil (USB-C), iPad 10th Gen, iPad Smart Folio"
T3577,"USB-C Charging Cable, iPad 10th Gen, iPad Smart Folio"
T3578,iPad Pro M4 13-inch
T3579,"Belkin MagSafe Charging Stand, Lightning Charging Cable, iPhone 14"
T3580,Apple Watch Series 9
T3581,"Belkin MagSafe Charging Stand, USB-C EarPods, iPhone 15 Pro Max, iPhone Case"
T3582,"Screen Protector (iPad), iPad 10th Gen, iPad Smart Folio"
T3583,AirPods Pro (2nd Gen)
T3584,iPhone 17
T3585,"65W USB-C Power Adapter, Apple Magic Mouse, MacBook Pro M1, USB-C Charging Cable"
T3586,"Belkin MagSafe Charging Stand, USB-C Charging Cable, iPhone 17 Pro"
T3587,"Apple Watch Series 11, Apple Watch Sport Band"
T3588,MacBook Pro M1
T3589,iPad Air M2
T3590,Apple Watch Series 9
T3591,"Apple Magic Keyboard, Apple Magic Mouse, Mac mini M4"
T3592,"AirPods Pro (2nd Gen), Anker MagSafe Charging Dock, USB-C Charging Cable, iPhone 17 Air"
T3593,"Screen Protector, USB-C Charging Cable, USB-C EarPods, iPhone 15, iPhone Case"
T3594,"Belkin MagSafe Charging Stand, iPhone 16 Pro Max, iPhone Case"
T3595,"Apple Watch Charger, Apple Watch Series 9, Apple Watch Trail Loop"
T3596,"Apple Watch Charger, Apple Watch Sport Band, Apple Watch Ultra"
T3597,"USB-C Charging Cable, iPhone 17 Pro, iPhone Case, iPhone MagSafe Charging Dock"
T3598,"iPad Smart Folio, iPad mini 6"
T3599,"Lightning Charging Cable, Lightning EarPods, iPhone 14, iPhone MagSafe Charging Dock"
T3600,"Apple Magic Mouse, Bose SoundLink Flex, LG UltraFine 5K Display, Mac mini M2 Pro"
T3601,"65W USB-C Power Adapter, External SSD 1TB, MacBook Pro M2"
T3602,"AirPods Pro (2nd Gen), Lightning Charging Cable, iPhone 13 mini, iPhone MagSafe Charging Dock"
T3603,"Screen Protector, USB-C Charging Cable, USB-C EarPods, iPhone 15 Plus, iPhone Case"
T3604,"65W USB-C Power Adapter, Apple Magic Mouse, MacBook Pro M3, USB-C Charging Cable"
T3605,"30W USB-C Power Adapter, Apple Magic Mouse, MacBook Air M1, USB-C Charging Cable"
T3606,MacBook Air M3
T3607,"AirPods (3rd Gen), Belkin MagSafe Charging Stand, Screen Protector, iPhone 15, iPhone Case"
T3608,"Belkin MagSafe Charging Stand, USB-C EarPods, iPhone 15, iPhone Case"
T3609,"Apple Magic Keyboard, MacBook Pro M1, USB-C Charging Cable"
T3610,MacBook Pro M2
T3611,JBL Flip 6
T3612,"USB-C Charging Cable, USB-C EarPods, iPhone 15, iPhone MagSafe Charging Dock"
T3613,"AirPods Pro (2nd Gen), USB-C Charging Cable, iPhone 16 Pro Max, iPhone MagSafe Charging Dock"
T3614,"AirPods Pro (2nd Gen), Belkin MagSafe Charging Stand, USB-C Charging Cable, iPhone 16 Plus, iPhone Case"
T3615,Bose SoundLink Flex
T3616,"Apple Magic Keyboard, Mac mini M4"
T3617,Apple Watch Series 8
T3618,"Apple Pencil (USB-C), USB-C Charging Cable, iPad Air M2, iPad Smart Folio"
T3619,"Screen Protector (iPad), iPad 10th Gen, iPad Smart Folio"
T3620,"Belkin MagSafe Charging Stand, Lightning EarPods, iPhone 14"
T3621,"Lightning Charging Cable, iPhone 13 Pro, iPhone Case"
T3622,iPhone 14
T3623,Apple Magic Keyboard
T3624,"AirPods (3rd Gen), iPhone 17 Pro, iPhone MagSafe Charging Dock"
T3625,"Apple Watch Charger, Apple Watch Series 9"
T3626,"Lightning Charging Cable, Lightning EarPods, iPhone 14 Pro Max, iPhone MagSafe Charging Dock"
T3627,"Screen Protector, USB-C Charging Cable, iPhone 16 Pro Max"
T3628,iPhone 15
T3629,"Belkin MagSafe Charging Stand, Lightning Charging Cable, Lightning EarPods, Screen Protector, iPhone 13 Pro, iPhone Case"
T3630,"Apple Pencil (USB-C), Screen Protector (iPad), USB-C Charging Cable, iPad mini 7"
T3631,"Apple Watch Milanese Loop, Apple Watch Series 10, Screen Protector (Watch)"
T3632,MacBook Air M4
T3633,iPad 10th Gen
T3634,"Apple Watch Solo Loop, Apple Watch Ultra"
T3635,"LG UltraFine 5K Display, Mac mini M4"
T3636,"Anker MagSafe Charging Dock, Screen Protector, USB-C EarPods, iPhone 15 Pro Max"
T3637,Apple Magic Mouse
T3638,"65W USB-C Power Adapter, Apple Magic Keyboard, MacBook Pro M2, USB-C Charging Cable"
T3639,"65W USB-C Power Adapter, Apple Magic Mouse, MacBook Pro M3, USB-C Charging Cable"
T3640,"Apple Pencil (USB-C), iPad Smart Folio, iPad mini 7"
T3641,iPad Pro M4 13-inch
T3642,MacBook Pro M4
T3643,"USB-C Charging Cable, iPhone 16, iPhone Case"
T3644,iPhone 13
T3645,"Belkin MagSafe Charging Stand, Lightning Charging Cable, Lightning EarPods, iPhone 14"
T3646,"65W USB-C Power Adapter, MacBook Pro M4, USB-C Charging Cable"
T3647,"AirPods Pro (2nd Gen), Belkin MagSafe Charging Stand, USB-C Charging Cable, iPhone 17 Pro, iPhone Case"
T3648,"AirPods (3rd Gen), Belkin MagSafe Charging Stand, iPhone 17 Pro Max"
T3649,Apple Magic Mouse
T3650,iPad mini 7
T3651,"Apple Pencil (USB-C), Screen Protector (iPad), USB-C Charging Cable, iPad Smart Folio, iPad mini 6"
T3652,"Belkin MagSafe Charging Stand, USB-C Charging Cable, USB-C EarPods, iPhone 17"
T3653,"65W USB-C Power Adapter, Apple Magic Mouse, MacBook Pro M3, USB-C Charging Cable"
T3654,"Apple Watch Charger, Apple Watch Series 10, Apple Watch Solo Loop"
T3655,"Apple Watch Charger, Apple Watch Milanese Loop, Apple Watch Series 9, Screen Protector (Watch)"
T3656,"Apple Watch Charger, Apple Watch Series 10, Apple Watch Trail Loop"
T3657,"30W USB-C Power Adapter, Apple Magic Mouse, Laptop Sleeve, MacBook Air M2, USB-C Charging Cable"
T3658,"30W USB-C Power Adapter, MacBook Air M4, USB-C Charging Cable"
T3659,"Apple Pencil (USB-C), USB-C Charging Cable, iPad Air M2, iPad Smart Folio"
T3660,Bose SoundLink Flex
T3661,"AirPods (3rd Gen), Anker MagSafe Charging Dock, Lightning Charging Cable, iPhone 14 Plus"
T3662,"AirPods Pro (2nd Gen), Lightning Charging Cable, iPhone 14, iPhone MagSafe Charging Dock"
T3663,"USB-C Charging Cable, USB-C EarPods, iPhone 16 Pro"
T3664,"Apple Pencil (USB-C), Screen Protector (iPad), USB-C Charging Cable, iPad Smart Folio, iPad mini 6"
T3665,"Screen Protector, USB-C Charging Cable, iPhone 15 Pro, iPhone MagSafe Charging Dock"
T3666,"Apple Magic Keyboard, Apple Magic Mouse, Mac mini M2 Pro"
T3667,"Apple Magic Keyboard, Apple Magic Mouse, MacBook Pro M2, USB-C Charging Cable"
T3668,AirPods (3rd Gen)
T3669,iPhone 16
T3670,"Anker MagSafe Charging Dock, Screen Protector, USB-C Charging Cable, USB-C EarPods, iPhone 16 Pro Max"
T3671,"AirPods (3rd Gen), iPhone 17, iPhone Case, iPhone MagSafe Charging Dock"
T3672,"Belkin MagSafe Charging Stand, USB-C Charging Cable, USB-C EarPods, iPhone 16 Pro, iPhone Case"
T3673,"Apple Pencil (2nd Gen), iPad Magic Keyboard, iPad Pro M4 11-inch"
T3674,"Belkin MagSafe Charging Stand, Lightning EarPods, Screen Protector, iPhone 14 Plus"
T3675,JBL Charge 5
T3676,"AirPods Pro (2nd Gen), Anker MagSafe Charging Dock, Screen Protector, USB-C Charging Cable, iPhone 16"
T3677,"Apple Watch Milanese Loop, Apple Watch Series 9"
T3678,"Apple Magic Keyboard, Apple Magic Mouse, JBL Charge 5, Mac mini M2 Pro"
T3679,"65W USB-C Power Adapter, AirPods Pro (2nd Gen), Apple Magic Mouse, MacBook Pro M1"
T3680,Apple Watch Ultra 2
T3681,"Belkin MagSafe Charging Stand, Lightning EarPods, iPhone 13 Pro"
T3682,"Lightning Charging Cable, Lightning EarPods, iPhone 13 Pro Max, iPhone Case, iPhone MagSafe Charging Dock"
T3683,"MacBook Pro M3, USB-C Charging Cable"
T3684,"Apple Watch Solo Loop, Apple Watch Ultra, Screen Protector (Watch)"
T3685,"30W USB-C Power Adapter, Apple Magic Mouse, MacBook Air M1, USB-C Charging Cable"
T3686,"Belkin MagSafe Charging Stand, Lightning Charging Cable, iPhone 13 Pro Max"
T3687,"Belkin MagSafe Charging Stand, Lightning Charging Cable, Lightning EarPods, Screen Protector, iPhone 14 Plus"
T3688,"AirPods Pro (2nd Gen), Lightning Charging Cable, iPhone 13 mini"
T3689,"Anker MagSafe Charging Dock, Screen Protector, USB-C Charging Cable, iPhone 15 Plus"
T3690,iPad Pro M4 11-inch
T3691,MacBook Air M3
T3692,"Screen Protector, USB-C Charging Cable, iPhone 15 Pro, iPhone Case, iPhone MagSafe Charging Dock"
T3693,"Apple Watch Series 8, Apple Watch Solo Loop"
T3694,"AirPods (3rd Gen), Screen Protector, USB-C Charging Cable, iPhone 16, iPhone Case"
T3695,"Apple Watch Charger, Apple Watch Series 10, Apple Watch Solo Loop"
T3696,"30W USB-C Power Adapter, MacBook Air M2"
T3697,"65W USB-C Power Adapter, Apple Magic Mouse, MacBook Pro M4"
T3698,"Screen Protector (iPad), USB-C Charging Cable, iPad 10th Gen, iPad Smart Folio"
T3699,"Anker MagSafe Charging Dock, iPhone 14 Pro"
T3700,MacBook Pro M3
T3701,"Apple Watch Charger, Apple Watch Solo Loop, Apple Watch Ultra 2"
T3702,"JBL Charge 5, Speaker Carry Case, USB-C Charging Cable"
T3703,"Apple Magic Mouse, Laptop Sleeve, MacBook Air M2, USB-C Charging Cable"
T3704,"Anker MagSafe Charging Dock, Screen Protector, USB-C Charging Cable, iPhone 16 Pro"
T3705,"AirPods (3rd Gen), Anker MagSafe Charging Dock, USB-C Charging Cable, iPhone 16 Pro, iPhone Case"
T3706,"AirPods (3rd Gen), Anker MagSafe Charging Dock, Lightning Charging Cable, iPhone 13 Pro"
T3707,"AirPods Pro (2nd Gen), Belkin MagSafe Charging Stand, USB-C Charging Cable, iPhone 16 Pro Max"
T3708,"Belkin MagSafe Charging Stand, USB-C Charging Cable, iPhone 15 Pro Max, iPhone Case"
T3709,"Apple Magic Mouse, JBL Flip 6, LG UltraFine 5K Display, Mac mini M2 Pro, USB-C Hub"
T3710,MacBook Air M2
T3711,iPhone 16 Plus
T3712,"USB-C Charging Cable, iPhone 16 Plus, iPhone Case, iPhone MagSafe Charging Dock"
T3713,"Apple Magic Keyboard, Apple Magic Mouse, Mac mini M2"
T3714,"Marshall Emberton II, Speaker Carry Case"
T3715,"Apple Watch Charger, Apple Watch Series 9, Apple Watch Sport Band, Screen Protector (Watch)"
T3716,MacBook Pro M2
T3717,"USB-C Charging Cable, iPad 10th Gen"
T3718,"Apple Pencil (USB-C), Screen Protector (iPad), iPad Air M2, iPad Smart Folio"
T3719,"Anker MagSafe Charging Dock, Lightning Charging Cable, iPhone 13"
T3720,"iPad Smart Folio, iPad mini 7"
T3721,"Belkin MagSafe Charging Stand, Screen Protector, USB-C Charging Cable, USB-C EarPods, iPhone 16 Plus, iPhone Case"
T3722,"USB-C Charging Cable, USB-C EarPods, iPhone 15, iPhone MagSafe Charging Dock"
T3723,"65W USB-C Power Adapter, MacBook Pro M2, USB-C Charging Cable"
T3724,iPhone 13
T3725,"Lightning Charging Cable, Lightning EarPods, Screen Protector, iPhone 13 Pro"
T3726,"Anker MagSafe Charging Dock, Screen Protector, USB-C Charging Cable, USB-C EarPods, iPhone 15 Pro"
T3727,Apple Watch Ultra
T3728,"iPhone 16, iPhone MagSafe Charging Dock"
T3729,"Laptop Sleeve, MacBook Air M3, USB-C Charging Cable"
T3730,"30W USB-C Power Adapter, AirPods (3rd Gen), MacBook Air M2, USB-C Charging Cable"
T3731,"Anker MagSafe Charging Dock, Lightning Charging Cable, Screen Protector, iPhone 13 Pro Max"
T3732,"65W USB-C Power Adapter, MacBook Pro M3, USB-C Charging Cable"
T3733,"Apple Watch Series 8, Apple Watch Solo Loop"
T3734,"AirPods Pro (2nd Gen), Anker MagSafe Charging Dock, Screen Protector, USB-C Charging Cable, iPhone 15 Pro"
T3735,"Anker MagSafe Charging Dock, Screen Protector, USB-C Charging Cable, USB-C EarPods, iPhone 15 Plus"
T3736,"USB-C Charging Cable, iPhone 15 Pro, iPhone Case"
T3737,"Apple Watch Charger, Apple Watch Series 9, Apple Watch Sport Band"
T3738,"AirPods (3rd Gen), Anker MagSafe Charging Dock, Lightning Charging Cable, iPhone 14 Pro Max"
T3739,"Screen Protector, iPhone 16 Pro"
T3740,"Apple Watch Charger, Apple Watch Series 8, Apple Watch Sport Band, Screen Protector (Watch)"
T3741,"Apple Magic Keyboard, Apple Magic Mouse, Mac mini M2"
T3742,"Belkin MagSafe Charging Stand, USB-C Charging Cable, iPhone 16 Pro, iPhone Case"
T3743,AirPods (3rd Gen)
T3744,"Apple Magic Mouse, MacBook Air M3, USB-C Charging Cable"
T3745,"65W USB-C Power Adapter, Apple Magic Keyboard, Apple Magic Mouse, MacBook Pro M4, USB-C Charging Cable"
T3746,"Screen Protector, USB-C Charging Cable, iPhone 16 Pro, iPhone MagSafe Charging Dock"
T3747,"Apple Watch Charger, Apple Watch Trail Loop, Apple Watch Ultra"
T3748,Apple Watch Ultra 2
T3749,MacBook Pro M2
T3750,"Apple Magic Keyboard, Apple Magic Mouse, JBL Flip 6, Mac mini M2, USB-C Hub"
T3751,Mac mini M4
T3752,iPad 10th Gen
T3753,"Screen Protector (iPad), USB-C Charging Cable, iPad Pro M4 11-inch"
T3754,Apple Magic Mouse
T3755,"Anker MagSafe Charging Dock, Lightning Charging Cable, Lightning EarPods, Screen Protector, iPhone 13 Pro, iPhone Case"
T3756,"Apple Magic Keyboard, Apple Magic Mouse, Mac mini M2, Studio Display"
T3757,iPad Pro M4 11-inch
T3758,iPad Pro M4 13-inch
T3759,"Lightning Charging Cable, iPhone 14, iPhone Case"
T3760,"30W USB-C Power Adapter, MacBook Air M2"
T3761,"Apple Watch Charger, Apple Watch Series 10, Apple Watch Solo Loop"
T3762,"AirPods (3rd Gen), Apple Magic Mouse, MacBook Air M3, USB-C Charging Cable"
T3763,"Apple Pencil (USB-C), iPad Smart Folio, iPad mini 6"
T3764,"30W USB-C Power Adapter, AirPods (3rd Gen), MacBook Air M1"
T3765,"AirPods (3rd Gen), iPhone 16 Pro, iPhone Case, iPhone MagSafe Charging Dock"
T3766,"30W USB-C Power Adapter, AirPods (3rd Gen), MacBook Air M3, USB-C Charging Cable"
T3767,"AirPods Pro (2nd Gen), Belkin MagSafe Charging Stand, iPhone 13"
T3768,"USB-C Charging Cable, iPhone 15 Pro Max, iPhone MagSafe Charging Dock"
T3769,"MacBook Air M1, USB-C Charging Cable"
T3770,"Apple Watch Trail Loop, Apple Watch Ultra, Screen Protector (Watch)"
T3771,MacBook Pro M2
T3772,Apple Watch Series 8
T3773,"AirPods Pro (2nd Gen), iPhone 13 mini"
T3774,"Apple Magic Keyboard, Apple Magic Mouse, JBL Charge 5, Mac mini M2, Studio Display"
T3775,"Anker MagSafe Charging Dock, USB-C EarPods, iPhone 16 Plus"
T3776,"30W USB-C Power Adapter, MacBook Air M1"
T3777,"Apple Pencil (USB-C), USB-C Charging Cable, iPad Air M2, iPad Smart Folio"
T3778,"Lightning EarPods, iPhone 13, iPhone Case, iPhone MagSafe Charging Dock"
T3779,"Apple Magic Mouse, Mac mini M2 Pro, Studio Display"
T3780,"AirPods (3rd Gen), Anker MagSafe Charging Dock, Lightning Charging Cable, iPhone 14 Plus"
T3781,"65W USB-C Power Adapter, MacBook Pro M1, USB-C Charging Cable"
T3782,JBL Flip 6
T3783,"Apple Magic Mouse, Mac mini M2 Pro, Studio Display, USB-C Hub"
T3784,iPad Pro M4 13-inch
T3785,"USB-C EarPods, iPhone 17 Pro, iPhone MagSafe Charging Dock"
T3786,"Anker MagSafe Charging Dock, iPhone 14 Pro"
T3787,"Apple Magic Keyboard, Apple Magic Mouse, JBL Charge 5, LG UltraFine 5K Display, Mac mini M2 Pro"
T3788,"Anker MagSafe Charging Dock, USB-C Charging Cable, USB-C EarPods, iPhone 17 Pro"
T3789,"Belkin MagSafe Charging Stand, iPhone 14 Pro Max"
T3790,"Anker MagSafe Charging Dock, Lightning Charging Cable, iPhone 13 Pro"
T3791,MacBook Pro M1
T3792,"Apple Watch Series 11, Screen Protector (Watch)"
T3793,"Apple Watch Milanese Loop, Apple Watch Series 10"
T3794,"Lightning Charging Cable, Lightning EarPods, iPhone 13 mini, iPhone MagSafe Charging Dock"
T3795,"Apple Magic Keyboard, Apple Magic Mouse, Mac mini M2, Marshall Stanmore III, USB-C Hub"
T3796,MacBook Air M4
T3797,"Apple Pencil (2nd Gen), USB-C Charging Cable, iPad Magic Keyboard, iPad Pro M4 11-inch"
T3798,"Anker MagSafe Charging Dock, Screen Protector, USB-C Charging Cable, USB-C EarPods, iPhone 15 Pro Max"
T3799,Apple Watch Series 10
T3800,"Anker MagSafe Charging Dock, Screen Protector, USB-C Charging Cable, USB-C EarPods, iPhone 16 Plus"
T3801,iPhone 14
T3802,"Bose SoundLink Flex, Speaker Carry Case"
T3803,"AirPods Pro (2nd Gen), Belkin MagSafe Charging Stand, Lightning Charging Cable, iPhone 14 Pro"
T3804,"Apple Pencil (2nd Gen), USB-C Charging Cable, iPad Magic Keyboard, iPad Pro M4 13-inch"
T3805,"Apple Watch Charger, Apple Watch Milanese Loop, Apple Watch Ultra"
T3806,"AirPods Pro (2nd Gen), USB-C Charging Cable, iPhone 16, iPhone Case"
T3807,"30W USB-C Power Adapter, AirPods (3rd Gen), Apple Magic Mouse, MacBook Air M3, USB-C Charging Cable"
T3808,iPhone 15
T3809,"USB-C Charging Cable, USB-C EarPods, iPhone 15 Plus, iPhone MagSafe Charging Dock"
T3810,"65W USB-C Power Adapter, MacBook Pro M2"
T3811,"Apple Magic Mouse, MacBook Air M3, USB-C Charging Cable"
T3812,iPhone 14 Pro Max
T3813,"USB-C Charging Cable, USB-C EarPods, iPhone 15 Plus, iPhone MagSafe Charging Dock"
T3814,"Anker MagSafe Charging Dock, USB-C Charging Cable, iPhone 16 Pro Max, iPhone Case"
T3815,"Screen Protector (iPad), iPad Air M2, iPad Smart Folio"
T3816,iPhone 17 Air
T3817,"30W USB-C Power Adapter, Apple Magic Mouse, MacBook Air M1, USB-C Charging Cable"
T3818,"Lightning Charging Cable, iPhone 13 mini"
T3819,"iPhone 16, iPhone MagSafe Charging Dock"
T3820,"Apple Pencil (USB-C), USB-C Charging Cable, iPad 10th Gen"
T3821,MacBook Air M4
T3822,"Anker MagSafe Charging Dock, Screen Protector, USB-C Charging Cable, USB-C EarPods, iPhone 17 Pro Max"
T3823,"Screen Protector, iPhone 14 Pro Max"
T3824,"AirPods (3rd Gen), USB-C Charging Cable, iPhone 16 Pro, iPhone Case"
T3825,"Belkin MagSafe Charging Stand, iPhone 16 Pro"
T3826,"Anker MagSafe Charging Dock, USB-C Charging Cable, USB-C EarPods, iPhone 16 Plus"
T3827,"Apple Watch Charger, Apple Watch Series 11, Apple Watch Trail Loop"
T3828,"AirPods (3rd Gen), Belkin MagSafe Charging Stand, USB-C Charging Cable, iPhone 16"
T3829,"Belkin MagSafe Charging Stand, USB-C Charging Cable, USB-C EarPods, iPhone 16 Plus, iPhone Case"
T3830,"Apple Magic Mouse, Laptop Sleeve, MacBook Air M4, USB-C Charging Cable"
T3831,"Apple Watch Charger, Apple Watch Milanese Loop, Apple Watch Ultra"
T3832,"65W USB-C Power Adapter, Apple Magic Keyboard, MacBook Pro M2, USB-C Charging Cable"
T3833,"Apple Pencil (2nd Gen), USB-C Charging Cable, iPad Magic Keyboard, iPad Pro M4 13-inch"
T3834,"AirPods (3rd Gen), Anker MagSafe Charging Dock, Screen Protector, iPhone 13 Pro, iPhone Case"
T3835,"Apple Pencil (USB-C), USB-C Charging Cable, iPad Smart Folio, iPad mini 6"
T3836,"30W USB-C Power Adapter, AirPods (3rd Gen), Laptop Sleeve, MacBook Air M2, USB-C Charging Cable"
T3837,"65W USB-C Power Adapter, Apple Magic Keyboard, Apple Magic Mouse, MacBook Pro M3"
T3838,"Apple Watch Charger, Apple Watch Series 11, Apple Watch Sport Band"
T3839,"Apple Magic Keyboard, Mac mini M2 Pro"
T3840,"Apple Watch Milanese Loop, Apple Watch Series 11"
T3841,"Apple Watch Series 8, Apple Watch Sport Band"
T3842,"Apple Magic Mouse, Mac mini M2 Pro"
T3843,"30W USB-C Power Adapter, AirPods (3rd Gen), Apple Magic Mouse, MacBook Air M3, USB-C Charging Cable"
T3844,"iPhone 17 Pro, iPhone Case"
T3845,"Apple Pencil (USB-C), iPad 10th Gen"
T3846,Apple Watch Series 9
T3847,"Anker MagSafe Charging Dock, Screen Protector, USB-C Charging Cable, USB-C EarPods, iPhone 15 Pro Max"
T3848,Bose SoundLink Flex
T3849,"Lightning Charging Cable, iPhone 13 mini, iPhone MagSafe Charging Dock"
T3850,"30W USB-C Power Adapter, AirPods (3rd Gen), MacBook Air M2, USB-C Charging Cable"
T3851,"30W USB-C Power Adapter, AirPods (3rd Gen), Apple Magic Mouse, MacBook Air M3, USB-C Charging Cable"
T3852,"Apple Watch Charger, Apple Watch Series 10, Apple Watch Sport Band"
T3853,"AirPods Pro (2nd Gen), Screen Protector, iPhone 14 Pro Max, iPhone Case, iPhone MagSafe Charging Dock"
T3854,"AirPods (3rd Gen), Anker MagSafe Charging Dock, Lightning Charging Cable, iPhone 13, iPhone Case"
T3855,"Belkin MagSafe Charging Stand, Screen Protector, USB-C Charging Cable, USB-C EarPods, iPhone 16 Pro Max"
T3856,"Belkin MagSafe Charging Stand, Lightning Charging Cable, Lightning EarPods, iPhone 14 Pro Max, iPhone Case"
T3857,"AirPods (3rd Gen), Anker MagSafe Charging Dock, iPhone 14 Pro Max, iPhone Case"
T3858,Apple Magic Mouse
T3859,"AirPods (3rd Gen), Apple Magic Mouse, Laptop Sleeve, MacBook Air M3, USB-C Charging Cable"
T3860,"Apple Watch Milanese Loop, Apple Watch Ultra"
T3861,iPhone 17 Pro
T3862,Apple Magic Mouse
T3863,iPad Pro M4 11-inch
T3864,"Apple Watch Charger, Apple Watch Series 11"
T3865,"Apple Watch Charger, Apple Watch Milanese Loop, Apple Watch Ultra 2"
T3866,"USB-C Charging Cable, USB-C EarPods, iPhone 15, iPhone MagSafe Charging Dock"
T3867,"AirPods (3rd Gen), iPhone 14, iPhone Case, iPhone MagSafe Charging Dock"
T3868,"USB-C Charging Cable, USB-C EarPods, iPhone 17, iPhone MagSafe Charging Dock"
T3869,"Screen Protector, iPhone 16 Pro Max, iPhone Case, iPhone MagSafe Charging Dock"
T3870,"Apple Magic Keyboard, Apple Magic Mouse, LG UltraFine 5K Display, Mac mini M4"
T3871,"USB-C Charging Cable, USB-C EarPods, iPhone 16 Plus, iPhone Case, iPhone MagSafe Charging Dock"
T3872,"MacBook Air M3, USB-C Charging Cable"
T3873,"Belkin MagSafe Charging Stand, Lightning Charging Cable, Lightning EarPods, Screen Protector, iPhone 13 Pro, iPhone Case"
T3874,"Apple Watch Milanese Loop, Apple Watch Ultra"
T3875,Apple Watch Series 10
T3876,"Screen Protector (iPad), USB-C Charging Cable, iPad mini 7"
T3877,"AirPods (3rd Gen), USB-C Charging Cable, iPhone 17 Pro, iPhone Case"
T3878,"AirPods (3rd Gen), Belkin MagSafe Charging Stand, iPhone 15, iPhone Case"
T3879,"USB-C Charging Cable, USB-C EarPods, iPhone 15 Plus"
T3880,"30W USB-C Power Adapter, Apple Magic Mouse, Laptop Sleeve, MacBook Air M2, USB-C Charging Cable"
T3881,"Apple Watch Solo Loop, Apple Watch Ultra, Screen Protector (Watch)"
T3882,"Apple Watch Series 10, Screen Protector (Watch)"
T3883,"Apple Watch Charger, Apple Watch Milanese Loop, Apple Watch Ultra 2"
T3884,"Belkin MagSafe Charging Stand, Screen Protector, USB-C Charging Cable, iPhone 15 Plus"
T3885,"Belkin MagSafe Charging Stand, USB-C Charging Cable, iPhone 16"
T3886,"AirPods (3rd Gen), Belkin MagSafe Charging Stand, Screen Protector, iPhone 17, iPhone Case"
T3887,"AirPods (3rd Gen), Screen Protector, USB-C Charging Cable, iPhone 17 Pro"
T3888,"iPad Magic Keyboard, iPad Pro M4 13-inch"
T3889,"USB-C Charging Cable, iPad Smart Folio, iPad mini 6"
T3890,"AirPods Pro (2nd Gen), Belkin MagSafe Charging Stand, Screen Protector, iPhone 14 Pro Max, iPhone Case"
T3891,"65W USB-C Power Adapter, MacBook Pro M1"
T3892,"Apple Watch Ultra 2, Screen Protector (Watch)"
T3893,"65W USB-C Power Adapter, MacBook Pro M1, USB-C Charging Cable"
T3894,"USB-C Charging Cable, USB-C EarPods, iPhone 15 Pro"
T3895,iPhone 13 Pro Max
T3896,"AirPods (3rd Gen), Lightning Charging Cable, Screen Protector, iPhone 14 Pro"
T3897,"USB-C EarPods, iPhone 16, iPhone Case, iPhone MagSafe Charging Dock"
T3898,"Lightning Charging Cable, Screen Protector, iPhone 14 Pro, iPhone Case"
T3899,"AirPods Pro (2nd Gen), Screen Protector, USB-C Charging Cable, iPhone 16 Pro Max, iPhone Case, iPhone MagSafe Charging Dock"
T3900,MacBook Pro M2
T3901,Apple Watch Ultra 2
T3902,"Apple Magic Mouse, MacBook Pro M2, USB-C Charging Cable"
T3903,"65W USB-C Power Adapter, AirPods Pro (2nd Gen), Apple Magic Mouse, MacBook Pro M1, USB-C Charging Cable"
T3904,MacBook Pro M4
T3905,"AirPods Pro (2nd Gen), Screen Protector, USB-C Charging Cable, iPhone 17"
T3906,"AirPods (3rd Gen), Anker MagSafe Charging Dock, USB-C Charging Cable, iPhone 16"
T3907,"Apple Watch Charger, Apple Watch Series 10, Apple Watch Solo Loop"
T3908,"Lightning Charging Cable, Lightning EarPods, iPhone 14 Plus, iPhone Case, iPhone MagSafe Charging Dock"
T3909,"AirPods Pro (2nd Gen), Belkin MagSafe Charging Stand, USB-C Charging Cable, iPhone 16, iPhone Case"
T3910,"65W USB-C Power Adapter, Apple Magic Mouse, MacBook Pro M4"
T3911,"Apple Watch Charger, Apple Watch Series 11, Apple Watch Trail Loop, Screen Protector (Watch)"
T3912,"iPhone 16 Pro Max, iPhone Case"
T3913,"AirPods (3rd Gen), Anker MagSafe Charging Dock, Screen Protector, USB-C Charging Cable, iPhone 17 Pro Max"
T3914,"Belkin MagSafe Charging Stand, USB-C Charging Cable, iPhone 17 Air"
T3915,iPhone 13
T3916,"Apple Magic Keyboard, Apple Magic Mouse, LG UltraFine 5K Display, Mac mini M2"
T3917,"AirPods (3rd Gen), Anker MagSafe Charging Dock, Lightning Charging Cable, Screen Protector, iPhone 14"
T3918,iPad Pro M4 11-inch
T3919,"30W USB-C Power Adapter, AirPods (3rd Gen), Apple Magic Mouse, MacBook Air M1, USB-C Charging Cable"
T3920,"AirPods Pro (2nd Gen), USB-C Charging Cable, iPhone 16 Pro Max, iPhone MagSafe Charging Dock"
T3921,"Apple Magic Keyboard, Apple Magic Mouse, Mac mini M4"
T3922,iPhone 17 Pro Max
T3923,"AirPods Pro (2nd Gen), Belkin MagSafe Charging Stand, USB-C Charging Cable, iPhone 15"
T3924,"AirPods (3rd Gen), Anker MagSafe Charging Dock, Screen Protector, USB-C Charging Cable, iPhone 16, iPhone Case"
T3925,"Apple Pencil (2nd Gen), iPad Pro M4 13-inch"
T3926,"USB-C Charging Cable, USB-C EarPods, iPhone 15 Pro Max, iPhone Case, iPhone MagSafe Charging Dock"
T3927,"Anker MagSafe Charging Dock, USB-C Charging Cable, USB-C EarPods, iPhone 15 Pro Max"
T3928,"AirPods (3rd Gen), MacBook Air M4, USB-C Charging Cable"
T3929,"65W USB-C Power Adapter, Apple Magic Mouse, MacBook Pro M1"
T3930,"Anker MagSafe Charging Dock, Screen Protector, USB-C Charging Cable, USB-C EarPods, iPhone 17 Pro Max"
T3931,"Anker MagSafe Charging Dock, iPhone 16"
T3932,"AirPods (3rd Gen), iPhone 14 Pro Max, iPhone Case"
T3933,iPad 10th Gen
T3934,"Screen Protector (iPad), USB-C Charging Cable, iPad Magic Keyboard, iPad Pro M4 11-inch"
T3935,"30W USB-C Power Adapter, Apple Magic Mouse, MacBook Air M2, USB-C Charging Cable"
T3936,Apple Watch Ultra 2
T3937,iPhone 15 Pro
T3938,"AirPods Pro (2nd Gen), Apple Magic Mouse, MacBook Pro M2"
T3939,"Screen Protector, USB-C Charging Cable, USB-C EarPods, iPhone 16 Plus"
T3940,"30W USB-C Power Adapter, Apple Magic Mouse, MacBook Air M3, USB-C Charging Cable"
T3941,"USB-C EarPods, iPhone 17 Pro, iPhone Case, iPhone MagSafe Charging Dock"
T3942,"AirPods (3rd Gen), USB-C Charging Cable, iPhone 17"
T3943,"Lightning Charging Cable, Lightning EarPods, iPhone 14 Pro, iPhone Case, iPhone MagSafe Charging Dock"
T3944,"MacBook Pro M4, USB-C Charging Cable"
T3945,"USB-C Charging Cable, iPhone 16 Plus"
T3946,"Apple Magic Mouse, Mac mini M4"
T3947,MacBook Air M1
T3948,Mac mini M2 Pro
T3949,"Apple Magic Mouse, Mac mini M2 Pro"
T3950,"Lightning Charging Cable, Lightning EarPods, iPhone 14"
T3951,iPhone 16 Pro
T3952,"Lightning Charging Cable, Lightning EarPods, iPhone 13 Pro, iPhone Case"
T3953,"Screen Protector (iPad), USB-C Charging Cable, iPad Magic Keyboard, iPad Pro M4 13-inch"
T3954,"USB-C Charging Cable, iPad mini 7"
T3955,"Apple Watch Series 9, Apple Watch Trail Loop, Screen Protector (Watch)"
T3956,"AirPods (3rd Gen), Belkin MagSafe Charging Stand, USB-C Charging Cable, iPhone 16 Pro Max"
T3957,"AirPods (3rd Gen), Anker MagSafe Charging Dock, USB-C Charging Cable, iPhone 15 Pro Max"
T3958,"Lightning Charging Cable, Lightning EarPods, iPhone 14 Pro Max"
T3959,"Apple Magic Mouse, MacBook Air M1, USB-C Charging Cable"
T3960,"Bose SoundLink Flex, Mac mini M2 Pro, Studio Display"
T3961,"Screen Protector, USB-C EarPods, iPhone 15 Plus, iPhone MagSafe Charging Dock"
T3962,"Apple Pencil (USB-C), Screen Protector (iPad), USB-C Charging Cable, iPad Smart Folio, iPad mini 7"
T3963,"USB-C Charging Cable, iPhone 16 Pro"
T3964,"Apple Magic Keyboard, Mac mini M2 Pro"
T3965,"Anker MagSafe Charging Dock, Screen Protector, USB-C Charging Cable, USB-C EarPods, iPhone 15 Pro"
T3966,"AirPods (3rd Gen), Lightning Charging Cable, iPhone 14 Plus"
T3967,iPhone 14 Plus
T3968,"Anker MagSafe Charging Dock, Lightning Charging Cable, Lightning EarPods, Screen Protector, iPhone 14 Pro Max, iPhone Case"
T3969,"Belkin MagSafe Charging Stand, Lightning Charging Cable, iPhone 14, iPhone Case"
T3970,"Apple Watch Charger, Apple Watch Series 9, Apple Watch Trail Loop, Screen Protector (Watch)"
T3971,"Anker MagSafe Charging Dock, Lightning Charging Cable, Lightning EarPods, iPhone 14, iPhone Case"
T3972,"Screen Protector, USB-C Charging Cable, USB-C EarPods, iPhone 16 Plus, iPhone Case, iPhone MagSafe Charging Dock"
T3973,iPhone 17 Pro Max
T3974,"Apple Pencil (2nd Gen), iPad Magic Keyboard, iPad Pro M4 13-inch"
T3975,"Belkin MagSafe Charging Stand, USB-C Charging Cable, USB-C EarPods, iPhone 15 Pro Max"
T3976,Apple Watch Ultra 2
T3977,"iPhone 13 Pro, iPhone MagSafe Charging Dock"
T3978,"30W USB-C Power Adapter, Apple Magic Mouse, MacBook Air M4"
T3979,iPhone 15
T3980,"Anker MagSafe Charging Dock, USB-C Charging Cable, iPhone 16"
T3981,"Apple Watch Series 9, Apple Watch Sport Band"
T3982,"Apple Watch Charger, Apple Watch Milanese Loop, Apple Watch Series 10, Screen Protector (Watch)"
T3983,"AirPods Pro (2nd Gen), Belkin MagSafe Charging Stand, Lightning Charging Cable, iPhone 14, iPhone Case"
T3984,"Apple Magic Mouse, MacBook Air M1"
T3985,"AirPods (3rd Gen), Belkin MagSafe Charging Stand, Screen Protector, iPhone 14"
T3986,"Apple Pencil (USB-C), USB-C Charging Cable, iPad Air M2"
T3987,"USB-C EarPods, iPhone 17 Pro Max, iPhone MagSafe Charging Dock"
T3988,"Apple Magic Mouse, MacBook Air M3, USB-C Charging Cable"
T3989,"Apple Watch Milanese Loop, Apple Watch Ultra 2"
T3990,"Belkin MagSafe Charging Stand, Screen Protector, USB-C EarPods, iPhone 15"
T3991,AirPods (3rd Gen)
T3992,MacBook Air M4
T3993,"Apple Watch Milanese Loop, Apple Watch Series 8"
T3994,Apple Watch Series 11
T3995,"Anker MagSafe Charging Dock, USB-C EarPods, iPhone 17"
T3996,"30W USB-C Power Adapter, AirPods (3rd Gen), Apple Magic Mouse, MacBook Air M4, USB-C Charging Cable"
T3997,"30W USB-C Power Adapter, MacBook Air M1, USB-C Charging Cable"
T3998,iPhone 17
T3999,"AirPods (3rd Gen), Lightning Charging Cable, Screen Protector, iPhone 13 mini"
T4000,"Apple Pencil (USB-C), USB-C Charging Cable, iPad mini 7"
T4001,JBL Charge 5
T4002,"Apple Watch Charger, Apple Watch Milanese Loop, Apple Watch Series 11"
T4003,"Screen Protector, USB-C Charging Cable, USB-C EarPods, iPhone 16 Plus"
T4004,"Anker MagSafe Charging Dock, Lightning Charging Cable, Lightning EarPods, Screen Protector, iPhone 13 Pro, iPhone Case"
T4005,Mac mini M2 Pro
T4006,MacBook Pro M4
T4007,Apple Watch Series 11
T4008,"Lightning Charging Cable, Lightning EarPods, Screen Protector, iPhone 14 Pro Max"
T4009,"AirPods (3rd Gen), Anker MagSafe Charging Dock, Screen Protector, iPhone 13 Pro Max"
T4010,Apple Watch Series 9
T4011,"Belkin MagSafe Charging Stand, USB-C EarPods, iPhone 16 Plus"
T4012,"65W USB-C Power Adapter, External SSD 1TB, MacBook Pro M1"
T4013,"Lightning Charging Cable, Screen Protector, iPhone 14"
T4014,iPhone 14 Pro Max
T4015,"iPad Smart Folio, iPad mini 7"
T4016,Apple Watch Ultra
T4017,"Lightning Charging Cable, iPhone 14 Plus, iPhone Case"
T4018,"AirPods (3rd Gen), Belkin MagSafe Charging Stand, USB-C Charging Cable, iPhone 17 Pro Max"
T4019,"Anker MagSafe Charging Dock, Lightning Charging Cable, Lightning EarPods, iPhone 14 Pro, iPhone Case"
T4020,MacBook Air M2
T4021,"Apple Watch Milanese Loop, Apple Watch Ultra 2"
T4022,"Apple Pencil (USB-C), iPad Smart Folio, iPad mini 7"
T4023,"AirPods (3rd Gen), Belkin MagSafe Charging Stand, iPhone 16, iPhone Case"
T4024,"USB-C EarPods, iPhone 17"
T4025,"30W USB-C Power Adapter, Apple Magic Mouse, MacBook Air M1, USB-C Charging Cable"
T4026,Apple Magic Keyboard
T4027,"30W USB-C Power Adapter, MacBook Air M3, USB-C Charging Cable"
T4028,"30W USB-C Power Adapter, MacBook Air M3"
T4029,"Apple Pencil (2nd Gen), iPad Pro M4 13-inch"
T4030,iPhone 15 Pro
T4031,"30W USB-C Power Adapter, MacBook Air M2"
T4032,Apple Watch Series 11
T4033,"30W USB-C Power Adapter, AirPods (3rd Gen), Apple Magic Mouse, MacBook Air M1, USB-C Charging Cable"
T4034,AirPods Pro (2nd Gen)
T4035,Apple Watch Series 8
T4036,"Apple Magic Mouse, Mac mini M2"
T4037,iPhone 13
T4038,"30W USB-C Power Adapter, Apple Magic Mouse, MacBook Air M1"
T4039,"30W USB-C Power Adapter, Laptop Sleeve, MacBook Air M1, USB-C Charging Cable"
T4040,"30W USB-C Power Adapter, MacBook Air M3, USB-C Charging Cable"
T4041,"Apple Watch Charger, Apple Watch Series 10, Apple Watch Trail Loop, Screen Protector (Watch)"
T4042,iPhone 17 Pro
T4043,"Anker MagSafe Charging Dock, USB-C Charging Cable, USB-C EarPods, iPhone 15 Pro, iPhone Case"
T4044,"Apple Watch Series 8, Apple Watch Sport Band"
T4045,"Apple Magic Keyboard, Apple Magic Mouse, LG UltraFine 5K Display, Mac mini M2 Pro"
T4046,Apple Watch Series 10
T4047,"AirPods (3rd Gen), USB-C Charging Cable"
T4048,"USB-C Charging Cable, USB-C EarPods, iPhone 17, iPhone Case"
T4049,"Anker MagSafe Charging Dock, USB-C EarPods, iPhone 17 Air, iPhone Case"
T4050,"Anker MagSafe Charging Dock, iPhone 15 Pro Max, iPhone Case"
T4051,"AirPods (3rd Gen), USB-C Charging Cable, iPhone 17 Pro Max"
T4052,"Apple Magic Mouse, MacBook Pro M1, USB-C Charging Cable"
T4053,"AirPods Pro (2nd Gen), Belkin MagSafe Charging Stand, Lightning Charging Cable, iPhone 14 Pro"
T4054,"Apple Watch Charger, Apple Watch Series 8, Apple Watch Sport Band, Screen Protector (Watch)"
T4055,"Apple Watch Charger, Apple Watch Trail Loop, Apple Watch Ultra 2"
T4056,iPhone 13
T4057,"30W USB-C Power Adapter, MacBook Air M3, USB-C Charging Cable"
T4058,iPad mini 7
T4059,"Screen Protector, USB-C Charging Cable, USB-C EarPods, iPhone 16 Pro"
T4060,"Belkin MagSafe Charging Stand, Lightning Charging Cable, iPhone 13, iPhone Case"
T4061,"Apple Magic Mouse, Mac mini M2 Pro"
T4062,"30W USB-C Power Adapter, Apple Magic Mouse, MacBook Air M3"
T4063,"Apple Watch Charger, Apple Watch Series 10"
T4064,Mac mini M4
T4065,"USB-C EarPods, iPhone 16 Plus, iPhone Case"
T4066,"30W USB-C Power Adapter, Laptop Sleeve, MacBook Air M3, USB-C Charging Cable"
T4067,"Lightning Charging Cable, Lightning EarPods, iPhone 14 Pro, iPhone Case"
T4068,"Anker MagSafe Charging Dock, Lightning EarPods, Screen Protector, iPhone 14 Pro Max, iPhone Case"
T4069,"Screen Protector, USB-C Charging Cable, USB-C EarPods, iPhone 15 Plus, iPhone Case"
T4070,iPad mini 7
T4071,MacBook Pro M2
T4072,"Apple Watch Trail Loop, Apple Watch Ultra 2"
T4073,"AirPods (3rd Gen), Anker MagSafe Charging Dock, USB-C Charging Cable, iPhone 16 Pro, iPhone Case"
T4074,AirPods Pro (2nd Gen)
T4075,iPad Air M2
T4076,MacBook Air M3
T4077,"Apple Watch Charger, Apple Watch Series 8, Apple Watch Trail Loop"
T4078,"Belkin MagSafe Charging Stand, USB-C Charging Cable, USB-C EarPods, iPhone 17, iPhone Case"
T4079,"Apple Magic Mouse, Mac mini M2, Studio Display, USB-C Hub"
T4080,"Belkin MagSafe Charging Stand, Lightning Charging Cable, Lightning EarPods, iPhone 14, iPhone Case"
T4081,MacBook Air M4
T4082,"USB-C Charging Cable, iPhone 15 Pro Max, iPhone Case, iPhone MagSafe Charging Dock"
T4083,"AirPods (3rd Gen), USB-C Charging Cable, iPhone 16, iPhone MagSafe Charging Dock"
T4084,iPhone 17 Pro Max
T4085,"30W USB-C Power Adapter, AirPods (3rd Gen), MacBook Air M1"
T4086,"AirPods Pro (2nd Gen), Belkin MagSafe Charging Stand, Screen Protector, USB-C Charging Cable, iPhone 16, iPhone Case"
T4087,"Anker MagSafe Charging Dock, iPhone 14 Pro Max, iPhone Case"
T4088,"Anker MagSafe Charging Dock, Lightning EarPods, iPhone 14, iPhone Case"
T4089,Mac mini M2 Pro
T4090,"Anker MagSafe Charging Dock, USB-C Charging Cable, iPhone 16 Plus"
T4091,"30W USB-C Power Adapter, MacBook Air M3"
T4092,"Belkin MagSafe Charging Stand, USB-C Charging Cable, USB-C EarPods, iPhone 15 Plus"
T4093,"Apple Magic Keyboard, JBL Flip 6, Mac mini M2, Studio Display, USB-C Hub"
T4094,"Anker MagSafe Charging Dock, Screen Protector, iPhone 15"
T4095,"AirPods Pro (2nd Gen), Belkin MagSafe Charging Stand, USB-C Charging Cable, iPhone 17"
T4096,"Belkin MagSafe Charging Stand, Screen Protector, USB-C Charging Cable, USB-C EarPods, iPhone 17 Air"
T4097,iPhone 15
T4098,iPad mini 6
T4099,"65W USB-C Power Adapter, External SSD 1TB, MacBook Pro M3"
T4100,"Screen Protector, USB-C EarPods, iPhone 15 Pro"
T4101,"AirPods (3rd Gen), Belkin MagSafe Charging Stand, Screen Protector, USB-C Charging Cable, iPhone 17 Pro Max"
T4102,"Lightning Charging Cable, Lightning EarPods, iPhone 14, iPhone MagSafe Charging Dock"
T4103,"Apple Pencil (2nd Gen), USB-C Charging Cable, iPad Pro M4 13-inch"
T4104,iPad mini 6
T4105,"USB-C Charging Cable, USB-C EarPods, iPhone 15, iPhone MagSafe Charging Dock"
T4106,iPhone 13 mini
T4107,"AirPods Pro (2nd Gen), Belkin MagSafe Charging Stand, Lightning Charging Cable, iPhone 14 Pro, iPhone Case"
T4108,"AirPods (3rd Gen), Belkin MagSafe Charging Stand, iPhone 13 Pro"
T4109,"Apple Pencil (USB-C), USB-C Charging Cable, iPad mini 7"
T4110,"AirPods Pro (2nd Gen), Belkin MagSafe Charging Stand, USB-C Charging Cable, iPhone 15 Plus"
T4111,iPad Pro M4 13-inch
T4112,"30W USB-C Power Adapter, MacBook Air M2"
T4113,"USB-C Charging Cable, USB-C EarPods, iPhone 17 Pro"
T4114,"Belkin MagSafe Charging Stand, Screen Protector, iPhone 16 Plus, iPhone Case"
T4115,"USB-C Charging Cable, USB-C EarPods, iPhone 15 Pro, iPhone MagSafe Charging Dock"
T4116,"Apple Pencil (USB-C), USB-C Charging Cable, iPad mini 6"
T4117,"AirPods (3rd Gen), Belkin MagSafe Charging Stand, USB-C Charging Cable, iPhone 17 Pro Max"
T4118,"Apple Pencil (2nd Gen), Screen Protector (iPad), iPad Pro M4 13-inch"
T4119,"Apple Pencil (2nd Gen), Screen Protector (iPad), iPad Pro M4 13-inch"
T4120,"Apple Watch Charger, Apple Watch Ultra 2"
T4121,"Belkin MagSafe Charging Stand, USB-C Charging Cable, iPhone 16 Plus"
T4122,"65W USB-C Power Adapter, Apple Magic Mouse, External SSD 1TB, MacBook Pro M1, USB-C Charging Cable"
T4123,"USB-C Charging Cable, iPhone 17 Pro"
T4124,"iPhone 15, iPhone MagSafe Charging Dock"
T4125,"Apple Magic Mouse, MacBook Air M4, USB-C Charging Cable"
T4126,"Lightning Charging Cable, iPhone 13 Pro, iPhone MagSafe Charging Dock"
T4127,"Belkin MagSafe Charging Stand, Lightning Charging Cable, Screen Protector, iPhone 14"
T4128,iPad Air M2
T4129,"Apple Magic Mouse, Mac mini M2, USB-C Hub"
T4130,"AirPods (3rd Gen), iPhone 15 Pro Max, iPhone Case"
T4131,MacBook Air M1
T4132,"Apple Watch Milanese Loop, Apple Watch Series 10, Screen Protector (Watch)"
T4133,"Lightning Charging Cable, Lightning EarPods, iPhone 13 mini, iPhone Case"
T4134,"AirPods Pro (2nd Gen), USB-C Charging Cable, iPhone 16 Plus"
T4135,"65W USB-C Power Adapter, Apple Magic Keyboard, MacBook Pro M3, USB-C Charging Cable"
T4136,"MacBook Pro M2, USB-C Charging Cable"
T4137,"Belkin MagSafe Charging Stand, iPhone 15 Pro"
T4138,"JBL Charge 5, USB-C Charging Cable"
T4139,"USB-C EarPods, iPhone 15 Pro"
T4140,"30W USB-C Power Adapter, AirPods (3rd Gen), MacBook Air M3, USB-C Charging Cable"
T4141,"Lightning EarPods, Screen Protector, iPhone 13 mini, iPhone Case, iPhone MagSafe Charging Dock"
T4142,"Apple Pencil (2nd Gen), iPad Magic Keyboard, iPad Pro M4 13-inch"
T4143,iPad mini 6
T4144,Marshall Emberton II
T4145,"USB-C Charging Cable, iPad Magic Keyboard, iPad Pro M4 11-inch"
T4146,Apple Watch Series 9
T4147,"USB-C Charging Cable, iPad Magic Keyboard, iPad Pro M4 13-inch"
T4148,"JBL Charge 5, Speaker Carry Case, USB-C Charging Cable"
T4149,"USB-C Charging Cable, iPhone 16 Pro Max, iPhone MagSafe Charging Dock"
T4150,"Belkin MagSafe Charging Stand, Lightning Charging Cable, Screen Protector, iPhone 14 Pro"
T4151,"AirPods Pro (2nd Gen), Screen Protector, iPhone 13 Pro, iPhone MagSafe Charging Dock"
T4152,"Belkin MagSafe Charging Stand, USB-C Charging Cable, USB-C EarPods, iPhone 16 Plus, iPhone Case"
T4153,"Lightning EarPods, iPhone 13 Pro Max"
T4154,"AirPods (3rd Gen), Belkin MagSafe Charging Stand, Lightning Charging Cable, Screen Protector, iPhone 13 Pro"
T4155,"AirPods Pro (2nd Gen), iPhone 13 Pro Max, iPhone Case, iPhone MagSafe Charging Dock"
T4156,"AirPods Pro (2nd Gen), Belkin MagSafe Charging Stand, Screen Protector, iPhone 13"
T4157,"Anker MagSafe Charging Dock, USB-C EarPods, iPhone 16, iPhone Case"
T4158,"USB-C Charging Cable, iPad Smart Folio, iPad mini 7"
T4159,MacBook Pro M2
T4160,"Screen Protector (iPad), iPad Smart Folio, iPad mini 6"
T4161,"30W USB-C Power Adapter, Apple Magic Mouse, MacBook Air M3"
T4162,"Apple Pencil (2nd Gen), USB-C Charging Cable, iPad Magic Keyboard, iPad Pro M4 11-inch"
T4163,"Belkin MagSafe Charging Stand, Lightning Charging Cable, Lightning EarPods, iPhone 14 Pro, iPhone Case"
T4164,"Screen Protector, USB-C Charging Cable, iPhone 15 Pro, iPhone MagSafe Charging Dock"
T4165,"Lightning Charging Cable, Lightning EarPods, iPhone 13, iPhone Case, iPhone MagSafe Charging Dock"
T4166,"USB-C Charging Cable, iPad mini 6"
T4167,"Lightning Charging Cable, iPhone 13 Pro Max, iPhone Case"
T4168,"USB-C Charging Cable, iPhone 17"
T4169,"Lightning EarPods, Screen Protector, iPhone 14 Pro, iPhone MagSafe Charging Dock"
T4170,"Anker MagSafe Charging Dock, iPhone 16"
T4171,"MacBook Pro M2, USB-C Charging Cable"
T4172,"AirPods (3rd Gen), iPhone 15 Plus, iPhone Case"
T4173,"65W USB-C Power Adapter, MacBook Pro M4, USB-C Charging Cable"
T4174,MacBook Pro M3
T4175,"Apple Pencil (USB-C), iPad Smart Folio, iPad mini 7"
T4176,"AirPods (3rd Gen), Belkin MagSafe Charging Stand, iPhone 16 Plus, iPhone Case"
T4177,"Anker MagSafe Charging Dock, Lightning EarPods, Screen Protector, iPhone 14 Pro Max, iPhone Case"
T4178,"USB-C Charging Cable, iPad mini 7"
T4179,"Apple Pencil (USB-C), USB-C Charging Cable, iPad 10th Gen, iPad Smart Folio"
T4180,"Apple Magic Mouse, Mac mini M2 Pro"
T4181,"Apple Magic Keyboard, Apple Magic Mouse, Mac mini M2 Pro, Studio Display, USB-C Hub"
T4182,"iPad 10th Gen, iPad Smart Folio"
T4183,Apple Watch Series 11
T4184,"Belkin MagSafe Charging Stand, Screen Protector, USB-C Charging Cable, iPhone 16"
T4185,"Apple Watch Charger, Apple Watch Series 9, Apple Watch Solo Loop"
T4186,"USB-C Charging Cable, iPhone 15, iPhone MagSafe Charging Dock"
T4187,Apple Watch Series 8
T4188,"Apple Magic Keyboard, Apple Magic Mouse, JBL Charge 5, Mac mini M2, Studio Display"
T4189,"Screen Protector, USB-C Charging Cable, iPhone 16"
T4190,"Screen Protector (iPad), USB-C Charging Cable, iPad Pro M4 11-inch"
T4191,Apple Watch Series 8
T4192,"65W USB-C Power Adapter, Apple Magic Mouse, MacBook Pro M4"
T4193,iPhone 13 mini
T4194,"AirPods Pro (2nd Gen), Belkin MagSafe Charging Stand, USB-C Charging Cable, iPhone 17 Air, iPhone Case"
T4195,"USB-C EarPods, iPhone 15 Pro, iPhone MagSafe Charging Dock"
T4196,Apple Watch Series 11
T4197,iPhone 17
T4198,"Apple Watch Charger, Apple Watch Series 9, Apple Watch Solo Loop"
T4199,"iPad Magic Keyboard, iPad Pro M4 11-inch"
T4200,"AirPods Pro (2nd Gen), Anker MagSafe Charging Dock, USB-C Charging Cable, iPhone 17 Pro"
T4201,"JBL Charge 5, Speaker Carry Case, USB-C Charging Cable"
T4202,"Lightning EarPods, iPhone 13 mini"
T4203,"30W USB-C Power Adapter, MacBook Air M4, USB-C Charging Cable"
T4204,"AirPods Pro (2nd Gen), iPhone 16 Plus, iPhone Case"
T4205,"65W USB-C Power Adapter, Apple Magic Keyboard, MacBook Pro M1, USB-C Charging Cable"
T4206,"Belkin MagSafe Charging Stand, USB-C Charging Cable, USB-C EarPods, iPhone 15, iPhone Case"
T4207,"iPad Magic Keyboard, iPad Pro M4 11-inch"
T4208,MacBook Pro M2
T4209,"Apple Watch Series 9, Apple Watch Trail Loop"
T4210,"AirPods (3rd Gen), Anker MagSafe Charging Dock, Screen Protector, USB-C Charging Cable, iPhone 15 Pro"
T4211,"Apple Watch Charger, Apple Watch Series 8, Apple Watch Sport Band"
T4212,"30W USB-C Power Adapter, MacBook Air M2, USB-C Charging Cable"
T4213,"30W USB-C Power Adapter, Apple Magic Mouse, MacBook Air M3, USB-C Charging Cable"
T4214,"USB-C Charging Cable, USB-C EarPods, iPhone 16 Pro, iPhone Case, iPhone MagSafe Charging Dock"
T4215,"Apple Magic Keyboard, Apple Magic Mouse, LG UltraFine 5K Display, Mac mini M2 Pro, USB-C Hub"
T4216,"Apple Pencil (USB-C), USB-C Charging Cable, iPad Air M2"
T4217,iPhone 13 Pro
T4218,"Apple Magic Keyboard, Apple Magic Mouse, JBL Charge 5, Mac mini M4"
T4219,"Belkin MagSafe Charging Stand, Screen Protector, iPhone 15"
T4220,"Apple Pencil (USB-C), Screen Protector (iPad), iPad Smart Folio, iPad mini 7"
T4221,"AirPods (3rd Gen), iPhone 17"
T4222,Mac mini M2 Pro
T4223,"Marshall Stanmore III, USB-C Charging Cable"
T4224,"Apple Watch Milanese Loop, Apple Watch Ultra 2"
T4225,"Apple Watch Charger, Apple Watch Series 8, Apple Watch Solo Loop"
T4226,"65W USB-C Power Adapter, Apple Magic Mouse, MacBook Pro M2, USB-C Charging Cable"
T4227,iPhone 13 mini
T4228,"Screen Protector, USB-C Charging Cable, iPhone 16, iPhone MagSafe Charging Dock"
T4229,iPad mini 7
T4230,"Screen Protector, USB-C Charging Cable, USB-C EarPods, iPhone 15 Pro Max"
T4231,"Bose SoundLink Flex, Mac mini M2 Pro"
T4232,"65W USB-C Power Adapter, MacBook Pro M3, USB-C Charging Cable"
T4233,"Apple Magic Keyboard, Apple Magic Mouse, Bose SoundLink Flex, LG UltraFine 5K Display, Mac mini M2 Pro"
T4234,"Anker MagSafe Charging Dock, iPhone 14"
T4235,iPhone 13
T4236,"AirPods Pro (2nd Gen), USB-C Charging Cable, iPhone 17 Pro Max, iPhone MagSafe Charging Dock"
T4237,"65W USB-C Power Adapter, AirPods Pro (2nd Gen), Apple Magic Mouse, MacBook Pro M3, USB-C Charging Cable"
T4238,"65W USB-C Power Adapter, Apple Magic Keyboard, Apple Magic Mouse, MacBook Pro M4"
T4239,"Lightning Charging Cable, Lightning EarPods, iPhone 14 Pro Max, iPhone Case"
T4240,"iPad Smart Folio, iPad mini 6"
T4241,"Apple Pencil (2nd Gen), Screen Protector (iPad), USB-C Charging Cable, iPad Magic Keyboard, iPad Pro M4 13-inch"
T4242,Mac mini M2
T4243,"65W USB-C Power Adapter, MacBook Pro M4"
T4244,"AirPods Pro (2nd Gen), Belkin MagSafe Charging Stand, Lightning Charging Cable, iPhone 13"
T4245,"AirPods Pro (2nd Gen), iPhone 17 Pro, iPhone MagSafe Charging Dock"
T4246,"Apple Watch Series 9, Apple Watch Solo Loop"
T4247,"Lightning Charging Cable, iPhone 14 Pro Max"
T4248,"65W USB-C Power Adapter, Apple Magic Keyboard, MacBook Pro M1, USB-C Charging Cable"
T4249,"Screen Protector, USB-C Charging Cable, USB-C EarPods, iPhone 15 Pro, iPhone Case, iPhone MagSafe Charging Dock"
T4250,"65W USB-C Power Adapter, Apple Magic Mouse, MacBook Pro M4, USB-C Charging Cable"
T4251,"AirPods (3rd Gen), USB-C Charging Cable, iPhone 17 Air, iPhone Case"
T4252,"Anker MagSafe Charging Dock, Lightning Charging Cable, Lightning EarPods, iPhone 14 Pro, iPhone Case"
T4253,"Belkin MagSafe Charging Stand, USB-C Charging Cable, iPhone 15 Pro Max, iPhone Case"
T4254,"Screen Protector, USB-C Charging Cable, USB-C EarPods, iPhone 16 Plus"
T4255,"Lightning Charging Cable, Lightning EarPods, iPhone 14, iPhone MagSafe Charging Dock"
T4256,"USB-C Charging Cable, USB-C EarPods, iPhone 17 Air"
T4257,"Apple Watch Charger, Apple Watch Sport Band, Apple Watch Ultra, Screen Protector (Watch)"
T4258,iPhone 15 Pro Max
T4259,"AirPods Pro (2nd Gen), USB-C Charging Cable, iPhone 15 Plus, iPhone Case, iPhone MagSafe Charging Dock"
T4260,"Screen Protector (iPad), USB-C Charging Cable, iPad 10th Gen"
T4261,"AirPods (3rd Gen), Screen Protector, USB-C Charging Cable, iPhone 15 Pro Max"
T4262,"Apple Watch Charger, Apple Watch Ultra"
T4263,"Anker MagSafe Charging Dock, USB-C Charging Cable, iPhone 16 Pro Max"
T4264,"30W USB-C Power Adapter, MacBook Air M2"
T4265,"65W USB-C Power Adapter, AirPods Pro (2nd Gen), Apple Magic Keyboard, Apple Magic Mouse, MacBook Pro M4, USB-C Charging Cable"
T4266,"Anker MagSafe Charging Dock, iPhone 15 Pro Max"
T4267,Apple Watch Ultra 2
T4268,"Apple Magic Keyboard, Apple Magic Mouse, JBL Charge 5, LG UltraFine 5K Display, Mac mini M2 Pro"
T4269,"Belkin MagSafe Charging Stand, USB-C Charging Cable, USB-C EarPods, iPhone 15 Pro Max"
T4270,"Apple Pencil (USB-C), iPad Air M2"
T4271,iPad mini 6
T4272,"USB-C EarPods, iPhone 15 Pro, iPhone Case, iPhone MagSafe Charging Dock"
T4273,MacBook Pro M3
T4274,"Apple Magic Mouse, MacBook Air M1, USB-C Charging Cable"
T4275,"Apple Pencil (USB-C), Screen Protector (iPad), iPad Air M2"
T4276,iPad Air M2
T4277,"AirPods (3rd Gen), Apple Magic Mouse, MacBook Air M1, USB-C Charging Cable"
T4278,"Anker MagSafe Charging Dock, iPhone 16 Plus"
T4279,"Lightning Charging Cable, iPhone 14 Plus, iPhone MagSafe Charging Dock"
T4280,"30W USB-C Power Adapter, AirPods (3rd Gen), Apple Magic Mouse, Laptop Sleeve, MacBook Air M2"
T4281,Apple Watch Ultra 2
T4282,"AirPods (3rd Gen), iPhone 15 Pro"
T4283,"Belkin MagSafe Charging Stand, Lightning Charging Cable, Lightning EarPods, iPhone 14 Pro, iPhone Case"
T4284,"Apple Magic Keyboard, LG UltraFine 5K Display, Mac mini M2, USB-C Hub"
T4285,"30W USB-C Power Adapter, Laptop Sleeve, MacBook Air M1, USB-C Charging Cable"
T4286,iPhone 15
T4287,"30W USB-C Power Adapter, MacBook Air M2, USB-C Charging Cable"
T4288,"Belkin MagSafe Charging Stand, USB-C Charging Cable, iPhone 17 Pro Max, iPhone Case"
T4289,iPhone 15 Plus
T4290,"Apple Watch Milanese Loop, Apple Watch Series 9"
T4291,"AirPods Pro (2nd Gen), Anker MagSafe Charging Dock, iPhone 15, iPhone Case"
T4292,Apple Watch Series 10
T4293,"Apple Watch Charger, Apple Watch Trail Loop, Apple Watch Ultra 2"
T4294,"Apple Watch Charger, Apple Watch Series 11, Apple Watch Sport Band"
T4295,"USB-C Charging Cable, USB-C EarPods, iPhone 16 Pro Max"
T4296,iPhone 13
T4297,"USB-C Charging Cable, USB-C EarPods, iPhone 15 Pro, iPhone Case"
T4298,"Belkin MagSafe Charging Stand, USB-C Charging Cable, iPhone 16 Pro"
T4299,"Apple Magic Mouse, JBL Flip 6, Mac mini M4, USB-C Hub"
T4300,"65W USB-C Power Adapter, AirPods Pro (2nd Gen), Apple Magic Mouse, MacBook Pro M1, USB-C Charging Cable"
T4301,Mac mini M2
T4302,"AirPods (3rd Gen), Belkin MagSafe Charging Stand, Lightning Charging Cable, iPhone 13 Pro Max"
T4303,Bose SoundLink Flex
T4304,Apple Watch Ultra
T4305,"AirPods (3rd Gen), USB-C Charging Cable, iPhone 17"
T4306,"Belkin MagSafe Charging Stand, Lightning Charging Cable, iPhone 14 Plus, iPhone Case"
T4307,"Apple Magic Keyboard, LG UltraFine 5K Display, Mac mini M2, Marshall Stanmore III"
T4308,"Lightning Charging Cable, Lightning EarPods, iPhone 14 Pro"
T4309,"Lightning Charging Cable, iPhone 13 Pro, iPhone MagSafe Charging Dock"
T4310,"Apple Magic Keyboard, Apple Magic Mouse, Mac mini M4, Studio Display"
T4311,"AirPods Pro (2nd Gen), USB-C Charging Cable, iPhone 15 Plus, iPhone Case, iPhone MagSafe Charging Dock"
T4312,"30W USB-C Power Adapter, Apple Magic Mouse, MacBook Air M2, USB-C Charging Cable"
T4313,iPad Pro M4 11-inch
T4314,"Apple Watch Charger, Apple Watch Trail Loop, Apple Watch Ultra"
T4315,Bose SoundLink Flex
T4316,"65W USB-C Power Adapter, Apple Magic Keyboard, MacBook Pro M2, USB-C Charging Cable"
T4317,"USB-C EarPods, iPhone 15, iPhone Case"
T4318,"30W USB-C Power Adapter, Apple Magic Mouse, MacBook Air M2, USB-C Charging Cable"
T4319,"30W USB-C Power Adapter, Apple Magic Mouse, Laptop Sleeve, MacBook Air M3, USB-C Charging Cable"
T4320,"Apple Watch Charger, Apple Watch Sport Band, Apple Watch Ultra 2"
T4321,"Belkin MagSafe Charging Stand, Lightning Charging Cable, Lightning EarPods, iPhone 14 Pro Max"
T4322,"65W USB-C Power Adapter, MacBook Pro M2, USB-C Charging Cable"
T4323,"AirPods (3rd Gen), iPhone 14 Pro Max"
T4324,iPad Air M2
T4325,Mac mini M4
T4326,"Apple Magic Mouse, Mac mini M2 Pro"
T4327,"Belkin MagSafe Charging Stand, Lightning Charging Cable, Lightning EarPods, iPhone 14 Pro Max, iPhone Case"
T4328,"30W USB-C Power Adapter, AirPods (3rd Gen), MacBook Air M1"
T4329,"30W USB-C Power Adapter, Apple Magic Mouse, Laptop Sleeve, MacBook Air M4, USB-C Charging Cable"
T4330,"Apple Watch Charger, Apple Watch Solo Loop, Apple Watch Ultra"
T4331,"USB-C Charging Cable, USB-C EarPods, iPhone 17, iPhone Case"
T4332,"Marshall Emberton II, Speaker Carry Case"
T4333,"Apple Watch Charger, Apple Watch Series 9, Apple Watch Trail Loop"
T4334,"Apple Magic Mouse, Mac mini M2 Pro"
T4335,"30W USB-C Power Adapter, Laptop Sleeve, MacBook Air M2, USB-C Charging Cable"
T4336,"AirPods Pro (2nd Gen), Anker MagSafe Charging Dock, Lightning Charging Cable, iPhone 14, iPhone Case"
T4337,"USB-C Charging Cable, USB-C EarPods, iPhone 15 Plus"
T4338,"iPhone 17 Air, iPhone Case, iPhone MagSafe Charging Dock"
T4339,AirPods (3rd Gen)
T4340,"Screen Protector (iPad), iPad Pro M4 11-inch"
T4341,"30W USB-C Power Adapter, Laptop Sleeve, MacBook Air M3"
T4342,"Apple Watch Charger, Apple Watch Series 8, Apple Watch Trail Loop"
T4343,"Apple Watch Charger, Apple Watch Sport Band, Apple Watch Ultra, Screen Protector (Watch)"
T4344,"Apple Watch Charger, Apple Watch Trail Loop, Apple Watch Ultra, Screen Protector (Watch)"
T4345,"Anker MagSafe Charging Dock, USB-C EarPods, iPhone 17 Pro Max"
T4346,"USB-C Charging Cable, iPad Magic Keyboard, iPad Pro M4 13-inch"
T4347,"Apple Watch Charger, Apple Watch Series 11, Apple Watch Solo Loop"
T4348,JBL Charge 5
T4349,"AirPods Pro (2nd Gen), Anker MagSafe Charging Dock, Lightning Charging Cable, Screen Protector, iPhone 13 Pro"
T4350,"65W USB-C Power Adapter, Apple Magic Keyboard, MacBook Pro M3, USB-C Charging Cable"
T4351,"Screen Protector (iPad), USB-C Charging Cable, iPad Air M2, iPad Smart Folio"
T4352,"Screen Protector, USB-C Charging Cable, iPhone 16 Plus, iPhone Case, iPhone MagSafe Charging Dock"
T4353,"External SSD 1TB, MacBook Pro M4, USB-C Charging Cable"
T4354,"Belkin MagSafe Charging Stand, USB-C Charging Cable, USB-C EarPods, iPhone 16 Pro"
T4355,"AirPods Pro (2nd Gen), Anker MagSafe Charging Dock, USB-C Charging Cable, iPhone 16 Pro Max"
T4356,"Apple Magic Mouse, Mac mini M4"
T4357,"Lightning Charging Cable, Lightning EarPods, Screen Protector, iPhone 13 Pro Max, iPhone Case"
T4358,"AirPods Pro (2nd Gen), Apple Magic Mouse, External SSD 1TB, MacBook Pro M3, USB-C Charging Cable"
T4359,"Apple Magic Keyboard, Apple Magic Mouse, Mac mini M4"
T4360,"Anker MagSafe Charging Dock, Lightning EarPods, iPhone 13 mini"
T4361,Mac mini M2 Pro
T4362,"AirPods (3rd Gen), Anker MagSafe Charging Dock, Lightning Charging Cable, Screen Protector, iPhone 14 Pro, iPhone Case"
T4363,"30W USB-C Power Adapter, MacBook Air M4, USB-C Charging Cable"
T4364,Mac mini M2 Pro
T4365,"Belkin MagSafe Charging Stand, iPhone 16 Plus"
T4366,"AirPods (3rd Gen), Screen Protector, USB-C Charging Cable, iPhone 16 Pro Max"
T4367,"Apple Pencil (USB-C), USB-C Charging Cable, iPad mini 7"
T4368,"AirPods Pro (2nd Gen), Belkin MagSafe Charging Stand, USB-C Charging Cable, iPhone 17"
T4369,"Apple Magic Keyboard, Apple Magic Mouse, JBL Charge 5, Mac mini M2 Pro, USB-C Hub"
T4370,"LG UltraFine 5K Display, Mac mini M2"
T4371,"Lightning Charging Cable, iPhone 13 Pro Max"
T4372,"USB-C Charging Cable, iPad Air M2"
T4373,"Apple Watch Trail Loop, Apple Watch Ultra 2"
T4374,Apple Watch Series 8
T4375,"Screen Protector, USB-C Charging Cable, USB-C EarPods, iPhone 15 Pro"
T4376,"Belkin MagSafe Charging Stand, USB-C EarPods, iPhone 17 Pro Max"
T4377,JBL Charge 5
T4378,"USB-C Charging Cable, iPad mini 7"
T4379,"Lightning Charging Cable, Lightning EarPods, iPhone 13"
T4380,"Apple Watch Charger, Apple Watch Series 10, Apple Watch Solo Loop"
T4381,"USB-C Charging Cable, USB-C EarPods, iPhone 15 Pro Max"
T4382,"AirPods Pro (2nd Gen), Lightning Charging Cable, Screen Protector, iPhone 14 Pro"
T4383,iPad 10th Gen
T4384,iPhone 16 Pro Max
T4385,MacBook Air M1
T4386,"65W USB-C Power Adapter, Apple Magic Mouse, MacBook Pro M2"
T4387,Apple Watch Series 9
T4388,MacBook Air M3
T4389,"iPhone 16 Pro Max, iPhone MagSafe Charging Dock"
T4390,MacBook Air M4
T4391,"Apple Watch Series 10, Apple Watch Solo Loop"
T4392,iPhone 15 Pro
T4393,"Apple Watch Series 11, Apple Watch Trail Loop"
T4394,"Apple Watch Series 9, Apple Watch Trail Loop"
T4395,"Apple Watch Series 8, Screen Protector (Watch)"
T4396,"Screen Protector, USB-C EarPods, iPhone 15 Pro, iPhone Case, iPhone MagSafe Charging Dock"
T4397,"Lightning Charging Cable, Screen Protector, iPhone 13 mini"
T4398,Apple Watch Series 9
T4399,"30W USB-C Power Adapter, Laptop Sleeve, MacBook Air M4"
T4400,"iPhone 16 Pro Max, iPhone Case"
T4401,Mac mini M2
T4402,JBL Charge 5
T4403,"USB-C Charging Cable, USB-C EarPods, iPhone 17 Pro Max, iPhone MagSafe Charging Dock"
T4404,"AirPods (3rd Gen), Lightning Charging Cable, iPhone 13, iPhone Case, iPhone MagSafe Charging Dock"
T4405,"Apple Watch Charger, Apple Watch Milanese Loop, Apple Watch Ultra"
T4406,"Screen Protector, iPhone 16 Pro Max, iPhone MagSafe Charging Dock"
T4407,"AirPods (3rd Gen), Anker MagSafe Charging Dock, Lightning Charging Cable, iPhone 13 Pro Max"
T4408,"USB-C Charging Cable, iPad Air M2, iPad Smart Folio"
T4409,"Anker MagSafe Charging Dock, USB-C Charging Cable, iPhone 15 Pro"
T4410,"Apple Pencil (USB-C), iPad Air M2, iPad Smart Folio"
T4411,"Apple Magic Keyboard, Apple Magic Mouse, Mac mini M2, Marshall Stanmore III"
T4412,Apple Watch Ultra 2
T4413,iPhone 17 Pro Max
T4414,"65W USB-C Power Adapter, Apple Magic Mouse, MacBook Pro M2, USB-C Charging Cable"
T4415,"Apple Magic Keyboard, LG UltraFine 5K Display, Mac mini M2 Pro"
T4416,iPhone 15 Plus
T4417,"USB-C Charging Cable, iPhone 15 Pro, iPhone MagSafe Charging Dock"
T4418,"AirPods (3rd Gen), MacBook Air M4"
T4419,"Apple Watch Charger, Apple Watch Ultra"
T4420,"Apple Magic Keyboard, Apple Magic Mouse, Mac mini M4"
T4421,"Belkin MagSafe Charging Stand, iPhone 15 Pro"
T4422,Bose SoundLink Flex
T4423,Apple Magic Mouse
T4424,Mac mini M4
T4425,"Apple Watch Trail Loop, Apple Watch Ultra 2"
T4426,"Apple Magic Mouse, Mac mini M2, Marshall Emberton II, USB-C Hub"
T4427,"30W USB-C Power Adapter, Apple Magic Mouse, MacBook Air M4, USB-C Charging Cable"
T4428,"30W USB-C Power Adapter, Apple Magic Mouse, MacBook Air M1"
T4429,"AirPods Pro (2nd Gen), Belkin MagSafe Charging Stand, Screen Protector, USB-C Charging Cable, iPhone 16 Pro"
T4430,"65W USB-C Power Adapter, Apple Magic Keyboard, MacBook Pro M3, USB-C Charging Cable"
T4431,"Apple Magic Keyboard, MacBook Pro M1, USB-C Charging Cable"
T4432,"AirPods Pro (2nd Gen), Anker MagSafe Charging Dock, Screen Protector, USB-C Charging Cable, iPhone 17 Air, iPhone Case"
T4433,"Apple Magic Keyboard, Apple Magic Mouse, Mac mini M2"
T4434,Apple Magic Keyboard
T4435,iPad 10th Gen
T4436,"Belkin MagSafe Charging Stand, USB-C Charging Cable, iPhone 17 Pro, iPhone Case"
T4437,"AirPods (3rd Gen), Belkin MagSafe Charging Stand, iPhone 17 Pro, iPhone Case"
T4438,"AirPods (3rd Gen), iPhone 13 Pro"
T4439,"Apple Magic Keyboard, Mac mini M4, USB-C Hub"
T4440,"JBL Flip 6, Mac mini M2 Pro, USB-C Hub"
T4441,"AirPods (3rd Gen), USB-C Charging Cable, iPhone 17 Air, iPhone Case"
T4442,"MacBook Air M4, USB-C Charging Cable"
T4443,"Apple Pencil (2nd Gen), Screen Protector (iPad), USB-C Charging Cable, iPad Pro M4 13-inch"
T4444,"USB-C Charging Cable, iPhone 17 Pro"
T4445,"AirPods (3rd Gen), Apple Magic Mouse, Laptop Sleeve, MacBook Air M4"
T4446,"AirPods (3rd Gen), USB-C Charging Cable, iPhone 15, iPhone MagSafe Charging Dock"
T4447,"AirPods (3rd Gen), USB-C Charging Cable, iPhone 15 Pro Max"
T4448,iPad mini 7
T4449,iPad Pro M4 13-inch
T4450,"Apple Pencil (2nd Gen), iPad Pro M4 13-inch"
T4451,"Apple Watch Charger, Apple Watch Series 10"
T4452,"USB-C Charging Cable, iPad Smart Folio, iPad mini 7"
T4453,JBL Charge 5
T4454,"Apple Magic Keyboard, LG UltraFine 5K Display, Mac mini M2 Pro"
T4455,"Belkin MagSafe Charging Stand, iPhone 14 Pro Max, iPhone Case"
T4456,"Marshall Emberton II, Speaker Carry Case"
T4457,"30W USB-C Power Adapter, MacBook Air M2, USB-C Charging Cable"
T4458,"65W USB-C Power Adapter, MacBook Pro M2, USB-C Charging Cable"
T4459,"65W USB-C Power Adapter, External SSD 1TB, MacBook Pro M2, USB-C Charging Cable"
T4460,"Apple Pencil (2nd Gen), USB-C Charging Cable, iPad Magic Keyboard, iPad Pro M4 11-inch"
T4461,"Apple Pencil (2nd Gen), iPad Magic Keyboard, iPad Pro M4 13-inch"
T4462,"AirPods (3rd Gen), USB-C Charging Cable, iPhone 16 Pro Max, iPhone MagSafe Charging Dock"
T4463,iPad mini 7
T4464,MacBook Air M4
T4465,"Apple Magic Mouse, MacBook Air M3, USB-C Charging Cable"
T4466,"Screen Protector (iPad), iPad Magic Keyboard, iPad Pro M4 13-inch"
T4467,"30W USB-C Power Adapter, Laptop Sleeve, MacBook Air M4, USB-C Charging Cable"
T4468,"30W USB-C Power Adapter, AirPods (3rd Gen), Apple Magic Mouse, MacBook Air M3, USB-C Charging Cable"
T4469,"Belkin MagSafe Charging Stand, USB-C Charging Cable, USB-C EarPods, iPhone 16 Plus"
T4470,"Apple Magic Keyboard, LG UltraFine 5K Display, Mac mini M2, USB-C Hub"
T4471,"Apple Magic Keyboard, LG UltraFine 5K Display, Mac mini M2 Pro"
T4472,"Anker MagSafe Charging Dock, Lightning Charging Cable, Lightning EarPods, iPhone 14 Plus, iPhone Case"
T4473,"Screen Protector, iPhone 14 Pro Max"
T4474,"AirPods Pro (2nd Gen), Belkin MagSafe Charging Stand, Lightning Charging Cable, iPhone 13 Pro"
T4475,"Screen Protector (iPad), iPad mini 7"
T4476,"Anker MagSafe Charging Dock, iPhone 17 Air"
T4477,iPad 10th Gen
T4478,"Apple Magic Mouse, MacBook Air M4, USB-C Charging Cable"
T4479,"USB-C Charging Cable, USB-C EarPods, iPhone 16, iPhone Case"
T4480,"Apple Watch Charger, Apple Watch Series 8, Apple Watch Solo Loop, Screen Protector (Watch)"
T4481,MacBook Air M1
T4482,Mac mini M2 Pro
T4483,"Lightning Charging Cable, Lightning EarPods, iPhone 14 Pro, iPhone Case, iPhone MagSafe Charging Dock"
T4484,Marshall Stanmore III
T4485,Apple Watch Ultra 2
T4486,"Apple Magic Mouse, Mac mini M2 Pro, Marshall Stanmore III"
T4487,"Apple Watch Charger, Apple Watch Series 11, Apple Watch Solo Loop"
T4488,Apple Watch Series 8
T4489,iPhone 17 Air
T4490,iPhone 17
T4491,JBL Charge 5
T4492,Apple Watch Series 10
T4493,iPad Pro M4 11-inch
T4494,"AirPods Pro (2nd Gen), iPhone 15 Pro"
T4495,"USB-C Charging Cable, iPhone 15, iPhone Case"
T4496,"Belkin MagSafe Charging Stand, USB-C EarPods, iPhone 15 Pro"
T4497,"iPad Smart Folio, iPad mini 7"
T4498,"USB-C Charging Cable, iPhone 15, iPhone Case"
T4499,iPhone 15 Pro Max
T4500,"Anker MagSafe Charging Dock, USB-C EarPods, iPhone 16 Pro Max, iPhone Case"
T4501,"Apple Magic Keyboard, Apple Magic Mouse, Mac mini M2 Pro"
T4502,"AirPods (3rd Gen), MacBook Air M3, USB-C Charging Cable"
T4503,JBL Flip 6
T4504,"Belkin MagSafe Charging Stand, Screen Protector, USB-C Charging Cable, USB-C EarPods, iPhone 17 Pro Max"
T4505,"Apple Magic Keyboard, Apple Magic Mouse, Mac mini M2, USB-C Hub"
T4506,"Apple Magic Keyboard, Apple Magic Mouse, Mac mini M2, Studio Display"
T4507,Apple Watch Ultra 2
T4508,"Belkin MagSafe Charging Stand, USB-C Charging Cable, iPhone 16 Pro Max, iPhone Case"
T4509,"Belkin MagSafe Charging Stand, Screen Protector, USB-C Charging Cable, USB-C EarPods, iPhone 16 Pro"
T4510,"Apple Magic Keyboard, Mac mini M2 Pro, USB-C Hub"
T4511,MacBook Air M1
T4512,Apple Magic Mouse
T4513,"USB-C Charging Cable, USB-C EarPods, iPhone 16 Pro, iPhone Case"
T4514,"30W USB-C Power Adapter, MacBook Air M3, USB-C Charging Cable"
T4515,"30W USB-C Power Adapter, Apple Magic Mouse, MacBook Air M2, USB-C Charging Cable"
T4516,iPad mini 6
T4517,"AirPods Pro (2nd Gen), Anker MagSafe Charging Dock, Lightning Charging Cable, iPhone 14 Plus"
T4518,iPad mini 6
T4519,Apple Watch Series 9
T4520,"Apple Pencil (USB-C), USB-C Charging Cable, iPad Air M2"
T4521,"AirPods (3rd Gen), Screen Protector, iPhone 16 Pro Max, iPhone Case"
T4522,"Apple Magic Keyboard, Apple Magic Mouse, Mac mini M2"
T4523,AirPods (3rd Gen)
T4524,"Screen Protector, USB-C Charging Cable, USB-C EarPods, iPhone 17 Air, iPhone Case, iPhone MagSafe Charging Dock"
T4525,MacBook Air M2
T4526,iPhone 14 Pro Max
T4527,"iPad Magic Keyboard, iPad Pro M4 13-inch"
T4528,"Screen Protector, iPhone 15 Plus"
T4529,"Anker MagSafe Charging Dock, Screen Protector, USB-C EarPods, iPhone 17"
T4530,"AirPods Pro (2nd Gen), Lightning Charging Cable, iPhone 13 mini"
T4531,"Screen Protector, USB-C Charging Cable, USB-C EarPods, iPhone 15 Plus, iPhone Case, iPhone MagSafe Charging Dock"
T4532,iPhone 14 Plus
T4533,"Belkin MagSafe Charging Stand, iPhone 15"
T4534,"AirPods (3rd Gen), Anker MagSafe Charging Dock, Screen Protector, iPhone 17 Pro Max"
T4535,"AirPods Pro (2nd Gen), Belkin MagSafe Charging Stand, iPhone 13"
T4536,"AirPods Pro (2nd Gen), Belkin MagSafe Charging Stand, Lightning Charging Cable, iPhone 14"
T4537,"65W USB-C Power Adapter, AirPods Pro (2nd Gen), Apple Magic Keyboard, External SSD 1TB, MacBook Pro M2"
T4538,"Lightning Charging Cable, Screen Protector, iPhone 14 Pro"
T4539,"Apple Pencil (USB-C), iPad mini 6"
T4540,"Apple Magic Mouse, Mac mini M2 Pro"
T4541,"AirPods Pro (2nd Gen), USB-C Charging Cable, iPhone 15 Plus"
T4542,Apple Watch Ultra
T4543,"Apple Watch Series 8, Apple Watch Trail Loop"
T4544,"AirPods (3rd Gen), Lightning Charging Cable, iPhone 13 mini, iPhone Case, iPhone MagSafe Charging Dock"
T4545,"Belkin MagSafe Charging Stand, USB-C Charging Cable, USB-C EarPods, iPhone 17 Pro"
T4546,"USB-C Charging Cable, USB-C EarPods, iPhone 15 Plus"
T4547,"Apple Watch Charger, Apple Watch Series 11, Apple Watch Sport Band"
T4548,"Screen Protector, USB-C Charging Cable, iPhone 16 Plus, iPhone Case, iPhone MagSafe Charging Dock"
T4549,"65W USB-C Power Adapter, Apple Magic Keyboard, MacBook Pro M2"
T4550,"Screen Protector, USB-C Charging Cable, USB-C EarPods, iPhone 16 Pro Max, iPhone MagSafe Charging Dock"
T4551,"Apple Watch Charger, Apple Watch Ultra 2"
T4552,"Belkin MagSafe Charging Stand, Lightning Charging Cable, Lightning EarPods, iPhone 13 Pro"
T4553,"Apple Watch Charger, Apple Watch Ultra"
T4554,iPad Pro M4 11-inch
T4555,"30W USB-C Power Adapter, Apple Magic Mouse, MacBook Air M4, USB-C Charging Cable"
T4556,"30W USB-C Power Adapter, Apple Magic Mouse, Laptop Sleeve, MacBook Air M1, USB-C Charging Cable"
T4557,iPad mini 7
T4558,"Apple Pencil (2nd Gen), USB-C Charging Cable, iPad Pro M4 11-inch"
T4559,"Apple Magic Keyboard, Apple Magic Mouse, External SSD 1TB, MacBook Pro M4, USB-C Charging Cable"
T4560,"USB-C Charging Cable, USB-C EarPods, iPhone 16 Plus"
T4561,"AirPods (3rd Gen), Anker MagSafe Charging Dock, Lightning Charging Cable, iPhone 13, iPhone Case"
T4562,"Apple Watch Charger, Apple Watch Series 9, Apple Watch Trail Loop"
T4563,"30W USB-C Power Adapter, Laptop Sleeve, MacBook Air M1"
T4564,"Lightning EarPods, iPhone 13 Pro, iPhone Case"
T4565,"30W USB-C Power Adapter, MacBook Air M3"
T4566,"Belkin MagSafe Charging Stand, USB-C Charging Cable, iPhone 17 Pro Max"
T4567,Mac mini M2 Pro
T4568,"Apple Magic Mouse, MacBook Air M3, USB-C Charging Cable"
T4569,"Belkin MagSafe Charging Stand, Screen Protector, USB-C Charging Cable, USB-C EarPods, iPhone 17 Air"
T4570,"Belkin MagSafe Charging Stand, Screen Protector, USB-C Charging Cable, iPhone 17 Pro Max, iPhone Case"
T4571,"Apple Watch Charger, Apple Watch Series 9, Apple Watch Trail Loop"
T4572,"Screen Protector (iPad), USB-C Charging Cable, iPad mini 6"
T4573,"AirPods (3rd Gen), Anker MagSafe Charging Dock, USB-C Charging Cable, iPhone 17"
T4574,MacBook Air M3
T4575,"Anker MagSafe Charging Dock, Lightning Charging Cable, Lightning EarPods, iPhone 14 Pro Max, iPhone Case"
T4576,"Screen Protector (iPad), USB-C Charging Cable, iPad Smart Folio, iPad mini 7"
T4577,"65W USB-C Power Adapter, Apple Magic Mouse, MacBook Pro M1, USB-C Charging Cable"
T4578,"Lightning Charging Cable, Lightning EarPods, iPhone 14 Pro Max, iPhone MagSafe Charging Dock"
T4579,Apple Watch Ultra 2
T4580,"Apple Watch Series 10, Apple Watch Trail Loop, Screen Protector (Watch)"
T4581,iPhone 13 Pro Max
T4582,"Apple Magic Mouse, MacBook Pro M1"
T4583,Apple Magic Keyboard
T4584,"USB-C Charging Cable, USB-C EarPods, iPhone 16 Pro, iPhone Case"
T4585,"Apple Magic Keyboard, Apple Magic Mouse, Mac mini M4, Marshall Stanmore III"
T4586,"AirPods Pro (2nd Gen), Belkin MagSafe Charging Stand, Lightning Charging Cable, iPhone 13 Pro"
T4587,"Apple Watch Milanese Loop, Apple Watch Series 10"
T4588,"Apple Magic Mouse, JBL Flip 6, Mac mini M2"
T4589,"iPad Air M2, iPad Smart Folio"
T4590,"Apple Watch Series 8, Apple Watch Solo Loop"
T4591,"Apple Watch Milanese Loop, Apple Watch Series 10"
T4592,"Anker MagSafe Charging Dock, USB-C EarPods, iPhone 16 Pro, iPhone Case"
T4593,"Apple Pencil (2nd Gen), iPad Pro M4 13-inch"
T4594,Mac mini M2 Pro
T4595,iPad Pro M4 13-inch
T4596,"Apple Magic Mouse, Laptop Sleeve, MacBook Air M3, USB-C Charging Cable"
T4597,"Anker MagSafe Charging Dock, Lightning Charging Cable, Lightning EarPods, Screen Protector, iPhone 14"
T4598,"Apple Watch Series 10, Apple Watch Sport Band"
T4599,"AirPods Pro (2nd Gen), Anker MagSafe Charging Dock, Screen Protector, USB-C Charging Cable, iPhone 17, iPhone Case"
T4600,"AirPods (3rd Gen), Belkin MagSafe Charging Stand, Screen Protector, iPhone 15"
T4601,"65W USB-C Power Adapter, MacBook Pro M3"
T4602,"Apple Watch Charger, Apple Watch Series 9, Apple Watch Sport Band"
T4603,"Anker MagSafe Charging Dock, USB-C EarPods, iPhone 15 Plus, iPhone Case"
T4604,"65W USB-C Power Adapter, MacBook Pro M4, USB-C Charging Cable"
T4605,"65W USB-C Power Adapter, MacBook Pro M4, USB-C Charging Cable"
T4606,"AirPods (3rd Gen), Belkin MagSafe Charging Stand, USB-C Charging Cable, iPhone 16 Plus"
T4607,"Apple Pencil (USB-C), iPad mini 7"
T4608,Apple Watch Ultra 2
T4609,"30W USB-C Power Adapter, MacBook Air M3, USB-C Charging Cable"
T4610,"30W USB-C Power Adapter, Apple Magic Mouse, Laptop Sleeve, MacBook Air M2, USB-C Charging Cable"
T4611,"USB-C Charging Cable, USB-C EarPods, iPhone 15 Pro"
T4612,"30W USB-C Power Adapter, Apple Magic Mouse, MacBook Air M3, USB-C Charging Cable"
T4613,"AirPods (3rd Gen), Anker MagSafe Charging Dock, Lightning Charging Cable, Screen Protector, iPhone 14 Pro"
T4614,"Lightning Charging Cable, Lightning EarPods, iPhone 13 mini, iPhone MagSafe Charging Dock"
T4615,iPad Pro M4 11-inch
T4616,"Belkin MagSafe Charging Stand, Lightning Charging Cable, Lightning EarPods, iPhone 13"
T4617,"Anker MagSafe Charging Dock, iPhone 17 Pro Max, iPhone Case"
T4618,"65W USB-C Power Adapter, MacBook Pro M2"
T4619,"Apple Magic Keyboard, Apple Magic Mouse, LG UltraFine 5K Display, Mac mini M4"
T4620,"65W USB-C Power Adapter, Apple Magic Keyboard, Apple Magic Mouse, MacBook Pro M1, USB-C Charging Cable"
T4621,"Anker MagSafe Charging Dock, Lightning Charging Cable, iPhone 13 Pro Max"
T4622,"Anker MagSafe Charging Dock, USB-C Charging Cable, iPhone 15"
T4623,"65W USB-C Power Adapter, External SSD 1TB, MacBook Pro M4, USB-C Charging Cable"
T4624,"MacBook Air M1, USB-C Charging Cable"
T4625,"30W USB-C Power Adapter, Apple Magic Mouse, MacBook Air M3"
T4626,"Lightning Charging Cable, Lightning EarPods, Screen Protector, iPhone 13, iPhone Case, iPhone MagSafe Charging Dock"
T4627,"Belkin MagSafe Charging Stand, USB-C Charging Cable, USB-C EarPods, iPhone 15 Pro Max"
T4628,iPhone 16 Pro
T4629,MacBook Pro M2
T4630,Apple Watch Ultra 2
T4631,"Screen Protector, iPhone 16 Pro"
T4632,AirPods (3rd Gen)
T4633,"Apple Magic Keyboard, Apple Magic Mouse, JBL Charge 5, Mac mini M2 Pro"
T4634,"Apple Pencil (USB-C), Screen Protector (iPad), iPad 10th Gen, iPad Smart Folio"
T4635,"30W USB-C Power Adapter, MacBook Air M1, USB-C Charging Cable"
T4636,MacBook Pro M1
T4637,"External SSD 1TB, MacBook Pro M1, USB-C Charging Cable"
T4638,"Apple Magic Keyboard, MacBook Pro M4, USB-C Charging Cable"
T4639,Apple Magic Keyboard
T4640,iPhone 14 Plus
T4641,"Apple Watch Milanese Loop, Apple Watch Series 8"
T4642,"AirPods (3rd Gen), iPhone 14 Pro, iPhone Case, iPhone MagSafe Charging Dock"
T4643,Bose SoundLink Flex
T4644,iPhone 17 Air
T4645,"Belkin MagSafe Charging Stand, Lightning EarPods, iPhone 14 Pro Max"
T4646,"Apple Watch Charger, Apple Watch Series 10, Apple Watch Trail Loop"
T4647,iPhone 17 Pro Max
T4648,"Apple Magic Keyboard, Apple Magic Mouse, LG UltraFine 5K Display, Mac mini M4"
T4649,"USB-C EarPods, iPhone 17 Pro Max, iPhone Case, iPhone MagSafe Charging Dock"
T4650,"Lightning Charging Cable, Lightning EarPods, iPhone 14 Plus"
T4651,"Apple Magic Keyboard, Apple Magic Mouse, MacBook Pro M1"
T4652,iPhone 16 Pro Max
T4653,Apple Magic Mouse
T4654,"AirPods Pro (2nd Gen), Lightning Charging Cable, iPhone 14"
T4655,"30W USB-C Power Adapter, AirPods (3rd Gen), Apple Magic Mouse, MacBook Air M1, USB-C Charging Cable"
T4656,"AirPods Pro (2nd Gen), Anker MagSafe Charging Dock, USB-C Charging Cable, iPhone 15 Pro Max"
T4657,Bose SoundLink Flex
T4658,"Apple Magic Keyboard, Mac mini M2, Marshall Emberton II"
T4659,iPhone 15
T4660,"65W USB-C Power Adapter, MacBook Pro M2, USB-C Charging Cable"
T4661,"Lightning Charging Cable, Lightning EarPods, iPhone 14 Plus, iPhone MagSafe Charging Dock"
T4662,"USB-C Charging Cable, iPad mini 7"
T4663,"USB-C EarPods, iPhone 15 Pro Max, iPhone MagSafe Charging Dock"
T4664,"65W USB-C Power Adapter, AirPods Pro (2nd Gen), Apple Magic Mouse, MacBook Pro M3"
T4665,"65W USB-C Power Adapter, Apple Magic Mouse, MacBook Pro M4"
T4666,"Belkin MagSafe Charging Stand, Lightning EarPods, iPhone 13"
T4667,"65W USB-C Power Adapter, External SSD 1TB, MacBook Pro M3"
T4668,"Apple Watch Ultra, Screen Protector (Watch)"
T4669,Apple Watch Ultra 2
T4670,MacBook Air M2
T4671,iPhone 16 Pro
T4672,iPad Pro M4 11-inch
T4673,"Apple Magic Keyboard, JBL Charge 5, Mac mini M2 Pro"
T4674,"Anker MagSafe Charging Dock, USB-C Charging Cable, iPhone 17 Pro"
T4675,MacBook Air M1
T4676,"Belkin MagSafe Charging Stand, USB-C Charging Cable, USB-C EarPods, iPhone 15 Pro"
T4677,"AirPods (3rd Gen), Anker MagSafe Charging Dock, Lightning Charging Cable, iPhone 14 Plus"
T4678,"USB-C Charging Cable, iPad Pro M4 11-inch"
T4679,"AirPods Pro (2nd Gen), USB-C Charging Cable, iPhone 17, iPhone MagSafe Charging Dock"
T4680,"Belkin MagSafe Charging Stand, USB-C Charging Cable, iPhone 17 Pro Max, iPhone Case"
T4681,"Anker MagSafe Charging Dock, Lightning EarPods, iPhone 14"
T4682,"iPad 10th Gen, iPad Smart Folio"
T4683,"Apple Watch Charger, Apple Watch Ultra 2, Screen Protector (Watch)"
T4684,MacBook Air M2
T4685,AirPods (3rd Gen)
T4686,"30W USB-C Power Adapter, MacBook Air M1, USB-C Charging Cable"
T4687,"Apple Magic Keyboard, Apple Magic Mouse, Mac mini M2"
T4688,"MacBook Air M3, USB-C Charging Cable"
T4689,"USB-C Charging Cable, iPhone 16 Pro Max, iPhone Case"
T4690,"65W USB-C Power Adapter, Apple Magic Mouse, MacBook Pro M2, USB-C Charging Cable"
T4691,Apple Magic Keyboard
T4692,"Apple Pencil (USB-C), Screen Protector (iPad), iPad Air M2, iPad Smart Folio"
T4693,"Apple Pencil (2nd Gen), USB-C Charging Cable, iPad Magic Keyboard, iPad Pro M4 13-inch"
T4694,iPhone 14 Plus
T4695,"USB-C EarPods, iPhone 17, iPhone MagSafe Charging Dock"
T4696,"30W USB-C Power Adapter, Apple Magic Mouse, Laptop Sleeve, MacBook Air M1, USB-C Charging Cable"
T4697,iPhone 14
T4698,Marshall Stanmore III
T4699,Apple Watch Series 9
T4700,"30W USB-C Power Adapter, Apple Magic Mouse, MacBook Air M2"
T4701,"Apple Pencil (USB-C), Screen Protector (iPad), iPad Smart Folio, iPad mini 6"
T4702,"Belkin MagSafe Charging Stand, Lightning Charging Cable, Lightning EarPods, iPhone 14 Pro Max, iPhone Case"
T4703,"Apple Watch Sport Band, Apple Watch Ultra"
T4704,"Apple Pencil (USB-C), USB-C Charging Cable, iPad Air M2, iPad Smart Folio"
T4705,"Screen Protector, iPhone 15 Pro, iPhone MagSafe Charging Dock"
T4706,"Apple Watch Charger, Apple Watch Milanese Loop, Apple Watch Ultra 2, Screen Protector (Watch)"
T4707,"Screen Protector, iPhone 13 mini"
T4708,"Belkin MagSafe Charging Stand, USB-C Charging Cable, iPhone 16 Plus, iPhone Case"
T4709,"Screen Protector, USB-C Charging Cable, USB-C EarPods, iPhone 15, iPhone MagSafe Charging Dock"
T4710,"Anker MagSafe Charging Dock, Lightning Charging Cable, Lightning EarPods, iPhone 14"
T4711,"iPhone 13, iPhone MagSafe Charging Dock"
T4712,"Apple Magic Keyboard, USB-C Charging Cable"
T4713,"AirPods (3rd Gen), Anker MagSafe Charging Dock, Lightning Charging Cable, iPhone 13 Pro Max, iPhone Case"
T4714,MacBook Air M1
T4715,Marshall Stanmore III
T4716,"Belkin MagSafe Charging Stand, Screen Protector, USB-C EarPods, iPhone 16 Pro"
T4717,MacBook Air M3
T4718,"65W USB-C Power Adapter, Apple Magic Keyboard, Apple Magic Mouse, MacBook Pro M4, USB-C Charging Cable"
T4719,"Lightning Charging Cable, Lightning EarPods, Screen Protector, iPhone 13, iPhone MagSafe Charging Dock"
T4720,"USB-C Charging Cable, USB-C EarPods, iPhone 16 Pro Max, iPhone Case, iPhone MagSafe Charging Dock"
T4721,"Lightning Charging Cable, iPhone 13"
T4722,"Apple Magic Keyboard, USB-C Charging Cable"
T4723,"Apple Pencil (USB-C), Screen Protector (iPad), USB-C Charging Cable, iPad Smart Folio, iPad mini 7"
T4724,"30W USB-C Power Adapter, MacBook Air M2, USB-C Charging Cable"
T4725,"Belkin MagSafe Charging Stand, Lightning Charging Cable, Screen Protector, iPhone 14 Pro, iPhone Case"
T4726,"AirPods Pro (2nd Gen), Anker MagSafe Charging Dock, Lightning Charging Cable, iPhone 14 Pro"
T4727,"Belkin MagSafe Charging Stand, Lightning Charging Cable, Lightning EarPods, iPhone 13 Pro"
T4728,"30W USB-C Power Adapter, Apple Magic Mouse, MacBook Air M1, USB-C Charging Cable"
T4729,"Apple Magic Mouse, Bose SoundLink Flex, Mac mini M2"
T4730,"Apple Magic Keyboard, USB-C Charging Cable"
T4731,"AirPods Pro (2nd Gen), Belkin MagSafe Charging Stand, iPhone 16"
T4732,"AirPods (3rd Gen), Anker MagSafe Charging Dock, Lightning Charging Cable, iPhone 13 mini"
T4733,JBL Flip 6
T4734,"Screen Protector (iPad), USB-C Charging Cable, iPad Smart Folio, iPad mini 6"
T4735,"65W USB-C Power Adapter, AirPods Pro (2nd Gen), MacBook Pro M1, USB-C Charging Cable"
T4736,"Apple Magic Keyboard, Apple Magic Mouse, Mac mini M4"
T4737,"65W USB-C Power Adapter, MacBook Pro M1, USB-C Charging Cable"
T4738,"Belkin MagSafe Charging Stand, iPhone 13, iPhone Case"
T4739,"AirPods (3rd Gen), Anker MagSafe Charging Dock, iPhone 16 Plus"
T4740,"Apple Pencil (USB-C), USB-C Charging Cable, iPad 10th Gen, iPad Smart Folio"
T4741,"Apple Watch Charger, Apple Watch Milanese Loop, Apple Watch Series 10"
T4742,"Apple Pencil (USB-C), USB-C Charging Cable, iPad Air M2"
T4743,"USB-C Charging Cable, USB-C EarPods, iPhone 15 Pro"
T4744,"USB-C Charging Cable, USB-C EarPods, iPhone 16 Plus, iPhone Case, iPhone MagSafe Charging Dock"
T4745,"Apple Pencil (USB-C), USB-C Charging Cable, iPad mini 6"
T4746,"Apple Watch Charger, Apple Watch Milanese Loop, Apple Watch Series 8, Screen Protector (Watch)"
T4747,iPhone 14 Pro Max
T4748,"Anker MagSafe Charging Dock, Screen Protector, USB-C Charging Cable, USB-C EarPods, iPhone 15 Pro Max"
T4749,Apple Watch Series 11
T4750,"Lightning Charging Cable, Lightning EarPods, iPhone 13 Pro"
T4751,"Apple Watch Charger, Apple Watch Series 9, Apple Watch Trail Loop"
T4752,"Apple Magic Keyboard, Apple Magic Mouse, Mac mini M2"
T4753,iPhone 15
T4754,"Anker MagSafe Charging Dock, Screen Protector, USB-C Charging Cable, USB-C EarPods, iPhone 16"
T4755,"65W USB-C Power Adapter, Apple Magic Mouse, MacBook Pro M3, USB-C Charging Cable"
T4756,"Belkin MagSafe Charging Stand, USB-C Charging Cable, USB-C EarPods, iPhone 15 Pro Max"
T4757,MacBook Pro M2
T4758,"Screen Protector, iPhone 16"
T4759,"Anker MagSafe Charging Dock, Lightning Charging Cable, Lightning EarPods, iPhone 13 Pro"
T4760,"AirPods (3rd Gen), Anker MagSafe Charging Dock, Screen Protector, iPhone 13, iPhone Case"
T4761,"AirPods Pro (2nd Gen), USB-C Charging Cable, iPhone 17 Pro, iPhone Case"
T4762,"30W USB-C Power Adapter, AirPods (3rd Gen), Laptop Sleeve, MacBook Air M2"
T4763,iPhone 17 Pro
T4764,"AirPods Pro (2nd Gen), Lightning Charging Cable, iPhone 14 Pro Max, iPhone Case, iPhone MagSafe Charging Dock"
T4765,"Lightning Charging Cable, Lightning EarPods, Screen Protector, iPhone 14 Plus, iPhone Case"
T4766,"USB-C Charging Cable, USB-C EarPods, iPhone 17 Air, iPhone Case, iPhone MagSafe Charging Dock"
T4767,MacBook Air M1
T4768,MacBook Air M3
T4769,"Apple Magic Keyboard, Apple Magic Mouse, LG UltraFine 5K Display, Mac mini M2, USB-C Hub"
T4770,iPad Air M2
T4771,"Apple Watch Series 10, Apple Watch Trail Loop"
T4772,"Screen Protector (iPad), USB-C Charging Cable, iPad Smart Folio, iPad mini 6"
T4773,"Apple Pencil (USB-C), Screen Protector (iPad), USB-C Charging Cable, iPad 10th Gen"
T4774,"Laptop Sleeve, MacBook Air M2, USB-C Charging Cable"
T4775,"USB-C Charging Cable, iPad Air M2, iPad Smart Folio"
T4776,"AirPods (3rd Gen), Anker MagSafe Charging Dock, USB-C Charging Cable, iPhone 15 Pro"
T4777,"AirPods (3rd Gen), Laptop Sleeve, MacBook Air M2, USB-C Charging Cable"
T4778,"USB-C Charging Cable, iPad Pro M4 13-inch"
T4779,"65W USB-C Power Adapter, AirPods Pro (2nd Gen), Apple Magic Mouse, MacBook Pro M3, USB-C Charging Cable"
T4780,"Apple Magic Keyboard, Mac mini M4, Studio Display"
T4781,"AirPods Pro (2nd Gen), Belkin MagSafe Charging Stand, Screen Protector, USB-C Charging Cable, iPhone 15, iPhone Case"
T4782,MacBook Pro M1
T4783,"30W USB-C Power Adapter, AirPods (3rd Gen), Apple Magic Mouse, MacBook Air M1, USB-C Charging Cable"
T4784,Mac mini M4
T4785,"Apple Pencil (2nd Gen), USB-C Charging Cable, iPad Pro M4 13-inch"
T4786,"30W USB-C Power Adapter, Apple Magic Mouse, MacBook Air M1, USB-C Charging Cable"
T4787,"Lightning Charging Cable, Lightning EarPods, iPhone 13 mini"
T4788,"Lightning Charging Cable, iPhone 13 Pro, iPhone MagSafe Charging Dock"
T4789,"AirPods (3rd Gen), Anker MagSafe Charging Dock, iPhone 14 Pro"
T4790,Mac mini M2
T4791,iPhone 13
T4792,"USB-C Charging Cable, iPhone 16, iPhone Case"
T4793,"Belkin MagSafe Charging Stand, Lightning Charging Cable, iPhone 14 Plus, iPhone Case"
T4794,"30W USB-C Power Adapter, Laptop Sleeve, MacBook Air M1"
T4795,"USB-C Charging Cable, USB-C EarPods, iPhone 17 Air, iPhone Case, iPhone MagSafe Charging Dock"
T4796,"AirPods Pro (2nd Gen), Anker MagSafe Charging Dock, Screen Protector, iPhone 14"
T4797,"65W USB-C Power Adapter, Apple Magic Keyboard, Apple Magic Mouse, MacBook Pro M3"
T4798,"Anker MagSafe Charging Dock, USB-C Charging Cable, USB-C EarPods, iPhone 16 Pro"
T4799,"30W USB-C Power Adapter, MacBook Air M2, USB-C Charging Cable"
T4800,"AirPods Pro (2nd Gen), Anker MagSafe Charging Dock, Lightning Charging Cable, iPhone 13 Pro"
T4801,Apple Magic Mouse
T4802,"65W USB-C Power Adapter, MacBook Pro M2, USB-C Charging Cable"
T4803,"65W USB-C Power Adapter, Apple Magic Mouse, MacBook Pro M2, USB-C Charging Cable"
T4804,"Apple Watch Series 10, Apple Watch Solo Loop, Screen Protector (Watch)"
T4805,"USB-C Charging Cable, USB-C EarPods, iPhone 17 Pro"
T4806,"30W USB-C Power Adapter, Apple Magic Mouse, Laptop Sleeve, MacBook Air M1, USB-C Charging Cable"
T4807,"AirPods Pro (2nd Gen), Belkin MagSafe Charging Stand, iPhone 14 Pro Max"
T4808,iPhone 16 Pro
T4809,"AirPods Pro (2nd Gen), Anker MagSafe Charging Dock, USB-C Charging Cable, iPhone 16 Pro, iPhone Case"
T4810,"Apple Magic Keyboard, Mac mini M2 Pro, USB-C Hub"
T4811,"30W USB-C Power Adapter, MacBook Air M1, USB-C Charging Cable"
T4812,"Apple Magic Keyboard, Apple Magic Mouse, Bose SoundLink Flex, Mac mini M2 Pro"
T4813,Apple Magic Keyboard
T4814,"65W USB-C Power Adapter, MacBook Pro M4, USB-C Charging Cable"
T4815,"30W USB-C Power Adapter, MacBook Air M2"
T4816,"Anker MagSafe Charging Dock, Lightning EarPods, iPhone 14 Pro Max, iPhone Case"
T4817,"Anker MagSafe Charging Dock, Screen Protector, USB-C Charging Cable, USB-C EarPods, iPhone 17 Pro Max"
T4818,"USB-C Charging Cable, iPhone 15 Pro, iPhone MagSafe Charging Dock"
T4819,"Belkin MagSafe Charging Stand, iPhone 16 Pro"
T4820,"Apple Magic Mouse, Bose SoundLink Flex, Mac mini M2, USB-C Hub"
T4821,"Belkin MagSafe Charging Stand, Lightning Charging Cable, Lightning EarPods, iPhone 13, iPhone Case"
T4822,"Apple Pencil (USB-C), USB-C Charging Cable, iPad Air M2"
T4823,"Apple Magic Keyboard, LG UltraFine 5K Display, Mac mini M2"
T4824,"Belkin MagSafe Charging Stand, iPhone 14 Plus, iPhone Case"
T4825,"Apple Pencil (2nd Gen), Screen Protector (iPad), USB-C Charging Cable, iPad Pro M4 11-inch"
T4826,"iPhone 16, iPhone MagSafe Charging Dock"
T4827,"Belkin MagSafe Charging Stand, USB-C Charging Cable, USB-C EarPods, iPhone 16 Plus"
T4828,"Anker MagSafe Charging Dock, Lightning EarPods, iPhone 14 Plus"
T4829,"iPhone 13 Pro, iPhone Case"
T4830,"Belkin MagSafe Charging Stand, USB-C Charging Cable, iPhone 15"
T4831,Apple Watch Series 10
T4832,"65W USB-C Power Adapter, AirPods Pro (2nd Gen), MacBook Pro M4"
T4833,"65W USB-C Power Adapter, Apple Magic Mouse, MacBook Pro M2"
T4834,"Apple Watch Series 8, Apple Watch Trail Loop"
T4835,"USB-C Charging Cable, iPhone 17 Air, iPhone MagSafe Charging Dock"
T4836,"Anker MagSafe Charging Dock, USB-C Charging Cable, USB-C EarPods, iPhone 16"
T4837,"65W USB-C Power Adapter, Apple Magic Mouse, MacBook Pro M2"
T4838,MacBook Air M2
T4839,"Apple Magic Keyboard, Apple Magic Mouse, Mac mini M2, USB-C Hub"
T4840,"Anker MagSafe Charging Dock, Lightning Charging Cable, Screen Protector, iPhone 14 Pro"
T4841,"Anker MagSafe Charging Dock, iPhone 15 Pro"
T4842,"Screen Protector, USB-C Charging Cable, iPhone 15 Pro Max, iPhone Case"
T4843,"Lightning Charging Cable, iPhone 13 Pro, iPhone MagSafe Charging Dock"
T4844,"USB-C Charging Cable, iPad 10th Gen"
T4845,"Anker MagSafe Charging Dock, USB-C Charging Cable, USB-C EarPods, iPhone 16 Pro"
T4846,iPad mini 7
T4847,"30W USB-C Power Adapter, Laptop Sleeve, MacBook Air M4, USB-C Charging Cable"
T4848,"Lightning Charging Cable, Lightning EarPods, iPhone 13 Pro Max, iPhone Case"
T4849,"AirPods (3rd Gen), iPhone 14, iPhone MagSafe Charging Dock"
T4850,"Apple Pencil (2nd Gen), Screen Protector (iPad), USB-C Charging Cable, iPad Magic Keyboard, iPad Pro M4 11-inch"
T4851,MacBook Air M2
T4852,"65W USB-C Power Adapter, AirPods Pro (2nd Gen), External SSD 1TB, MacBook Pro M4, USB-C Charging Cable"
T4853,"Apple Watch Series 11, Apple Watch Solo Loop, Screen Protector (Watch)"
T4854,"USB-C Charging Cable, iPad Pro M4 11-inch"
T4855,"Belkin MagSafe Charging Stand, USB-C EarPods, iPhone 16 Plus, iPhone Case"
T4856,iPhone 13
T4857,iPad Air M2
T4858,Bose SoundLink Flex
T4859,"Apple Watch Charger, Apple Watch Milanese Loop, Apple Watch Series 11"
T4860,"Lightning Charging Cable, iPhone 14 Pro Max, iPhone MagSafe Charging Dock"
T4861,"MacBook Air M1, USB-C Charging Cable"
T4862,"65W USB-C Power Adapter, AirPods Pro (2nd Gen), Apple Magic Mouse, MacBook Pro M1, USB-C Charging Cable"
T4863,"65W USB-C Power Adapter, MacBook Pro M1, USB-C Charging Cable"
T4864,"Apple Watch Charger, Apple Watch Milanese Loop, Apple Watch Ultra 2"
T4865,"AirPods Pro (2nd Gen), Anker MagSafe Charging Dock, Lightning Charging Cable, iPhone 14 Pro Max"
T4866,"Apple Magic Keyboard, Mac mini M2"
T4867,"Apple Watch Milanese Loop, Apple Watch Series 11"
T4868,"Belkin MagSafe Charging Stand, Lightning Charging Cable, Lightning EarPods, iPhone 13, iPhone Case"
T4869,"Apple Pencil (USB-C), iPad 10th Gen, iPad Smart Folio"
T4870,"Lightning Charging Cable, Lightning EarPods, Screen Protector, iPhone 14 Pro"
T4871,"Screen Protector, USB-C Charging Cable, iPhone 16 Pro Max, iPhone Case"
T4872,Apple Magic Keyboard
T4873,"iPad Smart Folio, iPad mini 6"
T4874,Marshall Emberton II
T4875,"Apple Watch Charger, Apple Watch Ultra 2, Screen Protector (Watch)"
T4876,"Screen Protector, USB-C Charging Cable, iPhone 15 Plus, iPhone Case"
T4877,"Apple Watch Charger, Apple Watch Sport Band, Apple Watch Ultra, Screen Protector (Watch)"
T4878,Apple Watch Series 11
T4879,"Belkin MagSafe Charging Stand, USB-C Charging Cable, USB-C EarPods, iPhone 16 Plus"
T4880,"Apple Magic Mouse, Laptop Sleeve, MacBook Air M4"
T4881,iPad Pro M4 13-inch
T4882,"Screen Protector, USB-C Charging Cable, iPhone 16 Pro"
T4883,"Screen Protector, USB-C Charging Cable, iPhone 16"
T4884,"Apple Watch Milanese Loop, Apple Watch Ultra"
T4885,iPad Pro M4 11-inch
T4886,"30W USB-C Power Adapter, AirPods (3rd Gen), MacBook Air M2, USB-C Charging Cable"
T4887,"Apple Watch Milanese Loop, Apple Watch Series 10"
T4888,"30W USB-C Power Adapter, MacBook Air M4"
T4889,"Lightning Charging Cable, Lightning EarPods, Screen Protector, iPhone 14 Plus"
T4890,"Apple Magic Keyboard, Bose SoundLink Flex, Mac mini M2, Studio Display"
T4891,"30W USB-C Power Adapter, MacBook Air M3, USB-C Charging Cable"
T4892,Apple Watch Series 9
T4893,"AirPods (3rd Gen), USB-C Charging Cable, iPhone 16, iPhone MagSafe Charging Dock"
T4894,"30W USB-C Power Adapter, Apple Magic Mouse, MacBook Air M2, USB-C Charging Cable"
T4895,"Anker MagSafe Charging Dock, USB-C EarPods, iPhone 16 Plus, iPhone Case"
T4896,"Lightning EarPods, iPhone 14 Pro, iPhone MagSafe Charging Dock"
T4897,"65W USB-C Power Adapter, Apple Magic Mouse, MacBook Pro M2, USB-C Charging Cable"
T4898,"Apple Magic Mouse, MacBook Air M2, USB-C Charging Cable"
T4899,"Apple Watch Charger, Apple Watch Series 11, Apple Watch Solo Loop"
T4900,"Apple Watch Milanese Loop, Apple Watch Series 9, Screen Protector (Watch)"
T4901,"AirPods (3rd Gen), Lightning Charging Cable, iPhone 13"
T4902,"Anker MagSafe Charging Dock, Screen Protector, USB-C Charging Cable, USB-C EarPods, iPhone 17 Air"
T4903,"Apple Magic Mouse, MacBook Pro M2, USB-C Charging Cable"
T4904,"Lightning Charging Cable, Lightning EarPods, iPhone 14 Pro"
T4905,"Anker MagSafe Charging Dock, USB-C Charging Cable, iPhone 17 Pro"
T4906,"Apple Pencil (USB-C), Screen Protector (iPad), iPad Smart Folio, iPad mini 7"
T4907,"30W USB-C Power Adapter, AirPods (3rd Gen), MacBook Air M1, USB-C Charging Cable"
T4908,"Belkin MagSafe Charging Stand, iPhone 15 Pro, iPhone Case"
T4909,"USB-C Charging Cable, iPhone 16 Pro Max, iPhone Case"
T4910,"65W USB-C Power Adapter, MacBook Pro M2, USB-C Charging Cable"
T4911,"Apple Watch Charger, Apple Watch Series 8, Apple Watch Solo Loop"
T4912,iPad mini 7
T4913,"30W USB-C Power Adapter, MacBook Air M4, USB-C Charging Cable"
T4914,"Apple Watch Charger, Apple Watch Series 8, Apple Watch Sport Band, Screen Protector (Watch)"
T4915,MacBook Air M4
T4916,"Lightning Charging Cable, iPhone 14 Pro, iPhone MagSafe Charging Dock"
T4917,"Belkin MagSafe Charging Stand, USB-C Charging Cable, USB-C EarPods, iPhone 17 Pro, iPhone Case"
T4918,AirPods (3rd Gen)
T4919,"Lightning Charging Cable, iPhone 14"
T4920,"Apple Watch Series 11, Apple Watch Solo Loop"
T4921,"Apple Watch Series 11, Apple Watch Solo Loop"
T4922,"30W USB-C Power Adapter, MacBook Air M3, USB-C Charging Cable"
T4923,"Anker MagSafe Charging Dock, USB-C EarPods, iPhone 17, iPhone Case"
T4924,MacBook Pro M4
T4925,"30W USB-C Power Adapter, AirPods (3rd Gen), MacBook Air M1, USB-C Charging Cable"
T4926,iPad mini 6
T4927,iPhone 16 Pro
T4928,"USB-C Charging Cable, iPhone 17 Pro Max, iPhone Case, iPhone MagSafe Charging Dock"
T4929,"AirPods Pro (2nd Gen), Lightning Charging Cable, Screen Protector, iPhone 13 mini"
T4930,"Apple Watch Series 8, Apple Watch Sport Band"
T4931,"AirPods Pro (2nd Gen), iPhone 16 Pro Max"
T4932,iPhone 15 Pro Max
T4933,"Apple Watch Charger, Apple Watch Sport Band, Apple Watch Ultra"
T4934,iPhone 17 Pro Max
T4935,"Apple Watch Charger, Apple Watch Series 11"
T4936,"30W USB-C Power Adapter, MacBook Air M4"
T4937,"Anker MagSafe Charging Dock, Lightning Charging Cable, Lightning EarPods, iPhone 13 mini, iPhone Case"
T4938,"Apple Watch Series 8, Apple Watch Trail Loop"
T4939,"AirPods (3rd Gen), Lightning Charging Cable, iPhone 13, iPhone Case"
T4940,iPhone 14 Pro Max
T4941,"Belkin MagSafe Charging Stand, USB-C Charging Cable, iPhone 15 Pro Max"
T4942,iPhone 17
T4943,"AirPods (3rd Gen), Belkin MagSafe Charging Stand, USB-C Charging Cable, iPhone 15 Pro Max"
T4944,"65W USB-C Power Adapter, AirPods Pro (2nd Gen), MacBook Pro M3, USB-C Charging Cable"
T4945,"Belkin MagSafe Charging Stand, Lightning Charging Cable, Lightning EarPods, Screen Protector, iPhone 14 Pro, iPhone Case"
T4946,"AirPods Pro (2nd Gen), Anker MagSafe Charging Dock, Screen Protector, iPhone 17 Air, iPhone Case"
T4947,"Lightning Charging Cable, Lightning EarPods, iPhone 14 Pro"
T4948,Apple Watch Series 8
T4949,"65W USB-C Power Adapter, MacBook Pro M2"
T4950,"USB-C Charging Cable, USB-C EarPods, iPhone 15, iPhone MagSafe Charging Dock"
T4951,"65W USB-C Power Adapter, Apple Magic Mouse, MacBook Pro M2, USB-C Charging Cable"
T4952,"30W USB-C Power Adapter, AirPods (3rd Gen), Apple Magic Mouse, MacBook Air M3, USB-C Charging Cable"
T4953,iPhone 13 Pro
T4954,Marshall Emberton II
T4955,"Apple Watch Milanese Loop, Apple Watch Series 11"
T4956,"Apple Magic Keyboard, Apple Magic Mouse, Mac mini M2 Pro"
T4957,"Apple Pencil (USB-C), USB-C Charging Cable, iPad Smart Folio, iPad mini 7"
T4958,"USB-C Charging Cable, iPad 10th Gen"
T4959,"AirPods (3rd Gen), Lightning Charging Cable, iPhone 14 Pro Max"
T4960,"USB-C Charging Cable, USB-C EarPods, iPhone 15 Pro Max, iPhone Case"
T4961,iPhone 13 Pro Max
T4962,"Lightning Charging Cable, iPhone 13 mini, iPhone MagSafe Charging Dock"
T4963,"Belkin MagSafe Charging Stand, Lightning Charging Cable, iPhone 14 Pro, iPhone Case"
T4964,"AirPods Pro (2nd Gen), Anker MagSafe Charging Dock, Screen Protector, iPhone 16, iPhone Case"
T4965,"Apple Watch Milanese Loop, Apple Watch Series 8"
T4966,iPad Pro M4 13-inch
T4967,"Apple Watch Charger, Apple Watch Milanese Loop, Apple Watch Ultra 2, Screen Protector (Watch)"
T4968,"AirPods Pro (2nd Gen), Belkin MagSafe Charging Stand, Lightning Charging Cable, iPhone 14 Pro Max, iPhone Case"
T4969,"Apple Pencil (USB-C), Screen Protector (iPad), USB-C Charging Cable, iPad Air M2, iPad Smart Folio"
T4970,iPhone 15
T4971,"65W USB-C Power Adapter, Apple Magic Keyboard, MacBook Pro M4"
T4972,"30W USB-C Power Adapter, AirPods (3rd Gen), Apple Magic Mouse, MacBook Air M1, USB-C Charging Cable"
T4973,"30W USB-C Power Adapter, Apple Magic Mouse, Laptop Sleeve, MacBook Air M1, USB-C Charging Cable"
T4974,iPhone 17
T4975,"USB-C EarPods, iPhone 15 Pro Max, iPhone MagSafe Charging Dock"
T4976,"65W USB-C Power Adapter, MacBook Pro M1, USB-C Charging Cable"
T4977,iPhone 14 Pro
T4978,"AirPods (3rd Gen), Anker MagSafe Charging Dock, iPhone 16 Plus, iPhone Case"
T4979,"Screen Protector (iPad), USB-C Charging Cable, iPad 10th Gen"
T4980,"30W USB-C Power Adapter, MacBook Air M2, USB-C Charging Cable"
T4981,"Apple Watch Charger, Apple Watch Series 9, Screen Protector (Watch)"
T4982,"Screen Protector, USB-C Charging Cable, USB-C EarPods, iPhone 15 Plus, iPhone Case, iPhone MagSafe Charging Dock"
T4983,"65W USB-C Power Adapter, AirPods Pro (2nd Gen), Apple Magic Mouse, MacBook Pro M2, USB-C Charging Cable"
T4984,"Anker MagSafe Charging Dock, Lightning Charging Cable, iPhone 14 Plus, iPhone Case"
T4985,"MacBook Air M4, USB-C Charging Cable"
T4986,iPad Pro M4 13-inch
T4987,"AirPods (3rd Gen), USB-C Charging Cable, iPhone 16 Pro, iPhone Case, iPhone MagSafe Charging Dock"
T4988,"Apple Watch Series 10, Apple Watch Trail Loop"
T4989,"Apple Magic Keyboard, Apple Magic Mouse, LG UltraFine 5K Display, Mac mini M2, USB-C Hub"
T4990,"Screen Protector, USB-C Charging Cable, USB-C EarPods, iPhone 15 Plus, iPhone Case"
T4991,"30W USB-C Power Adapter, Apple Magic Mouse, Laptop Sleeve, MacBook Air M1"
T4992,"Belkin MagSafe Charging Stand, Screen Protector, iPhone 14"
T4993,"AirPods (3rd Gen), Belkin MagSafe Charging Stand, USB-C Charging Cable, iPhone 15, iPhone Case"
T4994,"Apple Watch Charger, Apple Watch Solo Loop, Apple Watch Ultra"
T4995,"Screen Protector, USB-C Charging Cable, USB-C EarPods, iPhone 16 Plus, iPhone MagSafe Charging Dock"
T4996,"Screen Protector (iPad), iPad mini 6"
T4997,"AirPods (3rd Gen), USB-C Charging Cable, iPhone 17 Pro"
T4998,"AirPods (3rd Gen), Belkin MagSafe Charging Stand, Screen Protector, USB-C Charging Cable, iPhone 16 Pro Max"
T4999,"Apple Watch Charger, Apple Watch Series 9, Apple Watch Sport Band"
T5000,"65W USB-C Power Adapter, MacBook Pro M3, USB-C Charging Cable"
T5001,"30W USB-C Power Adapter, Apple Magic Mouse, MacBook Air M2"
T5002,"65W USB-C Power Adapter, Apple Magic Keyboard, External SSD 1TB, MacBook Pro M2"
T5003,"AirPods Pro (2nd Gen), Anker MagSafe Charging Dock, USB-C Charging Cable, iPhone 15"
T5004,iPhone 16 Plus
T5005,"Belkin MagSafe Charging Stand, USB-C Charging Cable, USB-C EarPods, iPhone 16"
T5006,"AirPods (3rd Gen), Lightning Charging Cable, Screen Protector, iPhone 14, iPhone MagSafe Charging Dock"
T5007,"AirPods (3rd Gen), Anker MagSafe Charging Dock, iPhone 13 mini, iPhone Case"
T5008,"AirPods Pro (2nd Gen), Lightning Charging Cable, Screen Protector, iPhone 13 Pro Max, iPhone MagSafe Charging Dock"
T5009,Apple Watch Series 9
T5010,"Apple Pencil (2nd Gen), USB-C Charging Cable, iPad Magic Keyboard, iPad Pro M4 13-inch"
T5011,"Apple Watch Charger, Apple Watch Trail Loop, Apple Watch Ultra 2"
T5012,"Screen Protector, USB-C Charging Cable, USB-C EarPods, iPhone 16 Pro, iPhone Case"
T5013,Bose SoundLink Flex
T5014,"Anker MagSafe Charging Dock, USB-C EarPods, iPhone 16"
T5015,"AirPods (3rd Gen), Anker MagSafe Charging Dock, USB-C Charging Cable, iPhone 15"
T5016,"Apple Pencil (USB-C), Screen Protector (iPad), iPad Smart Folio, iPad mini 6"
T5017,iPhone 13 mini
T5018,"Apple Pencil (2nd Gen), USB-C Charging Cable, iPad Pro M4 11-inch"
T5019,"AirPods Pro (2nd Gen), Belkin MagSafe Charging Stand, Screen Protector, USB-C Charging Cable, iPhone 16, iPhone Case"
T5020,Mac mini M2 Pro
T5021,"Apple Pencil (USB-C), Screen Protector (iPad), USB-C Charging Cable, iPad Smart Folio, iPad mini 6"
T5022,"AirPods Pro (2nd Gen), iPhone 16 Pro Max, iPhone MagSafe Charging Dock"
T5023,"Screen Protector, USB-C Charging Cable, USB-C EarPods, iPhone 15"
T5024,"Apple Magic Keyboard, Apple Magic Mouse, Mac mini M2, Studio Display"
T5025,"Apple Watch Charger, Apple Watch Series 10, Apple Watch Sport Band"
T5026,"AirPods Pro (2nd Gen), iPhone 17 Pro, iPhone MagSafe Charging Dock"
T5027,Apple Watch Ultra
T5028,iPad Pro M4 11-inch
T5029,iPad mini 6
T5030,iPad mini 7
T5031,"Apple Watch Charger, Apple Watch Series 10, Apple Watch Solo Loop, Screen Protector (Watch)"
T5032,"Apple Pencil (USB-C), Screen Protector (iPad), USB-C Charging Cable, iPad Air M2, iPad Smart Folio"
T5033,"Screen Protector, iPhone 17 Pro Max, iPhone Case"
T5034,"65W USB-C Power Adapter, Apple Magic Mouse, MacBook Pro M4, USB-C Charging Cable"
T5035,"Anker MagSafe Charging Dock, Screen Protector, USB-C Charging Cable, iPhone 16 Pro, iPhone Case"
T5036,"USB-C EarPods, iPhone 15 Pro Max, iPhone Case, iPhone MagSafe Charging Dock"
T5037,"Anker MagSafe Charging Dock, Lightning Charging Cable, Lightning EarPods, Screen Protector, iPhone 14 Plus"
T5038,JBL Flip 6
T5039,"Apple Watch Series 11, Apple Watch Trail Loop"
T5040,"Apple Magic Mouse, MacBook Pro M1, USB-C Charging Cable"
T5041,"Apple Watch Charger, Apple Watch Series 11"
T5042,"AirPods (3rd Gen), Lightning Charging Cable, iPhone 14 Pro"
T5043,"Belkin MagSafe Charging Stand, USB-C Charging Cable, iPhone 15 Pro, iPhone Case"
T5044,"AirPods (3rd Gen), USB-C Charging Cable, iPhone 17 Pro Max, iPhone MagSafe Charging Dock"
T5045,iPhone 13 Pro
T5046,"AirPods (3rd Gen), Anker MagSafe Charging Dock, Screen Protector, iPhone 14 Plus, iPhone Case"
T5047,"Screen Protector, USB-C Charging Cable, USB-C EarPods, iPhone 15 Plus, iPhone Case"
T5048,"AirPods Pro (2nd Gen), Screen Protector, USB-C Charging Cable, iPhone 15, iPhone Case"
T5049,Apple Watch Series 8
T5050,"Apple Pencil (2nd Gen), iPad Pro M4 11-inch"
T5051,"Laptop Sleeve, MacBook Air M2, USB-C Charging Cable"
T5052,"USB-C EarPods, iPhone 16 Plus, iPhone Case"
T5053,"Apple Pencil (USB-C), Screen Protector (iPad), iPad Air M2"
T5054,"Anker MagSafe Charging Dock, Lightning Charging Cable, Screen Protector, iPhone 13"
T5055,iPad 10th Gen
T5056,"Belkin MagSafe Charging Stand, Lightning Charging Cable, Lightning EarPods, iPhone 13 Pro Max"
T5057,"AirPods Pro (2nd Gen), Belkin MagSafe Charging Stand, Screen Protector, USB-C Charging Cable, iPhone 16"
T5058,"65W USB-C Power Adapter, Apple Magic Keyboard, External SSD 1TB, MacBook Pro M4, USB-C Charging Cable"
T5059,"AirPods (3rd Gen), USB-C Charging Cable, iPhone 16 Plus, iPhone MagSafe Charging Dock"
T5060,"65W USB-C Power Adapter, Apple Magic Keyboard, Apple Magic Mouse, MacBook Pro M4, USB-C Charging Cable"
T5061,iPad Pro M4 11-inch
T5062,"Belkin MagSafe Charging Stand, USB-C Charging Cable, USB-C EarPods, iPhone 15, iPhone Case"
T5063,iPhone 15 Plus
T5064,Marshall Emberton II
T5065,"Anker MagSafe Charging Dock, Lightning Charging Cable, Lightning EarPods, Screen Protector, iPhone 14 Pro Max"
T5066,"Apple Watch Series 8, Apple Watch Sport Band, Screen Protector (Watch)"
T5067,"Apple Magic Keyboard, Apple Magic Mouse, JBL Flip 6, Mac mini M2 Pro, Studio Display"
T5068,"Belkin MagSafe Charging Stand, Screen Protector, USB-C Charging Cable, USB-C EarPods, iPhone 16 Plus, iPhone Case"
T5069,"AirPods Pro (2nd Gen), USB-C Charging Cable, iPhone 15 Pro"
T5070,"Apple Watch Milanese Loop, Apple Watch Series 9, Screen Protector (Watch)"
T5071,"Apple Watch Charger, Apple Watch Milanese Loop, Apple Watch Ultra 2"
T5072,"65W USB-C Power Adapter, Apple Magic Mouse, MacBook Pro M3"
T5073,"65W USB-C Power Adapter, Apple Magic Keyboard, Apple Magic Mouse, MacBook Pro M2, USB-C Charging Cable"
T5074,"AirPods (3rd Gen), Lightning Charging Cable, iPhone 14 Pro, iPhone MagSafe Charging Dock"
T5075,"65W USB-C Power Adapter, MacBook Pro M1, USB-C Charging Cable"
T5076,"iPad 10th Gen, iPad Smart Folio"
T5077,"AirPods (3rd Gen), Anker MagSafe Charging Dock, iPhone 13 Pro"
T5078,iPad 10th Gen
T5079,"Anker MagSafe Charging Dock, USB-C EarPods, iPhone 15 Pro Max"
T5080,"USB-C Charging Cable, iPhone 15 Pro"
T5081,"USB-C EarPods, iPhone 16, iPhone MagSafe Charging Dock"
T5082,"Apple Watch Milanese Loop, Apple Watch Series 9"
T5083,"Apple Watch Charger, Apple Watch Ultra 2"
T5084,iPhone 16 Pro
T5085,"Apple Pencil (2nd Gen), Screen Protector (iPad), USB-C Charging Cable, iPad Magic Keyboard, iPad Pro M4 13-inch"
T5086,"Lightning Charging Cable, Lightning EarPods, iPhone 13 mini"
T5087,Mac mini M4
T5088,MacBook Air M1
T5089,iPhone 15
T5090,"Apple Pencil (2nd Gen), iPad Magic Keyboard, iPad Pro M4 11-inch"
T5091,"65W USB-C Power Adapter, Apple Magic Mouse, MacBook Pro M3, USB-C Charging Cable"
T5092,MacBook Pro M3
T5093,"30W USB-C Power Adapter, MacBook Air M3, USB-C Charging Cable"
T5094,"65W USB-C Power Adapter, MacBook Pro M1, USB-C Charging Cable"
T5095,"Anker MagSafe Charging Dock, iPhone 14 Pro Max"
T5096,Apple Watch Series 9
T5097,"iPad Smart Folio, iPad mini 6"
T5098,"iPad Air M2, iPad Smart Folio"
T5099,"USB-C Charging Cable, iPad 10th Gen, iPad Smart Folio"
T5100,"65W USB-C Power Adapter, Apple Magic Mouse, MacBook Pro M1, USB-C Charging Cable"
T5101,"Screen Protector, USB-C Charging Cable, USB-C EarPods, iPhone 16 Pro, iPhone MagSafe Charging Dock"
T5102,"USB-C Charging Cable, USB-C EarPods, iPhone 16, iPhone Case, iPhone MagSafe Charging Dock"
T5103,"AirPods (3rd Gen), iPhone 15 Plus, iPhone MagSafe Charging Dock"
T5104,"AirPods Pro (2nd Gen), Screen Protector, USB-C Charging Cable, iPhone 16"
T5105,"30W USB-C Power Adapter, Apple Magic Mouse, MacBook Air M4, USB-C Charging Cable"
T5106,"Apple Magic Mouse, Mac mini M2 Pro, USB-C Hub"
T5107,"Apple Watch Charger, Apple Watch Series 10, Apple Watch Trail Loop"
T5108,"AirPods (3rd Gen), USB-C Charging Cable, iPhone 15 Pro, iPhone Case, iPhone MagSafe Charging Dock"
T5109,"AirPods (3rd Gen), Belkin MagSafe Charging Stand, iPhone 14, iPhone Case"
T5110,Mac mini M4
T5111,"Apple Magic Mouse, MacBook Pro M2, USB-C Charging Cable"
T5112,"Belkin MagSafe Charging Stand, Screen Protector, USB-C Charging Cable, USB-C EarPods, iPhone 16"
T5113,"Apple Watch Charger, Apple Watch Series 9, Apple Watch Sport Band"
T5114,"65W USB-C Power Adapter, MacBook Pro M1, USB-C Charging Cable"
T5115,"AirPods Pro (2nd Gen), Screen Protector, USB-C Charging Cable, iPhone 16 Pro Max, iPhone Case, iPhone MagSafe Charging Dock"
T5116,"Apple Magic Keyboard, Apple Magic Mouse, Mac mini M2 Pro"
T5117,"65W USB-C Power Adapter, MacBook Pro M2, USB-C Charging Cable"
T5118,"Apple Magic Keyboard, Mac mini M4"
T5119,Apple Watch Ultra
T5120,"Belkin MagSafe Charging Stand, Screen Protector, USB-C Charging Cable, USB-C EarPods, iPhone 17 Pro"
T5121,Apple Magic Mouse
T5122,MacBook Air M2
T5123,"Apple Magic Mouse, Mac mini M2"
T5124,"iPad 10th Gen, iPad Smart Folio"
T5125,"Belkin MagSafe Charging Stand, USB-C Charging Cable, iPhone 15 Pro Max, iPhone Case"
T5126,"iPhone 14 Pro Max, iPhone Case, iPhone MagSafe Charging Dock"
T5127,"iPhone 13, iPhone Case"
T5128,"Apple Magic Keyboard, Apple Magic Mouse, Mac mini M2 Pro, Marshall Emberton II"
T5129,"USB-C EarPods, iPhone 17 Pro Max, iPhone Case, iPhone MagSafe Charging Dock"
T5130,"Apple Pencil (USB-C), Screen Protector (iPad), USB-C Charging Cable, iPad mini 7"
T5131,"Screen Protector, USB-C EarPods, iPhone 17 Pro, iPhone MagSafe Charging Dock"
T5132,"Bose SoundLink Flex, Mac mini M2"
T5133,JBL Charge 5
T5134,iPhone 17 Pro Max
T5135,"Apple Pencil (2nd Gen), Screen Protector (iPad), USB-C Charging Cable, iPad Magic Keyboard, iPad Pro M4 13-inch"
T5136,Marshall Emberton II
T5137,iPhone 15 Pro Max
T5138,iPhone 17 Air
T5139,iPhone 16 Pro
T5140,"USB-C Charging Cable, iPhone 17"
T5141,"Apple Watch Charger, Apple Watch Series 10, Apple Watch Solo Loop"
T5142,"USB-C Charging Cable, iPad Magic Keyboard, iPad Pro M4 13-inch"
T5143,"AirPods (3rd Gen), Lightning Charging Cable, iPhone 13"
T5144,"65W USB-C Power Adapter, AirPods Pro (2nd Gen), Apple Magic Keyboard, External SSD 1TB, MacBook Pro M1, USB-C Charging Cable"
T5145,iPad Pro M4 13-inch
T5146,"Anker MagSafe Charging Dock, Screen Protector, USB-C Charging Cable, iPhone 16 Pro, iPhone Case"
T5147,"Apple Watch Sport Band, Apple Watch Ultra"
T5148,"Belkin MagSafe Charging Stand, Lightning Charging Cable, iPhone 13 mini"
T5149,"Apple Watch Sport Band, Apple Watch Ultra"
T5150,"AirPods Pro (2nd Gen), Anker MagSafe Charging Dock, Lightning Charging Cable, iPhone 14 Pro Max, iPhone Case"
T5151,Apple Watch Ultra 2
T5152,"AirPods (3rd Gen), USB-C Charging Cable, iPhone 15 Pro, iPhone MagSafe Charging Dock"
T5153,"Anker MagSafe Charging Dock, Lightning Charging Cable, iPhone 13 mini, iPhone Case"
T5154,Bose SoundLink Flex
T5155,"Apple Magic Keyboard, Apple Magic Mouse, Mac mini M4, Studio Display, USB-C Hub"
T5156,"30W USB-C Power Adapter, AirPods (3rd Gen), Laptop Sleeve, MacBook Air M3, USB-C Charging Cable"
T5157,"Apple Pencil (USB-C), USB-C Charging Cable, iPad Air M2, iPad Smart Folio"
T5158,"AirPods (3rd Gen), USB-C Charging Cable, iPhone 17, iPhone Case"
T5159,"65W USB-C Power Adapter, MacBook Pro M3, USB-C Charging Cable"
T5160,"USB-C Charging Cable, USB-C EarPods, iPhone 17 Air, iPhone Case, iPhone MagSafe Charging Dock"
T5161,"Lightning Charging Cable, iPhone 13 Pro Max, iPhone Case"
T5162,"65W USB-C Power Adapter, MacBook Pro M1, USB-C Charging Cable"
T5163,"Anker MagSafe Charging Dock, Lightning Charging Cable, Lightning EarPods, Screen Protector, iPhone 14 Pro Max, iPhone Case"
T5164,"Apple Magic Keyboard, Apple Magic Mouse, Mac mini M4"
T5165,"Apple Magic Mouse, Laptop Sleeve, MacBook Air M3"
T5166,"Screen Protector (iPad), USB-C Charging Cable, iPad mini 6"
T5167,"USB-C Charging Cable, iPad Air M2, iPad Smart Folio"
T5168,"Lightning Charging Cable, Lightning EarPods, Screen Protector, iPhone 13, iPhone Case, iPhone MagSafe Charging Dock"
T5169,"MacBook Air M1, USB-C Charging Cable"
T5170,"Marshall Emberton II, Speaker Carry Case, USB-C Charging Cable"
T5171,"Belkin MagSafe Charging Stand, USB-C Charging Cable, iPhone 16 Pro"
T5172,"Apple Pencil (USB-C), iPad 10th Gen, iPad Smart Folio"
T5173,"30W USB-C Power Adapter, Apple Magic Mouse, MacBook Air M2"
T5174,iPhone 13 Pro Max
T5175,"Screen Protector, USB-C Charging Cable, iPhone 16 Pro Max"
T5176,"USB-C Charging Cable, iPhone 17 Air"
T5177,iPad mini 7
T5178,MacBook Air M3
T5179,MacBook Pro M4
T5180,"Lightning Charging Cable, Lightning EarPods, iPhone 14 Plus, iPhone Case"
T5181,"Belkin MagSafe Charging Stand, Lightning Charging Cable, Lightning EarPods, iPhone 13 Pro"
T5182,"30W USB-C Power Adapter, AirPods (3rd Gen), Apple Magic Mouse, MacBook Air M4, USB-C Charging Cable"
T5183,"Apple Pencil (USB-C), iPad Smart Folio, iPad mini 6"
T5184,"Screen Protector, USB-C Charging Cable, iPhone 16 Plus, iPhone MagSafe Charging Dock"
T5185,iPhone 17
T5186,"30W USB-C Power Adapter, MacBook Air M2, USB-C Charging Cable"
T5187,"Apple Pencil (USB-C), Screen Protector (iPad), USB-C Charging Cable, iPad Smart Folio, iPad mini 6"
T5188,"USB-C Charging Cable, iPad Pro M4 11-inch"
T5189,"30W USB-C Power Adapter, Laptop Sleeve, MacBook Air M4"
T5190,MacBook Air M2
T5191,MacBook Pro M2
T5192,"Lightning Charging Cable, Lightning EarPods, iPhone 14 Plus"
T5193,"Anker MagSafe Charging Dock, Lightning Charging Cable, Lightning EarPods, Screen Protector, iPhone 14"
T5194,"Belkin MagSafe Charging Stand, Lightning Charging Cable, Lightning EarPods, iPhone 13, iPhone Case"
T5195,"USB-C Charging Cable, iPad 10th Gen"
T5196,"Belkin MagSafe Charging Stand, Lightning Charging Cable, iPhone 14 Plus, iPhone Case"
T5197,iPhone 14 Plus
T5198,"Apple Watch Charger, Apple Watch Milanese Loop, Apple Watch Series 10"
T5199,"Apple Magic Mouse, Mac mini M2, Marshall Stanmore III"
T5200,Apple Watch Series 10
T5201,"USB-C Charging Cable, iPad 10th Gen"
T5202,"Apple Pencil (USB-C), Screen Protector (iPad), USB-C Charging Cable, iPad Smart Folio, iPad mini 6"
T5203,Apple Watch Series 9
T5204,"Anker MagSafe Charging Dock, Lightning Charging Cable, Lightning EarPods, iPhone 13 Pro"
T5205,"Screen Protector (iPad), USB-C Charging Cable, iPad mini 6"
T5206,iPhone 13 Pro
T5207,"Apple Watch Charger, Apple Watch Sport Band, Apple Watch Ultra"
T5208,"USB-C Charging Cable, iPhone 17 Pro, iPhone Case"
T5209,"USB-C Charging Cable, USB-C EarPods, iPhone 17, iPhone MagSafe Charging Dock"
T5210,"AirPods Pro (2nd Gen), Anker MagSafe Charging Dock, Lightning Charging Cable, iPhone 13 Pro Max, iPhone Case"
T5211,"Apple Watch Charger, Apple Watch Trail Loop, Apple Watch Ultra"
T5212,"Screen Protector, USB-C EarPods, iPhone 16, iPhone Case"
T5213,iPhone 15 Pro Max
T5214,"30W USB-C Power Adapter, Apple Magic Mouse, Laptop Sleeve, MacBook Air M1, USB-C Charging Cable"
T5215,"Apple Pencil (2nd Gen), USB-C Charging Cable, iPad Magic Keyboard, iPad Pro M4 11-inch"
T5216,"Screen Protector, USB-C Charging Cable, iPhone 15 Pro Max, iPhone MagSafe Charging Dock"
T5217,"USB-C Charging Cable, USB-C EarPods, iPhone 17 Pro Max, iPhone Case"
T5218,"65W USB-C Power Adapter, Apple Magic Keyboard, Apple Magic Mouse, MacBook Pro M1, USB-C Charging Cable"
T5219,"AirPods Pro (2nd Gen), USB-C Charging Cable, iPhone 15, iPhone MagSafe Charging Dock"
T5220,"Apple Watch Charger, Apple Watch Series 10, Apple Watch Solo Loop"
T5221,Bose SoundLink Flex
T5222,"Belkin MagSafe Charging Stand, Lightning Charging Cable, iPhone 14 Pro"
T5223,"AirPods Pro (2nd Gen), Screen Protector, USB-C Charging Cable, iPhone 17, iPhone Case, iPhone MagSafe Charging Dock"
T5224,MacBook Air M2
T5225,"Lightning Charging Cable, iPhone 14 Pro Max, iPhone Case"
T5226,"30W USB-C Power Adapter, MacBook Air M2"
T5227,"USB-C Charging Cable, iPhone 16 Plus"
T5228,"USB-C Charging Cable, iPhone 15 Plus, iPhone MagSafe Charging Dock"
T5229,"65W USB-C Power Adapter, External SSD 1TB, MacBook Pro M1, USB-C Charging Cable"
T5230,"iPhone 17 Pro Max, iPhone MagSafe Charging Dock"
T5231,"65W USB-C Power Adapter, AirPods Pro (2nd Gen), Apple Magic Mouse, MacBook Pro M2, USB-C Charging Cable"
T5232,"AirPods Pro (2nd Gen), Belkin MagSafe Charging Stand, USB-C Charging Cable, iPhone 15 Pro"
T5233,"Apple Magic Keyboard, Apple Magic Mouse, JBL Charge 5, Mac mini M2 Pro"
T5234,"Anker MagSafe Charging Dock, Lightning EarPods, Screen Protector, iPhone 13, iPhone Case"
T5235,"Lightning EarPods, iPhone 13"
T5236,"Marshall Stanmore III, Speaker Carry Case, USB-C Charging Cable"
T5237,"Apple Magic Keyboard, Apple Magic Mouse, Mac mini M2, Studio Display"
T5238,"USB-C EarPods, iPhone 15 Pro Max"
T5239,iPhone 16
T5240,Apple Magic Keyboard
T5241,"Anker MagSafe Charging Dock, Lightning Charging Cable, Lightning EarPods, iPhone 13 mini"
T5242,"Screen Protector, USB-C Charging Cable, iPhone 15 Plus, iPhone Case, iPhone MagSafe Charging Dock"
T5243,"Apple Pencil (USB-C), USB-C Charging Cable, iPad Air M2, iPad Smart Folio"
T5244,"Lightning Charging Cable, iPhone 14 Plus, iPhone Case, iPhone MagSafe Charging Dock"
T5245,MacBook Pro M1
T5246,"Anker MagSafe Charging Dock, Lightning EarPods, iPhone 13 mini, iPhone Case"
T5247,"Lightning Charging Cable, iPhone 13 Pro Max, iPhone Case, iPhone MagSafe Charging Dock"
T5248,"Apple Watch Charger, Apple Watch Series 10, Apple Watch Solo Loop, Screen Protector (Watch)"
T5249,"30W USB-C Power Adapter, MacBook Air M4"
T5250,"Apple Pencil (USB-C), USB-C Charging Cable, iPad Air M2"
T5251,"AirPods (3rd Gen), Anker MagSafe Charging Dock, USB-C Charging Cable, iPhone 16 Plus"
T5252,"Apple Magic Keyboard, Apple Magic Mouse, LG UltraFine 5K Display, Mac mini M2 Pro"
T5253,Marshall Stanmore III
T5254,"Lightning Charging Cable, iPhone 14 Plus, iPhone Case"
T5255,"Belkin MagSafe Charging Stand, USB-C Charging Cable, USB-C EarPods, iPhone 17"
T5256,"Screen Protector, USB-C Charging Cable, USB-C EarPods, iPhone 15, iPhone MagSafe Charging Dock"
T5257,"Belkin MagSafe Charging Stand, Screen Protector, USB-C Charging Cable, iPhone 15"
T5258,"Apple Magic Mouse, External SSD 1TB, MacBook Pro M3, USB-C Charging Cable"
T5259,"AirPods (3rd Gen), Belkin MagSafe Charging Stand, Lightning Charging Cable, iPhone 13 mini"
T5260,"65W USB-C Power Adapter, MacBook Pro M4, USB-C Charging Cable"
T5261,"USB-C Charging Cable, iPad mini 6"
T5262,"Belkin MagSafe Charging Stand, Lightning Charging Cable, Lightning EarPods, iPhone 13"
T5263,iPhone 17 Pro Max
T5264,iPhone 15
T5265,"65W USB-C Power Adapter, Apple Magic Mouse, External SSD 1TB, MacBook Pro M2, USB-C Charging Cable"
T5266,"65W USB-C Power Adapter, AirPods Pro (2nd Gen), MacBook Pro M3, USB-C Charging Cable"
T5267,"Apple Pencil (2nd Gen), USB-C Charging Cable, iPad Magic Keyboard, iPad Pro M4 13-inch"
T5268,MacBook Air M3
T5269,"30W USB-C Power Adapter, MacBook Air M4, USB-C Charging Cable"
T5270,"65W USB-C Power Adapter, MacBook Pro M1, USB-C Charging Cable"
T5271,"Anker MagSafe Charging Dock, Lightning Charging Cable, Lightning EarPods, Screen Protector, iPhone 13 mini"
T5272,"AirPods (3rd Gen), USB-C Charging Cable, iPhone 17 Pro Max"
T5273,iPad 10th Gen
T5274,Apple Magic Mouse
T5275,"Belkin MagSafe Charging Stand, Lightning Charging Cable, Lightning EarPods, iPhone 13"
T5276,"Belkin MagSafe Charging Stand, iPhone 16 Pro"
T5277,"Screen Protector (iPad), USB-C Charging Cable, iPad Magic Keyboard, iPad Pro M4 13-inch"
T5278,"Lightning Charging Cable, iPhone 13 Pro Max, iPhone Case"
T5279,"Belkin MagSafe Charging Stand, Lightning EarPods, Screen Protector, iPhone 13 mini"
T5280,"Apple Pencil (USB-C), Screen Protector (iPad), USB-C Charging Cable, iPad 10th Gen"
T5281,"AirPods Pro (2nd Gen), Belkin MagSafe Charging Stand, iPhone 13 Pro"
T5282,"Belkin MagSafe Charging Stand, Lightning Charging Cable, Lightning EarPods, iPhone 14 Pro Max"
T5283,"Anker MagSafe Charging Dock, Screen Protector, USB-C Charging Cable, USB-C EarPods, iPhone 16"
T5284,"Apple Magic Mouse, Laptop Sleeve, MacBook Air M3"
T5285,"65W USB-C Power Adapter, Apple Magic Mouse, MacBook Pro M2, USB-C Charging Cable"
T5286,"Apple Pencil (2nd Gen), USB-C Charging Cable, iPad Pro M4 11-inch"
T5287,Marshall Stanmore III
T5288,"30W USB-C Power Adapter, Laptop Sleeve, MacBook Air M3"
T5289,"USB-C Charging Cable, iPad Magic Keyboard, iPad Pro M4 13-inch"
T5290,MacBook Air M4
T5291,Mac mini M2 Pro
T5292,"Apple Magic Keyboard, Mac mini M2"
T5293,"AirPods Pro (2nd Gen), Belkin MagSafe Charging Stand, USB-C Charging Cable, iPhone 15 Pro Max"
T5294,"Apple Watch Charger, Apple Watch Series 10, Screen Protector (Watch)"
T5295,"30W USB-C Power Adapter, AirPods (3rd Gen), MacBook Air M4"
T5296,iPhone 14 Pro Max
T5297,"AirPods Pro (2nd Gen), Belkin MagSafe Charging Stand, iPhone 15 Pro Max"
T5298,"AirPods (3rd Gen), Anker MagSafe Charging Dock, USB-C Charging Cable, iPhone 16"
T5299,Apple Watch Ultra
T5300,"AirPods Pro (2nd Gen), Apple Magic Mouse, External SSD 1TB, MacBook Pro M2, USB-C Charging Cable"
T5301,iPhone 15 Pro Max
T5302,"Belkin MagSafe Charging Stand, USB-C Charging Cable, USB-C EarPods, iPhone 17 Air"
T5303,"AirPods (3rd Gen), USB-C Charging Cable, iPhone 15 Pro Max, iPhone Case"
T5304,Apple Watch Series 8
T5305,AirPods Pro (2nd Gen)
T5306,"USB-C EarPods, iPhone 16 Pro"
T5307,"65W USB-C Power Adapter, Apple Magic Mouse, MacBook Pro M2, USB-C Charging Cable"
T5308,"30W USB-C Power Adapter, AirPods (3rd Gen), Apple Magic Mouse, MacBook Air M2, USB-C Charging Cable"
T5309,"Apple Watch Solo Loop, Apple Watch Ultra"
T5310,"AirPods (3rd Gen), Lightning Charging Cable, iPhone 13 Pro"
T5311,Apple Watch Series 11
T5312,"30W USB-C Power Adapter, Apple Magic Mouse, MacBook Air M2, USB-C Charging Cable"
T5313,Apple Magic Keyboard
T5314,iPhone 15 Pro
T5315,MacBook Pro M4
T5316,Apple Magic Mouse
T5317,"30W USB-C Power Adapter, Laptop Sleeve, MacBook Air M2, USB-C Charging Cable"
T5318,"AirPods Pro (2nd Gen), Anker MagSafe Charging Dock, iPhone 15 Plus"
T5319,"Screen Protector, iPhone 15 Plus, iPhone MagSafe Charging Dock"
T5320,"AirPods (3rd Gen), iPhone 15 Pro, iPhone MagSafe Charging Dock"
T5321,"USB-C Charging Cable, iPad Air M2, iPad Smart Folio"
T5322,"Belkin MagSafe Charging Stand, USB-C Charging Cable, USB-C EarPods, iPhone 16 Pro, iPhone Case"
T5323,"Anker MagSafe Charging Dock, Screen Protector, iPhone 17 Air"
T5324,"Apple Watch Charger, Apple Watch Sport Band, Apple Watch Ultra"
T5325,"65W USB-C Power Adapter, External SSD 1TB, MacBook Pro M3, USB-C Charging Cable"
T5326,"USB-C Charging Cable, iPhone 17 Air, iPhone Case, iPhone MagSafe Charging Dock"
T5327,"Screen Protector, USB-C Charging Cable, iPhone 16 Plus, iPhone Case, iPhone MagSafe Charging Dock"
T5328,"Apple Watch Charger, Apple Watch Trail Loop, Apple Watch Ultra"
T5329,Marshall Emberton II
T5330,"Apple Watch Charger, Apple Watch Trail Loop, Apple Watch Ultra"
T5331,iPhone 17 Pro Max
T5332,"30W USB-C Power Adapter, Laptop Sleeve, MacBook Air M4, USB-C Charging Cable"
T5333,"Apple Watch Series 10, Apple Watch Sport Band"
T5334,MacBook Pro M4
T5335,Apple Magic Keyboard
T5336,Apple Watch Ultra
T5337,"65W USB-C Power Adapter, MacBook Pro M2, USB-C Charging Cable"
T5338,"65W USB-C Power Adapter, AirPods Pro (2nd Gen), MacBook Pro M4"
T5339,MacBook Pro M3
T5340,"Lightning Charging Cable, Lightning EarPods, iPhone 14 Pro Max"
T5341,"Apple Pencil (USB-C), USB-C Charging Cable, iPad mini 6"
T5342,"Apple Pencil (USB-C), Screen Protector (iPad), USB-C Charging Cable, iPad mini 6"
T5343,"USB-C Charging Cable, iPad Smart Folio, iPad mini 7"
T5344,"Apple Magic Keyboard, Apple Magic Mouse, Mac mini M4"
T5345,"Apple Watch Charger, Apple Watch Series 8, Apple Watch Solo Loop"
T5346,"Lightning Charging Cable, iPhone 14 Pro, iPhone Case, iPhone MagSafe Charging Dock"
T5347,"Anker MagSafe Charging Dock, USB-C Charging Cable, USB-C EarPods, iPhone 16 Pro Max"
T5348,"Apple Pencil (USB-C), USB-C Charging Cable, iPad mini 7"
T5349,"Apple Magic Keyboard, Mac mini M2, USB-C Hub"
T5350,"Apple Pencil (USB-C), iPad mini 6"
T5351,"AirPods (3rd Gen), USB-C Charging Cable, iPhone 15 Plus, iPhone MagSafe Charging Dock"
T5352,"iPhone 15, iPhone MagSafe Charging Dock"
T5353,"Apple Pencil (USB-C), Screen Protector (iPad), USB-C Charging Cable, iPad Air M2"
T5354,"Apple Magic Keyboard, Apple Magic Mouse, JBL Charge 5, Mac mini M2 Pro, Studio Display, USB-C Hub"
T5355,"Anker MagSafe Charging Dock, USB-C Charging Cable, iPhone 16 Plus"
T5356,"Apple Magic Mouse, MacBook Air M3, USB-C Charging Cable"
T5357,"Anker MagSafe Charging Dock, Lightning Charging Cable, Lightning EarPods, iPhone 13 mini"
T5358,"Apple Watch Charger, Apple Watch Milanese Loop, Apple Watch Ultra 2, Screen Protector (Watch)"
T5359,"Anker MagSafe Charging Dock, Lightning Charging Cable, Lightning EarPods, iPhone 14 Pro Max, iPhone Case"
T5360,"Apple Watch Charger, Apple Watch Milanese Loop, Apple Watch Ultra"
T5361,MacBook Air M3
T5362,iPhone 14
T5363,"Apple Pencil (2nd Gen), Screen Protector (iPad), USB-C Charging Cable, iPad Magic Keyboard, iPad Pro M4 13-inch"
T5364,"AirPods Pro (2nd Gen), Belkin MagSafe Charging Stand, USB-C Charging Cable, iPhone 15 Plus, iPhone Case"
T5365,"Anker MagSafe Charging Dock, USB-C EarPods, iPhone 17, iPhone Case"
T5366,"Lightning Charging Cable, Lightning EarPods, Screen Protector, iPhone 14 Pro Max, iPhone MagSafe Charging Dock"
T5367,"65W USB-C Power Adapter, AirPods Pro (2nd Gen), Apple Magic Mouse, MacBook Pro M3, USB-C Charging Cable"
T5368,"Belkin MagSafe Charging Stand, Lightning Charging Cable, Lightning EarPods, iPhone 13 Pro Max, iPhone Case"
T5369,Apple Watch Ultra
T5370,"USB-C Charging Cable, USB-C EarPods, iPhone 16 Pro, iPhone Case, iPhone MagSafe Charging Dock"
T5371,"USB-C Charging Cable, iPhone 16 Plus, iPhone Case, iPhone MagSafe Charging Dock"
T5372,AirPods (3rd Gen)
T5373,"65W USB-C Power Adapter, External SSD 1TB, MacBook Pro M4, USB-C Charging Cable"
T5374,"Apple Magic Mouse, Mac mini M4"
T5375,"AirPods (3rd Gen), Anker MagSafe Charging Dock, USB-C Charging Cable, iPhone 17"
T5376,"AirPods Pro (2nd Gen), iPhone 17 Air, iPhone MagSafe Charging Dock"
T5377,"Apple Watch Milanese Loop, Apple Watch Ultra, Screen Protector (Watch)"
T5378,"Apple Watch Charger, Apple Watch Sport Band, Apple Watch Ultra 2"
T5379,iPad mini 6
T5380,"Apple Magic Mouse, MacBook Pro M1, USB-C Charging Cable"
T5381,"Anker MagSafe Charging Dock, Screen Protector, USB-C Charging Cable, iPhone 15 Plus, iPhone Case"
T5382,"Apple Pencil (USB-C), Screen Protector (iPad), iPad Smart Folio, iPad mini 7"
T5383,"AirPods (3rd Gen), Screen Protector, USB-C Charging Cable, iPhone 17 Pro Max, iPhone Case"
T5384,"Apple Pencil (USB-C), Screen Protector (iPad), iPad mini 7"
T5385,iPhone 13 mini
T5386,"USB-C Charging Cable, iPad Magic Keyboard, iPad Pro M4 13-inch"
T5387,iPhone 13 Pro Max
T5388,"Apple Watch Charger, Apple Watch Series 9, Apple Watch Solo Loop"
T5389,"AirPods Pro (2nd Gen), iPhone 13 mini, iPhone Case, iPhone MagSafe Charging Dock"
T5390,"MacBook Pro M3, USB-C Charging Cable"
T5391,"Belkin MagSafe Charging Stand, Lightning Charging Cable, Lightning EarPods, iPhone 13 Pro"
T5392,"USB-C Charging Cable, USB-C EarPods, iPhone 16 Pro Max, iPhone MagSafe Charging Dock"
T5393,"Apple Watch Charger, Apple Watch Series 8, Apple Watch Sport Band"
T5394,"Anker MagSafe Charging Dock, Screen Protector, USB-C EarPods, iPhone 16 Pro"
T5395,iPhone 16
T5396,"USB-C Charging Cable, USB-C EarPods, iPhone 17 Pro Max, iPhone MagSafe Charging Dock"
T5397,"Belkin MagSafe Charging Stand, Lightning Charging Cable, iPhone 14 Plus, iPhone Case"
T5398,"Anker MagSafe Charging Dock, USB-C Charging Cable, iPhone 15 Plus"
T5399,"Apple Watch Series 10, Apple Watch Trail Loop"
T5400,"30W USB-C Power Adapter, MacBook Air M2, USB-C Charging Cable"
T5401,"Anker MagSafe Charging Dock, USB-C EarPods, iPhone 17, iPhone Case"
T5402,"USB-C Charging Cable, iPad Smart Folio, iPad mini 6"
T5403,"Apple Magic Keyboard, Apple Magic Mouse, LG UltraFine 5K Display, Mac mini M2 Pro, USB-C Hub"
T5404,"65W USB-C Power Adapter, MacBook Pro M1, USB-C Charging Cable"
T5405,"Anker MagSafe Charging Dock, USB-C EarPods, iPhone 15 Pro Max"
T5406,"AirPods (3rd Gen), Anker MagSafe Charging Dock, Screen Protector, USB-C Charging Cable, iPhone 17 Pro"
T5407,"Anker MagSafe Charging Dock, USB-C Charging Cable, USB-C EarPods, iPhone 16"
T5408,"Screen Protector, iPhone 16 Pro"
T5409,"USB-C Charging Cable, USB-C EarPods, iPhone 17, iPhone MagSafe Charging Dock"
T5410,"AirPods Pro (2nd Gen), iPhone 17 Pro Max, iPhone MagSafe Charging Dock"
T5411,"USB-C EarPods, iPhone 15 Pro, iPhone Case, iPhone MagSafe Charging Dock"
T5412,"AirPods Pro (2nd Gen), Anker MagSafe Charging Dock, Screen Protector, USB-C Charging Cable, iPhone 17 Pro Max, iPhone Case"
T5413,"30W USB-C Power Adapter, Apple Magic Mouse, MacBook Air M1, USB-C Charging Cable"
T5414,"iPhone 16 Pro Max, iPhone Case, iPhone MagSafe Charging Dock"
T5415,"AirPods Pro (2nd Gen), Anker MagSafe Charging Dock, iPhone 17 Pro"
T5416,"Screen Protector (iPad), iPad Air M2, iPad Smart Folio"
T5417,iPad mini 6
T5418,"65W USB-C Power Adapter, AirPods Pro (2nd Gen), External SSD 1TB, MacBook Pro M2, USB-C Charging Cable"
T5419,"65W USB-C Power Adapter, AirPods Pro (2nd Gen), External SSD 1TB, MacBook Pro M4, USB-C Charging Cable"
T5420,Apple Watch Series 11
T5421,"Laptop Sleeve, MacBook Air M2, USB-C Charging Cable"
T5422,"Apple Watch Charger, Apple Watch Series 9, Apple Watch Sport Band"
T5423,"Apple Magic Mouse, Mac mini M2, Studio Display"
T5424,"USB-C Charging Cable, iPad Smart Folio, iPad mini 7"
T5425,"Apple Magic Mouse, LG UltraFine 5K Display, Mac mini M2, Marshall Emberton II"
T5426,"Anker MagSafe Charging Dock, Lightning Charging Cable, Lightning EarPods, iPhone 14 Plus"
T5427,Mac mini M4
T5428,"Apple Pencil (2nd Gen), iPad Magic Keyboard, iPad Pro M4 11-inch"
T5429,"Bose SoundLink Flex, Speaker Carry Case"
T5430,"USB-C Charging Cable, iPad Smart Folio, iPad mini 7"
T5431,"Belkin MagSafe Charging Stand, iPhone 16 Pro, iPhone Case"
T5432,"Lightning Charging Cable, Lightning EarPods, iPhone 14 Pro, iPhone Case"
T5433,"Lightning Charging Cable, Lightning EarPods, Screen Protector, iPhone 14 Pro, iPhone MagSafe Charging Dock"
T5434,"iPad Magic Keyboard, iPad Pro M4 13-inch"
T5435,"Apple Pencil (USB-C), USB-C Charging Cable, iPad Air M2, iPad Smart Folio"
T5436,"AirPods Pro (2nd Gen), Anker MagSafe Charging Dock, USB-C Charging Cable, iPhone 15 Plus"
T5437,MacBook Air M2
T5438,"Lightning Charging Cable, iPhone 13 mini"
T5439,AirPods (3rd Gen)
T5440,"Apple Magic Keyboard, Apple Magic Mouse, LG UltraFine 5K Display, Mac mini M2 Pro, Marshall Emberton II, USB-C Hub"
T5441,Apple Watch Series 9
T5442,"USB-C Charging Cable, iPad Air M2"
T5443,MacBook Air M4
T5444,"Apple Magic Mouse, MacBook Pro M2, USB-C Charging Cable"
T5445,"Apple Watch Milanese Loop, Apple Watch Ultra"
T5446,JBL Charge 5
T5447,"Anker MagSafe Charging Dock, USB-C Charging Cable, iPhone 15 Pro"
T5448,Apple Magic Keyboard
T5449,"Apple Watch Series 10, Apple Watch Solo Loop"
T5450,"30W USB-C Power Adapter, AirPods (3rd Gen), MacBook Air M2, USB-C Charging Cable"
T5451,"Apple Watch Charger, Apple Watch Series 11, Apple Watch Sport Band, Screen Protector (Watch)"
T5452,iPhone 17
T5453,"AirPods (3rd Gen), USB-C Charging Cable, iPhone 16 Pro"
T5454,"Anker MagSafe Charging Dock, Screen Protector, iPhone 16 Pro"
T5455,"30W USB-C Power Adapter, AirPods (3rd Gen), Apple Magic Mouse, Laptop Sleeve, MacBook Air M1"
T5456,iPhone 13
T5457,"Laptop Sleeve, MacBook Air M2"
T5458,"Lightning Charging Cable, Lightning EarPods, iPhone 14 Pro Max"
T5459,"Screen Protector, iPhone 13 Pro Max, iPhone Case"
T5460,"Apple Watch Charger, Apple Watch Series 10, Screen Protector (Watch)"
T5461,"USB-C Charging Cable, iPad mini 7"
T5462,Apple Watch Ultra 2
T5463,"30W USB-C Power Adapter, MacBook Air M3, USB-C Charging Cable"
T5464,Apple Watch Series 10
T5465,"Apple Magic Keyboard, Apple Magic Mouse, LG UltraFine 5K Display, Mac mini M2 Pro, Marshall Stanmore III, USB-C Hub"
T5466,"Apple Magic Mouse, MacBook Air M1"
T5467,"Apple Watch Charger, Apple Watch Sport Band, Apple Watch Ultra 2"
T5468,"Apple Magic Keyboard, Apple Magic Mouse, Mac mini M4"
T5469,"Apple Watch Series 8, Apple Watch Sport Band, Screen Protector (Watch)"
T5470,"AirPods Pro (2nd Gen), Anker MagSafe Charging Dock, Lightning Charging Cable, iPhone 14 Pro, iPhone Case"
T5471,"Apple Watch Charger, Apple Watch Series 8, Apple Watch Solo Loop"
T5472,"Apple Magic Mouse, Laptop Sleeve, MacBook Air M2"
T5473,"AirPods (3rd Gen), iPhone 17 Air, iPhone Case, iPhone MagSafe Charging Dock"
T5474,"Anker MagSafe Charging Dock, USB-C Charging Cable, USB-C EarPods, iPhone 16 Pro Max"
T5475,Apple Watch Ultra
T5476,"Apple Magic Keyboard, Apple Magic Mouse, Mac mini M2"
T5477,iPad 10th Gen
T5478,"65W USB-C Power Adapter, External SSD 1TB, MacBook Pro M4, USB-C Charging Cable"
T5479,iPad 10th Gen
T5480,"Anker MagSafe Charging Dock, USB-C EarPods, iPhone 17 Pro Max, iPhone Case"
T5481,"AirPods (3rd Gen), Belkin MagSafe Charging Stand, Screen Protector, USB-C Charging Cable, iPhone 15"
T5482,"AirPods (3rd Gen), MacBook Air M3, USB-C Charging Cable"
T5483,"Apple Watch Charger, Apple Watch Series 8, Apple Watch Solo Loop, Screen Protector (Watch)"
T5484,"Apple Watch Charger, Apple Watch Ultra"
T5485,"Lightning Charging Cable, iPhone 13 Pro, iPhone MagSafe Charging Dock"
T5486,"30W USB-C Power Adapter, Apple Magic Mouse, Laptop Sleeve, MacBook Air M3"
T5487,"iPhone 15 Pro, iPhone Case"
T5488,"Screen Protector (iPad), USB-C Charging Cable, iPad Smart Folio, iPad mini 7"
T5489,"AirPods Pro (2nd Gen), Belkin MagSafe Charging Stand, iPhone 14 Plus, iPhone Case"
T5490,"30W USB-C Power Adapter, Laptop Sleeve, MacBook Air M1, USB-C Charging Cable"
T5491,iPhone 16 Plus
T5492,"AirPods (3rd Gen), Anker MagSafe Charging Dock, Screen Protector, USB-C Charging Cable, iPhone 17"
T5493,"AirPods Pro (2nd Gen), USB-C Charging Cable, iPhone 15, iPhone MagSafe Charging Dock"
T5494,"AirPods (3rd Gen), Screen Protector, iPhone 16, iPhone MagSafe Charging Dock"
T5495,"30W USB-C Power Adapter, MacBook Air M2, USB-C Charging Cable"
T5496,MacBook Air M1
T5497,"Screen Protector (iPad), USB-C Charging Cable, iPad 10th Gen, iPad Smart Folio"
T5498,Apple Magic Keyboard
T5499,"AirPods Pro (2nd Gen), Lightning Charging Cable, Screen Protector, iPhone 14, iPhone MagSafe Charging Dock"
T5500,"Apple Magic Keyboard, Mac mini M2 Pro, USB-C Hub"
T5501,"USB-C Charging Cable, iPad Pro M4 13-inch"
T5502,"Apple Pencil (2nd Gen), USB-C Charging Cable, iPad Pro M4 13-inch"
T5503,"AirPods (3rd Gen), Belkin MagSafe Charging Stand, USB-C Charging Cable, iPhone 16 Pro Max"
T5504,"Anker MagSafe Charging Dock, Lightning Charging Cable, Lightning EarPods, Screen Protector, iPhone 14 Pro"
T5505,"Belkin MagSafe Charging Stand, Lightning EarPods, iPhone 14 Pro"
T5506,"65W USB-C Power Adapter, MacBook Pro M4, USB-C Charging Cable"
T5507,"USB-C Charging Cable, iPhone 16 Pro Max, iPhone MagSafe Charging Dock"
T5508,Mac mini M2 Pro
T5509,"Belkin MagSafe Charging Stand, USB-C EarPods, iPhone 16"
T5510,"Belkin MagSafe Charging Stand, USB-C EarPods, iPhone 16 Pro Max, iPhone Case"
T5511,"65W USB-C Power Adapter, Apple Magic Mouse, MacBook Pro M2"
T5512,Apple Watch Ultra
T5513,"Apple Watch Series 8, Apple Watch Trail Loop"
T5514,"USB-C Charging Cable, iPhone 16, iPhone Case"
T5515,MacBook Air M4
T5516,"AirPods (3rd Gen), USB-C Charging Cable, iPhone 15, iPhone MagSafe Charging Dock"
T5517,"Apple Watch Series 9, Apple Watch Sport Band"
T5518,"Apple Magic Mouse, Mac mini M4"
T5519,"Apple Magic Keyboard, Apple Magic Mouse, Mac mini M4"
T5520,"65W USB-C Power Adapter, Apple Magic Mouse, External SSD 1TB, MacBook Pro M4, USB-C Charging Cable"
T5521,"Lightning Charging Cable, Lightning EarPods, iPhone 13 Pro"
T5522,"30W USB-C Power Adapter, MacBook Air M1, USB-C Charging Cable"
T5523,"Apple Watch Trail Loop, Apple Watch Ultra 2"
T5524,"30W USB-C Power Adapter, MacBook Air M2, USB-C Charging Cable"
T5525,"Apple Magic Mouse, USB-C Charging Cable"
T5526,"Lightning EarPods, Screen Protector, iPhone 14 Plus"
T5527,"65W USB-C Power Adapter, MacBook Pro M4, USB-C Charging Cable"
T5528,"65W USB-C Power Adapter, Apple Magic Mouse, External SSD 1TB, MacBook Pro M2, USB-C Charging Cable"
T5529,"Lightning Charging Cable, Lightning EarPods, iPhone 14"
T5530,"AirPods (3rd Gen), iPhone 15 Pro, iPhone Case"
T5531,"AirPods Pro (2nd Gen), Screen Protector, USB-C Charging Cable, iPhone 15 Plus"
T5532,"Belkin MagSafe Charging Stand, Screen Protector, USB-C Charging Cable, iPhone 17"
T5533,"30W USB-C Power Adapter, AirPods (3rd Gen), Laptop Sleeve, MacBook Air M3, USB-C Charging Cable"
T5534,"MacBook Air M3, USB-C Charging Cable"
T5535,"Lightning Charging Cable, iPhone 13 Pro"
T5536,"Belkin MagSafe Charging Stand, Lightning EarPods, iPhone 13 Pro Max"
T5537,Apple Watch Series 8
T5538,"Apple Watch Milanese Loop, Apple Watch Ultra 2"
T5539,"65W USB-C Power Adapter, MacBook Pro M1, USB-C Charging Cable"
T5540,"Apple Watch Charger, Apple Watch Trail Loop, Apple Watch Ultra 2"
T5541,"Belkin MagSafe Charging Stand, Screen Protector, USB-C Charging Cable, iPhone 17"
T5542,"30W USB-C Power Adapter, MacBook Air M1"
T5543,"Lightning Charging Cable, Lightning EarPods, iPhone 14, iPhone Case, iPhone MagSafe Charging Dock"
T5544,"Bose SoundLink Flex, Speaker Carry Case"
T5545,"Belkin MagSafe Charging Stand, iPhone 17 Air, iPhone Case"
T5546,"65W USB-C Power Adapter, MacBook Pro M1"
T5547,"30W USB-C Power Adapter, AirPods (3rd Gen), MacBook Air M2, USB-C Charging Cable"
T5548,"USB-C Charging Cable, iPhone 16 Pro Max, iPhone MagSafe Charging Dock"
T5549,iPad Pro M4 11-inch
T5550,"Belkin MagSafe Charging Stand, USB-C EarPods, iPhone 16 Plus, iPhone Case"
T5551,"Lightning Charging Cable, Screen Protector, iPhone 14, iPhone MagSafe Charging Dock"
T5552,"Apple Magic Keyboard, Mac mini M2 Pro, Marshall Emberton II"
T5553,"Lightning Charging Cable, Lightning EarPods, Screen Protector, iPhone 14 Plus"
T5554,"30W USB-C Power Adapter, Apple Magic Mouse, MacBook Air M1, USB-C Charging Cable"
T5555,"AirPods Pro (2nd Gen), Anker MagSafe Charging Dock, Lightning Charging Cable, iPhone 13 Pro Max"
T5556,"USB-C Charging Cable, iPad Air M2"
T5557,"65W USB-C Power Adapter, External SSD 1TB, MacBook Pro M2"
T5558,"Anker MagSafe Charging Dock, Screen Protector, USB-C EarPods, iPhone 16 Plus, iPhone Case"
T5559,"65W USB-C Power Adapter, Apple Magic Mouse, External SSD 1TB, MacBook Pro M2"
T5560,"USB-C Charging Cable, USB-C EarPods, iPhone 17, iPhone Case"
T5561,"Screen Protector (iPad), USB-C Charging Cable, iPad Smart Folio, iPad mini 6"
T5562,"USB-C EarPods, iPhone 16 Plus, iPhone MagSafe Charging Dock"
T5563,"Apple Pencil (2nd Gen), Screen Protector (iPad), iPad Pro M4 13-inch"
T5564,Marshall Emberton II
T5565,"30W USB-C Power Adapter, AirPods (3rd Gen), Laptop Sleeve, MacBook Air M4"
T5566,MacBook Air M4
T5567,AirPods Pro (2nd Gen)
T5568,"Anker MagSafe Charging Dock, Lightning EarPods, iPhone 13 Pro Max"
T5569,"Apple Magic Mouse, MacBook Air M2"
T5570,"Belkin MagSafe Charging Stand, Lightning Charging Cable, Lightning EarPods, iPhone 14"
T5571,"USB-C EarPods, iPhone 15 Pro Max"
T5572,"Apple Watch Solo Loop, Apple Watch Ultra 2"
T5573,"Belkin MagSafe Charging Stand, Lightning Charging Cable, Lightning EarPods, Screen Protector, iPhone 13"
T5574,"MacBook Air M3, USB-C Charging Cable"
T5575,"Apple Watch Series 11, Apple Watch Trail Loop"
T5576,"Anker MagSafe Charging Dock, Lightning EarPods, iPhone 14"
T5577,"Apple Magic Keyboard, Apple Magic Mouse, Mac mini M2"
T5578,iPhone 17 Pro Max
T5579,"Belkin MagSafe Charging Stand, Screen Protector, USB-C Charging Cable, USB-C EarPods, iPhone 17 Air"
T5580,"Apple Pencil (2nd Gen), USB-C Charging Cable, iPad Magic Keyboard, iPad Pro M4 13-inch"
T5581,"30W USB-C Power Adapter, Apple Magic Mouse, MacBook Air M3"
T5582,"Belkin MagSafe Charging Stand, Lightning Charging Cable, Lightning EarPods, Screen Protector, iPhone 14, iPhone Case"
T5583,"65W USB-C Power Adapter, AirPods Pro (2nd Gen), MacBook Pro M3, USB-C Charging Cable"
T5584,"30W USB-C Power Adapter, Apple Magic Mouse, MacBook Air M1, USB-C Charging Cable"
T5585,"AirPods (3rd Gen), Anker MagSafe Charging Dock, USB-C Charging Cable, iPhone 16 Plus, iPhone Case"
T5586,MacBook Air M1
T5587,"USB-C Charging Cable, USB-C EarPods, iPhone 17 Pro Max"
T5588,"30W USB-C Power Adapter, AirPods (3rd Gen), MacBook Air M4, USB-C Charging Cable"
T5589,"Lightning Charging Cable, Lightning EarPods, iPhone 14, iPhone MagSafe Charging Dock"
T5590,"iPhone 16 Plus, iPhone MagSafe Charging Dock"
T5591,"30W USB-C Power Adapter, MacBook Air M3, USB-C Charging Cable"
T5592,AirPods Pro (2nd Gen)
T5593,iPad Pro M4 13-inch
T5594,"Screen Protector, USB-C Charging Cable, iPhone 16 Pro Max, iPhone MagSafe Charging Dock"
T5595,Bose SoundLink Flex
T5596,"Belkin MagSafe Charging Stand, Lightning Charging Cable, iPhone 13 Pro Max, iPhone Case"
T5597,"Belkin MagSafe Charging Stand, Lightning Charging Cable, Lightning EarPods, iPhone 13 mini"
T5598,"AirPods (3rd Gen), Anker MagSafe Charging Dock, iPhone 17 Air"
T5599,"65W USB-C Power Adapter, Apple Magic Mouse, MacBook Pro M1, USB-C Charging Cable"
T5600,"Anker MagSafe Charging Dock, Lightning Charging Cable, iPhone 13"
T5601,"Anker MagSafe Charging Dock, Screen Protector, USB-C Charging Cable, iPhone 15"
T5602,"Apple Watch Charger, Apple Watch Series 9, Apple Watch Solo Loop"
T5603,"Apple Pencil (USB-C), Screen Protector (iPad), USB-C Charging Cable, iPad Air M2"
T5604,JBL Charge 5
T5605,"Apple Magic Keyboard, Apple Magic Mouse, Mac mini M2, USB-C Hub"
T5606,"iPhone 15 Pro, iPhone Case"
T5607,"Apple Magic Mouse, MacBook Air M3, USB-C Charging Cable"
T5608,"USB-C EarPods, iPhone 15 Pro Max"
T5609,"MacBook Air M1, USB-C Charging Cable"
T5610,"Mac mini M2 Pro, Marshall Emberton II"
T5611,"Apple Pencil (USB-C), USB-C Charging Cable, iPad 10th Gen"
T5612,"AirPods Pro (2nd Gen), Belkin MagSafe Charging Stand, Lightning Charging Cable, iPhone 13 Pro Max, iPhone Case"
T5613,"30W USB-C Power Adapter, Laptop Sleeve, MacBook Air M3, USB-C Charging Cable"
T5614,"30W USB-C Power Adapter, MacBook Air M3, USB-C Charging Cable"
T5615,"USB-C Charging Cable, iPhone 17 Air"
T5616,"30W USB-C Power Adapter, MacBook Air M3, USB-C Charging Cable"
T5617,"Screen Protector, USB-C Charging Cable, USB-C EarPods, iPhone 15 Pro Max, iPhone MagSafe Charging Dock"
T5618,"Apple Pencil (2nd Gen), USB-C Charging Cable, iPad Pro M4 13-inch"
T5619,"65W USB-C Power Adapter, AirPods Pro (2nd Gen), Apple Magic Mouse, MacBook Pro M2"
T5620,"Anker MagSafe Charging Dock, USB-C Charging Cable, USB-C EarPods, iPhone 16 Plus"
T5621,"Lightning EarPods, Screen Protector, iPhone 14 Pro, iPhone MagSafe Charging Dock"
T5622,"AirPods Pro (2nd Gen), Belkin MagSafe Charging Stand, Lightning Charging Cable, iPhone 13"
T5623,"65W USB-C Power Adapter, AirPods Pro (2nd Gen), Apple Magic Mouse, External SSD 1TB, MacBook Pro M1, USB-C Charging Cable"
T5624,MacBook Air M3
T5625,JBL Charge 5
T5626,"Lightning Charging Cable, iPhone 13 Pro"
T5627,"Belkin MagSafe Charging Stand, USB-C Charging Cable, iPhone 15 Plus, iPhone Case"
T5628,"Anker MagSafe Charging Dock, Screen Protector, USB-C Charging Cable, USB-C EarPods, iPhone 16 Plus"
T5629,Mac mini M4
T5630,iPhone 13 Pro Max
T5631,"65W USB-C Power Adapter, AirPods Pro (2nd Gen), MacBook Pro M3"
T5632,"USB-C EarPods, iPhone 16, iPhone Case"
T5633,iPhone 17 Air
T5634,"Apple Magic Keyboard, Apple Magic Mouse, Mac mini M2 Pro, Marshall Stanmore III, Studio Display, USB-C Hub"
T5635,"Anker MagSafe Charging Dock, Lightning Charging Cable, Lightning EarPods, Screen Protector, iPhone 13 Pro Max, iPhone Case"
T5636,"Apple Magic Mouse, Laptop Sleeve, MacBook Air M2, USB-C Charging Cable"
T5637,iPad 10th Gen
T5638,"30W USB-C Power Adapter, Apple Magic Mouse, MacBook Air M2, USB-C Charging Cable"
T5639,"Lightning EarPods, iPhone 14 Pro"
T5640,"AirPods Pro (2nd Gen), USB-C Charging Cable, iPhone 15 Pro Max, iPhone MagSafe Charging Dock"
T5641,"Apple Watch Charger, Apple Watch Trail Loop, Apple Watch Ultra, Screen Protector (Watch)"
T5642,"Lightning Charging Cable, Lightning EarPods, Screen Protector, iPhone 14 Pro Max"
T5643,iPhone 15 Plus
T5644,"Anker MagSafe Charging Dock, USB-C Charging Cable, USB-C EarPods, iPhone 17 Air"
T5645,"AirPods (3rd Gen), USB-C Charging Cable, iPhone 17 Pro Max, iPhone Case"
T5646,"Belkin MagSafe Charging Stand, USB-C Charging Cable, USB-C EarPods, iPhone 17 Pro Max, iPhone Case"
T5647,"Apple Watch Charger, Apple Watch Ultra, Screen Protector (Watch)"
T5648,"Screen Protector, USB-C EarPods, iPhone 16 Pro, iPhone Case, iPhone MagSafe Charging Dock"
T5649,"Apple Watch Charger, Apple Watch Trail Loop, Apple Watch Ultra"
T5650,"USB-C Charging Cable, iPhone 15 Plus"
T5651,MacBook Air M2
T5652,"Apple Pencil (USB-C), iPad Air M2"
T5653,"AirPods Pro (2nd Gen), Belkin MagSafe Charging Stand, Lightning Charging Cable, iPhone 13 Pro"
T5654,"Apple Magic Mouse, MacBook Air M2, USB-C Charging Cable"
T5655,"AirPods (3rd Gen), USB-C Charging Cable, iPhone 17 Air, iPhone MagSafe Charging Dock"
T5656,"Screen Protector, USB-C EarPods, iPhone 15 Pro Max, iPhone Case, iPhone MagSafe Charging Dock"
T5657,iPhone 15
T5658,"Belkin MagSafe Charging Stand, Lightning Charging Cable, Lightning EarPods, iPhone 14 Pro"
T5659,MacBook Air M1
T5660,"AirPods Pro (2nd Gen), Belkin MagSafe Charging Stand, Screen Protector, iPhone 17 Air"
T5661,iPhone 14 Pro
T5662,"30W USB-C Power Adapter, Apple Magic Mouse, MacBook Air M1, USB-C Charging Cable"
T5663,"AirPods Pro (2nd Gen), Anker MagSafe Charging Dock, iPhone 14 Plus, iPhone Case"
T5664,"65W USB-C Power Adapter, MacBook Pro M4"
T5665,"30W USB-C Power Adapter, Laptop Sleeve, MacBook Air M2"
T5666,"30W USB-C Power Adapter, Apple Magic Mouse, MacBook Air M4, USB-C Charging Cable"
T5667,"AirPods Pro (2nd Gen), Screen Protector, USB-C Charging Cable, iPhone 15 Plus, iPhone MagSafe Charging Dock"
T5668,"30W USB-C Power Adapter, Apple Magic Mouse, MacBook Air M2, USB-C Charging Cable"
T5669,AirPods (3rd Gen)
T5670,iPad mini 6
T5671,"Lightning Charging Cable, iPhone 13 Pro, iPhone Case, iPhone MagSafe Charging Dock"
T5672,"65W USB-C Power Adapter, Apple Magic Keyboard, Apple Magic Mouse, External SSD 1TB, MacBook Pro M4, USB-C Charging Cable"
T5673,Apple Watch Series 9
T5674,"USB-C Charging Cable, iPhone 17 Air"
T5675,"Belkin MagSafe Charging Stand, Lightning EarPods, iPhone 13 Pro Max, iPhone Case"
T5676,"AirPods (3rd Gen), Screen Protector, iPhone 16 Plus, iPhone MagSafe Charging Dock"
T5677,"Screen Protector (iPad), USB-C Charging Cable, iPad mini 7"
T5678,"Apple Watch Charger, Apple Watch Series 10, Apple Watch Sport Band"
T5679,"Apple Watch Charger, Apple Watch Milanese Loop, Apple Watch Ultra 2, Screen Protector (Watch)"
T5680,"Belkin MagSafe Charging Stand, Lightning EarPods, iPhone 14 Pro Max"
T5681,"USB-C Charging Cable, iPhone 17 Pro"
T5682,"Belkin MagSafe Charging Stand, Lightning Charging Cable, Lightning EarPods, iPhone 13 Pro"
T5683,"Apple Pencil (2nd Gen), iPad Magic Keyboard, iPad Pro M4 13-inch"
T5684,"AirPods (3rd Gen), USB-C Charging Cable"
T5685,"AirPods Pro (2nd Gen), USB-C Charging Cable, iPhone 17 Air, iPhone MagSafe Charging Dock"
T5686,"65W USB-C Power Adapter, MacBook Pro M4, USB-C Charging Cable"
T5687,"Anker MagSafe Charging Dock, Lightning Charging Cable, Lightning EarPods, iPhone 13 Pro Max, iPhone Case"
T5688,"Apple Pencil (USB-C), USB-C Charging Cable, iPad Air M2"
T5689,"Apple Magic Mouse, MacBook Air M4, USB-C Charging Cable"
T5690,"Belkin MagSafe Charging Stand, Lightning Charging Cable, iPhone 13 Pro Max, iPhone Case"
T5691,"Apple Pencil (2nd Gen), Screen Protector (iPad), iPad Magic Keyboard, iPad Pro M4 11-inch"
T5692,"Belkin MagSafe Charging Stand, Lightning Charging Cable, Lightning EarPods, iPhone 13 Pro Max"
T5693,"Screen Protector, USB-C Charging Cable, USB-C EarPods, iPhone 16 Plus, iPhone MagSafe Charging Dock"
T5694,"Bose SoundLink Flex, Speaker Carry Case, USB-C Charging Cable"
T5695,iPad mini 7
T5696,"AirPods Pro (2nd Gen), Anker MagSafe Charging Dock, USB-C Charging Cable, iPhone 16 Plus"
T5697,"Apple Pencil (USB-C), iPad Smart Folio, iPad mini 7"
T5698,"65W USB-C Power Adapter, MacBook Pro M2, USB-C Charging Cable"
T5699,"AirPods Pro (2nd Gen), Lightning Charging Cable, iPhone 14 Plus, iPhone MagSafe Charging Dock"
T5700,Mac mini M4
T5701,"Apple Magic Keyboard, Apple Magic Mouse, Mac mini M2 Pro, Studio Display"
T5702,"Apple Pencil (USB-C), iPad Smart Folio, iPad mini 7"
T5703,"USB-C Charging Cable, iPhone 15 Plus, iPhone MagSafe Charging Dock"
T5704,"Apple Magic Keyboard, Apple Magic Mouse, Mac mini M2"
T5705,"Belkin MagSafe Charging Stand, Lightning Charging Cable, Screen Protector, iPhone 14 Plus, iPhone Case"
T5706,MacBook Pro M2
T5707,"30W USB-C Power Adapter, Apple Magic Mouse, MacBook Air M3"
T5708,iPhone 16 Plus
T5709,iPhone 14 Plus
T5710,"Apple Magic Mouse, Mac mini M2 Pro, USB-C Hub"
T5711,Mac mini M4
T5712,"Apple Watch Milanese Loop, Apple Watch Series 9"
T5713,Marshall Stanmore III
T5714,"USB-C EarPods, iPhone 16 Pro Max, iPhone MagSafe Charging Dock"
T5715,MacBook Air M1
T5716,iPhone 14 Pro
T5717,"Lightning Charging Cable, Lightning EarPods, Screen Protector, iPhone 14 Pro Max"
T5718,"30W USB-C Power Adapter, AirPods (3rd Gen), MacBook Air M4, USB-C Charging Cable"
T5719,"Apple Watch Charger, Apple Watch Series 9, Apple Watch Solo Loop"
T5720,"Belkin MagSafe Charging Stand, Lightning Charging Cable, Lightning EarPods, Screen Protector, iPhone 13 Pro Max, iPhone Case"
T5721,"Apple Pencil (2nd Gen), iPad Magic Keyboard, iPad Pro M4 13-inch"
T5722,iPad mini 6
T5723,MacBook Air M2
T5724,"AirPods Pro (2nd Gen), Anker MagSafe Charging Dock, Lightning Charging Cable, Screen Protector, iPhone 13 Pro, iPhone Case"
T5725,"AirPods Pro (2nd Gen), USB-C Charging Cable"
T5726,"Marshall Emberton II, Speaker Carry Case"
T5727,"AirPods (3rd Gen), Anker MagSafe Charging Dock, Lightning Charging Cable, iPhone 13 Pro Max"
T5728,"Apple Watch Charger, Apple Watch Series 8, Apple Watch Trail Loop"
T5729,"Lightning Charging Cable, Lightning EarPods, iPhone 14 Plus"
T5730,"Lightning Charging Cable, iPhone 14, iPhone Case, iPhone MagSafe Charging Dock"
T5731,"AirPods Pro (2nd Gen), USB-C Charging Cable, iPhone 16 Pro Max, iPhone Case"
T5732,"Apple Pencil (USB-C), Screen Protector (iPad), iPad Smart Folio, iPad mini 6"
T5733,"Belkin MagSafe Charging Stand, iPhone 13 Pro Max, iPhone Case"
T5734,"Screen Protector, USB-C Charging Cable, USB-C EarPods, iPhone 17 Pro Max"
T5735,iPad mini 7
T5736,"Apple Magic Keyboard, Apple Magic Mouse, LG UltraFine 5K Display, Mac mini M2"
T5737,"Anker MagSafe Charging Dock, Lightning Charging Cable, Lightning EarPods, Screen Protector, iPhone 14 Plus, iPhone Case"
T5738,"Belkin MagSafe Charging Stand, Lightning Charging Cable, Lightning EarPods, iPhone 13 Pro"
T5739,"Apple Magic Mouse, Mac mini M4"
T5740,"Screen Protector, USB-C Charging Cable, USB-C EarPods, iPhone 17 Air, iPhone MagSafe Charging Dock"
T5741,Apple Watch Series 10
T5742,"JBL Flip 6, Speaker Carry Case"
T5743,"Apple Watch Solo Loop, Apple Watch Ultra, Screen Protector (Watch)"
T5744,"Apple Watch Charger, Apple Watch Milanese Loop, Apple Watch Series 8"
T5745,MacBook Air M3
T5746,"Belkin MagSafe Charging Stand, Screen Protector, USB-C EarPods, iPhone 16 Pro, iPhone Case"
T5747,"Lightning Charging Cable, Lightning EarPods, iPhone 13 Pro, iPhone MagSafe Charging Dock"
T5748,"Apple Magic Keyboard, Apple Magic Mouse, JBL Charge 5, Mac mini M2 Pro"
T5749,iPhone 13
T5750,"Anker MagSafe Charging Dock, USB-C EarPods, iPhone 16, iPhone Case"
T5751,"Screen Protector, USB-C Charging Cable, iPhone 16 Pro, iPhone MagSafe Charging Dock"
T5752,iPhone 13
T5753,"30W USB-C Power Adapter, MacBook Air M1, USB-C Charging Cable"
T5754,"USB-C Charging Cable, iPhone 17 Air"
T5755,"Belkin MagSafe Charging Stand, Lightning Charging Cable, iPhone 13 mini, iPhone Case"
T5756,"Apple Magic Keyboard, Apple Magic Mouse, JBL Charge 5, LG UltraFine 5K Display, Mac mini M2 Pro"
T5757,"Lightning EarPods, iPhone 13 Pro, iPhone MagSafe Charging Dock"
T5758,Apple Watch Series 9
T5759,"Apple Magic Mouse, LG UltraFine 5K Display, Mac mini M2 Pro"
T5760,"Apple Magic Mouse, Mac mini M2"
T5761,"Belkin MagSafe Charging Stand, Screen Protector, USB-C Charging Cable, iPhone 17"
T5762,iPhone 17 Pro Max
T5763,"AirPods Pro (2nd Gen), Anker MagSafe Charging Dock, USB-C Charging Cable, iPhone 17 Pro, iPhone Case"
T5764,"AirPods (3rd Gen), USB-C Charging Cable, iPhone 15 Plus, iPhone Case"
T5765,"Apple Watch Charger, Apple Watch Milanese Loop, Apple Watch Series 9"
T5766,"65W USB-C Power Adapter, AirPods Pro (2nd Gen), MacBook Pro M1"
T5767,"USB-C Charging Cable, USB-C EarPods, iPhone 17 Pro Max"
T5768,"USB-C Charging Cable, USB-C EarPods, iPhone 16 Plus"
T5769,"Belkin MagSafe Charging Stand, USB-C Charging Cable, iPhone 16 Pro"
T5770,"Anker MagSafe Charging Dock, USB-C Charging Cable, iPhone 15, iPhone Case"
T5771,"Apple Pencil (2nd Gen), USB-C Charging Cable, iPad Pro M4 13-inch"
T5772,"65W USB-C Power Adapter, Apple Magic Mouse, External SSD 1TB, MacBook Pro M1, USB-C Charging Cable"
T5773,"Apple Watch Trail Loop, Apple Watch Ultra 2"
T5774,"USB-C Charging Cable, USB-C EarPods, iPhone 17 Pro, iPhone Case"
T5775,"AirPods Pro (2nd Gen), Lightning Charging Cable, iPhone 13 Pro Max, iPhone MagSafe Charging Dock"
T5776,"Apple Watch Charger, Apple Watch Milanese Loop, Apple Watch Series 8"
T5777,"Apple Watch Series 9, Screen Protector (Watch)"
T5778,"Lightning Charging Cable, Lightning EarPods, iPhone 14 Pro Max, iPhone MagSafe Charging Dock"
T5779,iPhone 14 Pro Max
T5780,MacBook Air M4
T5781,MacBook Pro M3
T5782,"Apple Watch Charger, Apple Watch Series 10, Apple Watch Trail Loop"
T5783,"USB-C Charging Cable, iPhone 17 Pro Max, iPhone MagSafe Charging Dock"
T5784,iPhone 13 mini
T5785,"Apple Magic Keyboard, Apple Magic Mouse, Mac mini M4, Marshall Stanmore III, Studio Display, USB-C Hub"
T5786,"65W USB-C Power Adapter, Apple Magic Keyboard, Apple Magic Mouse, MacBook Pro M2, USB-C Charging Cable"
T5787,"Apple Watch Series 8, Apple Watch Trail Loop"
T5788,"USB-C Charging Cable, iPhone 17 Pro Max"
T5789,"Apple Magic Keyboard, JBL Flip 6, Mac mini M2 Pro"
T5790,"Anker MagSafe Charging Dock, USB-C Charging Cable, USB-C EarPods, iPhone 17 Air"
T5791,"Anker MagSafe Charging Dock, Screen Protector, USB-C EarPods, iPhone 15 Pro Max, iPhone Case"
T5792,"Belkin MagSafe Charging Stand, Lightning Charging Cable, Lightning EarPods, iPhone 14"
T5793,"AirPods (3rd Gen), USB-C Charging Cable, iPhone 15 Pro Max, iPhone Case, iPhone MagSafe Charging Dock"
T5794,"AirPods Pro (2nd Gen), Belkin MagSafe Charging Stand, iPhone 13 Pro"
T5795,"Apple Watch Charger, Apple Watch Series 8, Apple Watch Sport Band"
T5796,JBL Flip 6
T5797,iPad Pro M4 13-inch
T5798,"USB-C EarPods, iPhone 15 Plus"
T5799,Apple Magic Keyboard
T5800,"USB-C Charging Cable, iPad Magic Keyboard, iPad Pro M4 13-inch"
T5801,"Belkin MagSafe Charging Stand, Lightning Charging Cable, Lightning EarPods, iPhone 13 Pro Max"
T5802,MacBook Pro M4
T5803,"AirPods (3rd Gen), Apple Magic Mouse, MacBook Air M4"
T5804,"AirPods Pro (2nd Gen), Belkin MagSafe Charging Stand, Screen Protector, iPhone 16 Plus"
T5805,"Apple Watch Charger, Apple Watch Series 10, Screen Protector (Watch)"
T5806,Apple Watch Series 10
T5807,"Anker MagSafe Charging Dock, Screen Protector, USB-C Charging Cable, iPhone 16"
T5808,"AirPods (3rd Gen), iPhone 13 mini, iPhone MagSafe Charging Dock"
T5809,"Apple Watch Charger, Apple Watch Milanese Loop, Apple Watch Series 10"
T5810,"Lightning Charging Cable, Lightning EarPods, iPhone 14 Plus"
T5811,"AirPods (3rd Gen), Screen Protector, iPhone 16"
T5812,"65W USB-C Power Adapter, MacBook Pro M4, USB-C Charging Cable"
T5813,"65W USB-C Power Adapter, Apple Magic Mouse, MacBook Pro M2, USB-C Charging Cable"
T5814,"65W USB-C Power Adapter, Apple Magic Keyboard, MacBook Pro M1, USB-C Charging Cable"
T5815,"USB-C Charging Cable, iPad Air M2, iPad Smart Folio"
T5816,"30W USB-C Power Adapter, MacBook Air M4, USB-C Charging Cable"
T5817,"AirPods (3rd Gen), Anker MagSafe Charging Dock, USB-C Charging Cable, iPhone 17"
T5818,"30W USB-C Power Adapter, AirPods (3rd Gen), MacBook Air M1, USB-C Charging Cable"
T5819,"30W USB-C Power Adapter, Apple Magic Mouse, Laptop Sleeve, MacBook Air M1, USB-C Charging Cable"
T5820,"AirPods Pro (2nd Gen), Belkin MagSafe Charging Stand, iPhone 14 Pro Max"
T5821,"Anker MagSafe Charging Dock, Lightning Charging Cable, iPhone 14 Plus"
T5822,"30W USB-C Power Adapter, Apple Magic Mouse, MacBook Air M3"
T5823,"AirPods (3rd Gen), iPhone 14 Pro Max"
T5824,"Apple Watch Charger, Apple Watch Milanese Loop, Apple Watch Ultra"
T5825,"Apple Watch Charger, Apple Watch Trail Loop, Apple Watch Ultra"
T5826,"Apple Watch Series 8, Apple Watch Solo Loop"
T5827,"65W USB-C Power Adapter, External SSD 1TB, MacBook Pro M2, USB-C Charging Cable"
T5828,"USB-C Charging Cable, iPhone 16 Plus, iPhone Case"
T5829,"Belkin MagSafe Charging Stand, USB-C EarPods, iPhone 16 Pro Max, iPhone Case"
T5830,"Belkin MagSafe Charging Stand, USB-C Charging Cable, USB-C EarPods, iPhone 17"
T5831,iPhone 14 Pro Max
T5832,"30W USB-C Power Adapter, AirPods (3rd Gen), Laptop Sleeve, MacBook Air M3, USB-C Charging Cable"
T5833,"Apple Pencil (2nd Gen), iPad Magic Keyboard, iPad Pro M4 11-inch"
T5834,"AirPods (3rd Gen), iPhone 13, iPhone MagSafe Charging Dock"
T5835,"Apple Pencil (USB-C), USB-C Charging Cable, iPad mini 7"
T5836,"65W USB-C Power Adapter, MacBook Pro M1, USB-C Charging Cable"
T5837,"Anker MagSafe Charging Dock, Lightning Charging Cable, Lightning EarPods, iPhone 14 Pro, iPhone Case"
T5838,"Screen Protector, iPhone 13 mini, iPhone MagSafe Charging Dock"
T5839,"30W USB-C Power Adapter, MacBook Air M3"
T5840,"Apple Pencil (USB-C), USB-C Charging Cable, iPad 10th Gen"
T5841,"USB-C Charging Cable, USB-C EarPods, iPhone 16 Pro"
T5842,"AirPods Pro (2nd Gen), Anker MagSafe Charging Dock, Lightning Charging Cable, Screen Protector, iPhone 13 mini"
T5843,"Apple Magic Keyboard, Apple Magic Mouse, Mac mini M2, Marshall Emberton II"
T5844,"AirPods Pro (2nd Gen), iPhone 14 Pro"
T5845,Mac mini M4
T5846,"Screen Protector, USB-C EarPods, iPhone 16"
T5847,"AirPods (3rd Gen), iPhone 13"
T5848,MacBook Air M1
T5849,"USB-C Charging Cable, iPad mini 7"
T5850,"Lightning Charging Cable, Lightning EarPods, iPhone 14, iPhone Case"
T5851,MacBook Air M4
T5852,"AirPods (3rd Gen), USB-C Charging Cable"
T5853,"Apple Watch Series 11, Apple Watch Solo Loop"
T5854,"Apple Watch Charger, Apple Watch Milanese Loop, Apple Watch Series 8"
T5855,JBL Charge 5
T5856,iPhone 15 Pro Max
T5857,"Apple Watch Series 8, Apple Watch Solo Loop"
T5858,"Apple Watch Charger, Apple Watch Milanese Loop, Apple Watch Ultra"
T5859,"Anker MagSafe Charging Dock, Lightning Charging Cable, iPhone 14 Pro"
T5860,"USB-C Charging Cable, USB-C EarPods, iPhone 17 Pro Max, iPhone Case, iPhone MagSafe Charging Dock"
T5861,AirPods Pro (2nd Gen)
T5862,iPad Pro M4 13-inch
T5863,"Belkin MagSafe Charging Stand, USB-C Charging Cable, USB-C EarPods, iPhone 17 Pro"
T5864,MacBook Air M4
T5865,iPhone 13 Pro Max
T5866,"Apple Pencil (USB-C), iPad Smart Folio, iPad mini 6"
T5867,"Belkin MagSafe Charging Stand, USB-C Charging Cable, USB-C EarPods, iPhone 16 Plus, iPhone Case"
T5868,"Screen Protector, USB-C EarPods, iPhone 15"
T5869,"Belkin MagSafe Charging Stand, USB-C Charging Cable, iPhone 16 Pro Max"
T5870,"Apple Magic Keyboard, Apple Magic Mouse, Mac mini M4"
T5871,"USB-C Charging Cable, iPad Smart Folio, iPad mini 6"
T5872,"Apple Watch Trail Loop, Apple Watch Ultra 2"
T5873,"Lightning Charging Cable, iPhone 13 Pro Max, iPhone Case"
T5874,Mac mini M4
T5875,"AirPods (3rd Gen), Belkin MagSafe Charging Stand, Lightning Charging Cable, Screen Protector, iPhone 14 Pro"
T5876,"AirPods (3rd Gen), Screen Protector, USB-C Charging Cable, iPhone 16 Pro Max, iPhone Case"
T5877,"30W USB-C Power Adapter, MacBook Air M1, USB-C Charging Cable"
T5878,"65W USB-C Power Adapter, External SSD 1TB, MacBook Pro M1, USB-C Charging Cable"
T5879,"Apple Watch Charger, Apple Watch Series 9, Apple Watch Sport Band, Screen Protector (Watch)"
T5880,"AirPods (3rd Gen), Anker MagSafe Charging Dock, Lightning Charging Cable, iPhone 14 Pro Max"
T5881,"Anker MagSafe Charging Dock, USB-C Charging Cable, USB-C EarPods, iPhone 16 Pro"
T5882,"Apple Magic Keyboard, MacBook Pro M3, USB-C Charging Cable"
T5883,"AirPods Pro (2nd Gen), USB-C Charging Cable, iPhone 16 Pro Max"
T5884,Apple Watch Ultra
T5885,iPhone 16
T5886,"Anker MagSafe Charging Dock, USB-C Charging Cable, iPhone 16 Plus"
T5887,"Apple Watch Charger, Apple Watch Trail Loop, Apple Watch Ultra"
T5888,"Anker MagSafe Charging Dock, USB-C EarPods, iPhone 17 Air, iPhone Case"
T5889,"Anker MagSafe Charging Dock, Lightning EarPods, Screen Protector, iPhone 14 Pro"
T5890,"MacBook Air M2, USB-C Charging Cable"
T5891,"Apple Watch Solo Loop, Apple Watch Ultra 2"
T5892,"iPhone 14 Pro Max, iPhone Case"
T5893,"USB-C Charging Cable, USB-C EarPods, iPhone 16 Pro, iPhone MagSafe Charging Dock"
T5894,"USB-C Charging Cable, iPad Smart Folio, iPad mini 6"
T5895,"USB-C EarPods, iPhone 15 Pro Max, iPhone Case"
T5896,"65W USB-C Power Adapter, Apple Magic Mouse, MacBook Pro M4, USB-C Charging Cable"
T5897,"Lightning Charging Cable, Lightning EarPods, iPhone 13 Pro"
T5898,"65W USB-C Power Adapter, AirPods Pro (2nd Gen), Apple Magic Mouse, MacBook Pro M3, USB-C Charging Cable"
T5899,"65W USB-C Power Adapter, AirPods Pro (2nd Gen), Apple Magic Mouse, MacBook Pro M4, USB-C Charging Cable"
T5900,"Anker MagSafe Charging Dock, Lightning Charging Cable, Lightning EarPods, iPhone 14, iPhone Case"
T5901,"MacBook Air M1, USB-C Charging Cable"
T5902,"USB-C Charging Cable, USB-C EarPods, iPhone 17 Pro Max, iPhone Case, iPhone MagSafe Charging Dock"
T5903,"AirPods (3rd Gen), Screen Protector, iPhone 13 mini, iPhone Case"
T5904,"30W USB-C Power Adapter, Apple Magic Mouse, Laptop Sleeve, MacBook Air M1, USB-C Charging Cable"
T5905,"Anker MagSafe Charging Dock, USB-C Charging Cable, iPhone 16 Pro Max"
T5906,iPhone 14 Pro Max
T5907,"Apple Watch Charger, Apple Watch Series 11, Apple Watch Solo Loop, Screen Protector (Watch)"
T5908,"Apple Watch Charger, Apple Watch Trail Loop, Apple Watch Ultra"
T5909,"Anker MagSafe Charging Dock, USB-C EarPods, iPhone 15 Pro"
T5910,Apple Watch Ultra
T5911,"65W USB-C Power Adapter, Apple Magic Mouse, MacBook Pro M2, USB-C Charging Cable"
T5912,iPad 10th Gen
T5913,"Screen Protector, iPhone 15 Pro Max"
T5914,"Apple Watch Trail Loop, Apple Watch Ultra 2"
T5915,"Belkin MagSafe Charging Stand, Lightning Charging Cable, iPhone 13 mini"
T5916,iPhone 17
T5917,MacBook Pro M2
T5918,"30W USB-C Power Adapter, Apple Magic Mouse, MacBook Air M4"
T5919,"Apple Watch Sport Band, Apple Watch Ultra"
T5920,"Apple Pencil (2nd Gen), USB-C Charging Cable, iPad Magic Keyboard, iPad Pro M4 13-inch"
T5921,JBL Flip 6
T5922,"Anker MagSafe Charging Dock, USB-C Charging Cable, USB-C EarPods, iPhone 16 Pro Max"
T5923,iPhone 14
T5924,"Lightning Charging Cable, Lightning EarPods, iPhone 14 Pro"
T5925,"Screen Protector, USB-C Charging Cable, iPhone 15 Pro Max"
T5926,iPhone 16 Pro
T5927,"Apple Watch Charger, Apple Watch Milanese Loop, Apple Watch Series 10"
T5928,"AirPods Pro (2nd Gen), Belkin MagSafe Charging Stand, USB-C Charging Cable, iPhone 17 Pro Max"
T5929,"MacBook Pro M2, USB-C Charging Cable"
T5930,AirPods (3rd Gen)
T5931,"Apple Watch Charger, Apple Watch Milanese Loop, Apple Watch Series 9"
T5932,"Apple Pencil (USB-C), Screen Protector (iPad), USB-C Charging Cable, iPad Smart Folio, iPad mini 6"
T5933,"Belkin MagSafe Charging Stand, USB-C Charging Cable, USB-C EarPods, iPhone 16 Plus, iPhone Case"
T5934,"USB-C Charging Cable, USB-C EarPods, iPhone 15 Pro Max, iPhone Case, iPhone MagSafe Charging Dock"
T5935,"Apple Watch Charger, Apple Watch Milanese Loop, Apple Watch Series 8"
T5936,"Belkin MagSafe Charging Stand, iPhone 15 Pro, iPhone Case"
T5937,iPad 10th Gen
T5938,"Apple Pencil (2nd Gen), iPad Pro M4 13-inch"
T5939,"USB-C Charging Cable, iPhone 15"
T5940,"AirPods (3rd Gen), Anker MagSafe Charging Dock, USB-C Charging Cable, iPhone 16 Plus, iPhone Case"
T5941,iPhone 17
T5942,"Apple Watch Charger, Apple Watch Milanese Loop, Apple Watch Ultra"
T5943,MacBook Air M2
T5944,"Lightning Charging Cable, iPhone 13"
T5945,"Apple Pencil (USB-C), iPad mini 6"
T5946,"USB-C EarPods, iPhone 16 Plus, iPhone MagSafe Charging Dock"
T5947,"Anker MagSafe Charging Dock, Screen Protector, USB-C Charging Cable, iPhone 16 Pro Max"
T5948,"External SSD 1TB, MacBook Pro M3, USB-C Charging Cable"
T5949,"USB-C EarPods, iPhone 17"
T5950,"65W USB-C Power Adapter, MacBook Pro M1, USB-C Charging Cable"
T5951,"Apple Watch Charger, Apple Watch Series 9, Apple Watch Trail Loop"
T5952,"Lightning Charging Cable, Lightning EarPods, iPhone 13 Pro Max, iPhone Case, iPhone MagSafe Charging Dock"
T5953,AirPods Pro (2nd Gen)
T5954,"Apple Watch Charger, Apple Watch Trail Loop, Apple Watch Ultra 2"
T5955,"USB-C Charging Cable, iPhone 17 Pro, iPhone Case"
T5956,"Apple Pencil (2nd Gen), USB-C Charging Cable, iPad Magic Keyboard, iPad Pro M4 13-inch"
T5957,"Apple Watch Charger, Apple Watch Series 8, Apple Watch Solo Loop"
T5958,"30W USB-C Power Adapter, Laptop Sleeve, MacBook Air M4, USB-C Charging Cable"
T5959,AirPods (3rd Gen)
T5960,"Anker MagSafe Charging Dock, Lightning Charging Cable, Lightning EarPods, iPhone 13 Pro Max, iPhone Case"
T5961,"Apple Magic Mouse, Mac mini M2"
T5962,"Apple Watch Charger, Apple Watch Series 8, Apple Watch Solo Loop"
T5963,"30W USB-C Power Adapter, AirPods (3rd Gen), Apple Magic Mouse, MacBook Air M4, USB-C Charging Cable"
T5964,"AirPods (3rd Gen), Anker MagSafe Charging Dock, Lightning Charging Cable, iPhone 13"
T5965,"Apple Pencil (USB-C), USB-C Charging Cable, iPad Air M2, iPad Smart Folio"
T5966,iPhone 17
T5967,"MacBook Air M3, USB-C Charging Cable"
T5968,"Anker MagSafe Charging Dock, Screen Protector, iPhone 17 Pro Max, iPhone Case"
T5969,"30W USB-C Power Adapter, AirPods (3rd Gen), MacBook Air M1, USB-C Charging Cable"
T5970,Mac mini M2
T5971,"Apple Magic Keyboard, Apple Magic Mouse, LG UltraFine 5K Display, Mac mini M4"
T5972,iPhone 13
T5973,iPad Pro M4 11-inch
T5974,"30W USB-C Power Adapter, AirPods (3rd Gen), Apple Magic Mouse, MacBook Air M3"
T5975,"Apple Watch Milanese Loop, Apple Watch Series 11"
T5976,Marshall Stanmore III
T5977,"65W USB-C Power Adapter, MacBook Pro M1"
T5978,"AirPods (3rd Gen), Lightning Charging Cable, Screen Protector, iPhone 13 mini, iPhone MagSafe Charging Dock"
T5979,iPhone 14 Plus
T5980,Apple Watch Series 11
T5981,Bose SoundLink Flex
T5982,"Screen Protector, USB-C EarPods, iPhone 16 Pro"
T5983,"65W USB-C Power Adapter, Apple Magic Mouse, MacBook Pro M3, USB-C Charging Cable"
T5984,"Apple Watch Charger, Apple Watch Series 10, Apple Watch Sport Band"
T5985,"AirPods (3rd Gen), Anker MagSafe Charging Dock, Lightning Charging Cable, iPhone 13 Pro"
T5986,"USB-C Charging Cable, iPhone 15 Pro Max"
T5987,"Apple Watch Charger, Apple Watch Sport Band, Apple Watch Ultra"
T5988,"Apple Watch Milanese Loop, Apple Watch Series 10"
T5989,"Apple Watch Series 11, Apple Watch Trail Loop"
T5990,"Belkin MagSafe Charging Stand, Lightning Charging Cable, Lightning EarPods, iPhone 14"
T5991,"MacBook Pro M1, USB-C Charging Cable"
T5992,"Screen Protector (iPad), iPad Smart Folio, iPad mini 6"
T5993,"30W USB-C Power Adapter, AirPods (3rd Gen), MacBook Air M4, USB-C Charging Cable"
T5994,iPhone 15
T5995,"Anker MagSafe Charging Dock, Lightning Charging Cable, Screen Protector, iPhone 14"
T5996,"Apple Pencil (2nd Gen), Screen Protector (iPad), iPad Magic Keyboard, iPad Pro M4 13-inch"
T5997,Apple Magic Mouse
T5998,"Belkin MagSafe Charging Stand, Lightning Charging Cable, iPhone 13 Pro, iPhone Case"
T5999,"Apple Pencil (2nd Gen), USB-C Charging Cable, iPad Magic Keyboard, iPad Pro M4 11-inch"
T6000,"Belkin MagSafe Charging Stand, USB-C Charging Cable, USB-C EarPods, iPhone 16"
T6001,"65W USB-C Power Adapter, AirPods Pro (2nd Gen), Apple Magic Keyboard, Apple Magic Mouse, MacBook Pro M4, USB-C Charging Cable"
T6002,AirPods (3rd Gen)
T6003,"AirPods Pro (2nd Gen), USB-C Charging Cable, iPhone 17, iPhone Case"
T6004,Mac mini M2 Pro
T6005,"30W USB-C Power Adapter, Apple Magic Mouse, MacBook Air M3"
T6006,"Anker MagSafe Charging Dock, Screen Protector, USB-C Charging Cable, iPhone 17 Pro, iPhone Case"
T6007,"USB-C Charging Cable, iPhone 15 Pro Max"
T6008,iPad mini 7
T6009,JBL Flip 6
T6010,Marshall Stanmore III
T6011,"Lightning Charging Cable, iPhone 14 Pro Max, iPhone MagSafe Charging Dock"
T6012,Apple Watch Series 8
T6013,"Apple Watch Charger, Apple Watch Series 8, Apple Watch Solo Loop"
T6014,iPhone 13 Pro Max
T6015,Bose SoundLink Flex
T6016,"USB-C Charging Cable, iPhone 15 Pro, iPhone MagSafe Charging Dock"
T6017,"AirPods (3rd Gen), Anker MagSafe Charging Dock, USB-C Charging Cable, iPhone 17 Air"
T6018,"Apple Magic Keyboard, Apple Magic Mouse, Mac mini M4, Marshall Stanmore III"
T6019,"Apple Magic Keyboard, Apple Magic Mouse, Mac mini M2 Pro"
T6020,"AirPods (3rd Gen), Screen Protector, iPhone 17 Pro, iPhone Case"
T6021,"Apple Pencil (2nd Gen), USB-C Charging Cable, iPad Pro M4 11-inch"
T6022,"USB-C Charging Cable, iPad 10th Gen, iPad Smart Folio"
T6023,"Apple Magic Keyboard, Apple Magic Mouse, Mac mini M4"
T6024,"AirPods Pro (2nd Gen), Anker MagSafe Charging Dock, USB-C Charging Cable, iPhone 15 Plus, iPhone Case"
T6025,"30W USB-C Power Adapter, AirPods (3rd Gen), Apple Magic Mouse, Laptop Sleeve, MacBook Air M1, USB-C Charging Cable"
T6026,"iPhone 17 Air, iPhone Case, iPhone MagSafe Charging Dock"
T6027,"AirPods Pro (2nd Gen), iPhone 14"
T6028,"Lightning EarPods, iPhone 14 Pro"
T6029,"AirPods (3rd Gen), Screen Protector, USB-C Charging Cable, iPhone 16, iPhone MagSafe Charging Dock"
T6030,"65W USB-C Power Adapter, MacBook Pro M2, USB-C Charging Cable"
T6031,"AirPods Pro (2nd Gen), Anker MagSafe Charging Dock, Lightning Charging Cable, iPhone 14 Pro Max, iPhone Case"
T6032,"Apple Watch Series 10, Apple Watch Trail Loop"
T6033,"AirPods (3rd Gen), Apple Magic Mouse, MacBook Air M4"
T6034,"Screen Protector, USB-C Charging Cable, iPhone 17"
T6035,"Belkin MagSafe Charging Stand, Screen Protector, USB-C Charging Cable, USB-C EarPods, iPhone 17 Pro Max"
T6036,"USB-C Charging Cable, iPhone 15 Pro, iPhone MagSafe Charging Dock"
T6037,"30W USB-C Power Adapter, Laptop Sleeve, MacBook Air M2"
T6038,"AirPods Pro (2nd Gen), Apple Magic Keyboard, MacBook Pro M1"
T6039,"Belkin MagSafe Charging Stand, iPhone 13 Pro"
T6040,iPhone 17 Air
T6041,"Apple Magic Keyboard, Apple Magic Mouse, Mac mini M4"
T6042,"Screen Protector (iPad), USB-C Charging Cable, iPad Magic Keyboard, iPad Pro M4 11-inch"
T6043,"Lightning Charging Cable, iPhone 13 Pro Max, iPhone MagSafe Charging Dock"
T6044,"AirPods Pro (2nd Gen), Belkin MagSafe Charging Stand, Screen Protector, USB-C Charging Cable, iPhone 15 Pro, iPhone Case"
T6045,Mac mini M2 Pro
T6046,"Screen Protector, iPhone 13 Pro Max"
T6047,"Apple Magic Keyboard, Mac mini M2 Pro, USB-C Hub"
T6048,AirPods (3rd Gen)
T6049,MacBook Air M2
T6050,"Anker MagSafe Charging Dock, USB-C Charging Cable, iPhone 17 Pro"
T6051,iPhone 15 Plus
T6052,"iPad Air M2, iPad Smart Folio"
T6053,"AirPods Pro (2nd Gen), Lightning Charging Cable, iPhone 13"
T6054,"iPad Magic Keyboard, iPad Pro M4 13-inch"
T6055,"30W USB-C Power Adapter, Laptop Sleeve, MacBook Air M3, USB-C Charging Cable"
T6056,"AirPods Pro (2nd Gen), USB-C Charging Cable, iPhone 15 Plus, iPhone Case"
T6057,"Apple Watch Trail Loop, Apple Watch Ultra"
T6058,iPhone 16
T6059,"30W USB-C Power Adapter, AirPods (3rd Gen), Apple Magic Mouse, Laptop Sleeve, MacBook Air M1, USB-C Charging Cable"
T6060,Bose SoundLink Flex
T6061,"AirPods (3rd Gen), MacBook Air M1"
T6062,"Screen Protector, USB-C Charging Cable, USB-C EarPods, iPhone 16"
T6063,"AirPods (3rd Gen), Anker MagSafe Charging Dock, Screen Protector, USB-C Charging Cable, iPhone 16 Pro, iPhone Case"
T6064,"AirPods (3rd Gen), Anker MagSafe Charging Dock, Screen Protector, iPhone 16"
T6065,"Screen Protector, USB-C Charging Cable, USB-C EarPods, iPhone 17 Air, iPhone Case, iPhone MagSafe Charging Dock"
T6066,"Lightning EarPods, iPhone 14 Plus"
T6067,iPhone 13 mini
T6068,"Anker MagSafe Charging Dock, iPhone 16 Pro Max, iPhone Case"
T6069,iPhone 15
T6070,"30W USB-C Power Adapter, Apple Magic Mouse, MacBook Air M4"
T6071,"AirPods Pro (2nd Gen), Anker MagSafe Charging Dock, Lightning Charging Cable, iPhone 14 Plus, iPhone Case"
T6072,"Belkin MagSafe Charging Stand, USB-C Charging Cable, iPhone 16, iPhone Case"
T6073,Apple Watch Series 9
T6074,"Apple Pencil (USB-C), USB-C Charging Cable, iPad mini 7"
T6075,"65W USB-C Power Adapter, MacBook Pro M1, USB-C Charging Cable"
T6076,Apple Watch Ultra
T6077,"Screen Protector, USB-C Charging Cable, iPhone 17, iPhone MagSafe Charging Dock"
T6078,"Belkin MagSafe Charging Stand, USB-C Charging Cable, USB-C EarPods, iPhone 15 Plus, iPhone Case"
T6079,"AirPods (3rd Gen), Belkin MagSafe Charging Stand, Lightning Charging Cable, Screen Protector, iPhone 13"
T6080,"AirPods (3rd Gen), Anker MagSafe Charging Dock, Lightning Charging Cable, iPhone 14 Plus"
T6081,"30W USB-C Power Adapter, Apple Magic Mouse, Laptop Sleeve, MacBook Air M2, USB-C Charging Cable"
T6082,iPad Air M2
T6083,"Belkin MagSafe Charging Stand, USB-C Charging Cable, iPhone 15 Plus"
T6084,Apple Watch Series 10
T6085,"Apple Watch Series 9, Apple Watch Solo Loop"
T6086,"Marshall Stanmore III, USB-C Charging Cable"
T6087,"30W USB-C Power Adapter, AirPods (3rd Gen), Laptop Sleeve, MacBook Air M4"
T6088,"Apple Watch Charger, Apple Watch Solo Loop, Apple Watch Ultra 2"
T6089,"Screen Protector, iPhone 14, iPhone MagSafe Charging Dock"
T6090,"USB-C Charging Cable, iPhone 16 Pro, iPhone MagSafe Charging Dock"
T6091,"AirPods (3rd Gen), USB-C Charging Cable, iPhone 15, iPhone Case, iPhone MagSafe Charging Dock"
T6092,"Belkin MagSafe Charging Stand, USB-C Charging Cable, iPhone 16 Pro"
T6093,"Apple Magic Mouse, Mac mini M2, Marshall Stanmore III, Studio Display"
T6094,"65W USB-C Power Adapter, MacBook Pro M1, USB-C Charging Cable"
T6095,"Anker MagSafe Charging Dock, USB-C EarPods, iPhone 17 Pro Max"
T6096,"30W USB-C Power Adapter, Apple Magic Mouse, MacBook Air M1, USB-C Charging Cable"
T6097,"Belkin MagSafe Charging Stand, Lightning EarPods, Screen Protector, iPhone 14 Plus"
T6098,"AirPods (3rd Gen), Lightning Charging Cable, iPhone 13 Pro, iPhone Case"
T6099,"65W USB-C Power Adapter, MacBook Pro M4, USB-C Charging Cable"
T6100,"iPad Smart Folio, iPad mini 6"
T6101,MacBook Air M1
T6102,"Apple Watch Charger, Apple Watch Ultra 2"
T6103,"Apple Magic Keyboard, LG UltraFine 5K Display, Mac mini M2 Pro, USB-C Hub"
T6104,"Lightning EarPods, iPhone 14 Pro Max, iPhone Case"
T6105,Apple Watch Series 8
T6106,iPad mini 6
T6107,"30W USB-C Power Adapter, AirPods (3rd Gen), Laptop Sleeve, MacBook Air M3"
T6108,"USB-C Charging Cable, iPad Magic Keyboard, iPad Pro M4 13-inch"
T6109,"Apple Watch Trail Loop, Apple Watch Ultra"
T6110,"AirPods (3rd Gen), Belkin MagSafe Charging Stand, iPhone 16 Plus"
T6111,"Apple Watch Charger, Apple Watch Trail Loop, Apple Watch Ultra"
T6112,MacBook Air M3
T6113,"Lightning Charging Cable, Lightning EarPods, Screen Protector, iPhone 14 Plus, iPhone Case"
T6114,"AirPods (3rd Gen), USB-C Charging Cable, iPhone 16 Pro Max, iPhone MagSafe Charging Dock"
T6115,"USB-C Charging Cable, iPad Pro M4 13-inch"
T6116,"Lightning Charging Cable, Lightning EarPods, iPhone 14, iPhone MagSafe Charging Dock"
T6117,"Apple Magic Mouse, MacBook Air M4"
T6118,"30W USB-C Power Adapter, Apple Magic Mouse, MacBook Air M1"
T6119,"Anker MagSafe Charging Dock, Lightning Charging Cable, Lightning EarPods, iPhone 13 mini"
T6120,"AirPods (3rd Gen), Apple Magic Mouse, Laptop Sleeve, MacBook Air M3, USB-C Charging Cable"
T6121,"Apple Watch Series 11, Apple Watch Sport Band"
T6122,Marshall Stanmore III
T6123,"Lightning Charging Cable, iPhone 13 mini"
T6124,"Apple Watch Charger, Apple Watch Series 9, Apple Watch Trail Loop"
T6125,"Lightning EarPods, Screen Protector, iPhone 14 Plus, iPhone MagSafe Charging Dock"
T6126,"Apple Pencil (USB-C), iPad Smart Folio, iPad mini 7"
T6127,"Apple Watch Series 11, Apple Watch Solo Loop"
T6128,"AirPods Pro (2nd Gen), USB-C Charging Cable, iPhone 16 Pro"
T6129,"30W USB-C Power Adapter, AirPods (3rd Gen), MacBook Air M3, USB-C Charging Cable"
T6130,"30W USB-C Power Adapter, Apple Magic Mouse, MacBook Air M4"
T6131,Marshall Emberton II
T6132,"65W USB-C Power Adapter, AirPods Pro (2nd Gen), Apple Magic Keyboard, External SSD 1TB, MacBook Pro M1, USB-C Charging Cable"
T6133,"Screen Protector, USB-C Charging Cable, iPhone 17 Air, iPhone MagSafe Charging Dock"
T6134,"Apple Pencil (USB-C), USB-C Charging Cable, iPad 10th Gen"
T6135,"Screen Protector (iPad), iPad Magic Keyboard, iPad Pro M4 11-inch"
T6136,iPhone 13 Pro Max
T6137,"Lightning EarPods, iPhone 13 Pro Max, iPhone MagSafe Charging Dock"
T6138,iPhone 13 Pro Max
T6139,"65W USB-C Power Adapter, MacBook Pro M3, USB-C Charging Cable"
T6140,"Marshall Stanmore III, USB-C Charging Cable"
T6141,"AirPods Pro (2nd Gen), Screen Protector, iPhone 17"
T6142,iPhone 16
T6143,"65W USB-C Power Adapter, Apple Magic Keyboard, MacBook Pro M4"
T6144,"Apple Watch Milanese Loop, Apple Watch Ultra 2"
T6145,"Apple Watch Charger, Apple Watch Series 8"
T6146,iPad mini 7
T6147,"Belkin MagSafe Charging Stand, USB-C Charging Cable, iPhone 17 Pro, iPhone Case"
T6148,"AirPods (3rd Gen), Apple Magic Mouse, Laptop Sleeve, MacBook Air M1, USB-C Charging Cable"
T6149,"AirPods (3rd Gen), Screen Protector, USB-C Charging Cable, iPhone 16 Pro Max"
T6150,"Apple Watch Charger, Apple Watch Series 11, Apple Watch Trail Loop"
T6151,Apple Watch Series 10
T6152,"Apple Magic Keyboard, Apple Magic Mouse, Bose SoundLink Flex, Mac mini M2 Pro"
T6153,"iPhone 14 Plus, iPhone Case, iPhone MagSafe Charging Dock"
T6154,"Apple Magic Mouse, Mac mini M2, USB-C Hub"
T6155,"Apple Magic Keyboard, Apple Magic Mouse, JBL Charge 5, Mac mini M4, Studio Display"
T6156,iPhone 13 Pro Max
T6157,"Apple Watch Milanese Loop, Apple Watch Series 10, Screen Protector (Watch)"
T6158,"Belkin MagSafe Charging Stand, USB-C Charging Cable, USB-C EarPods, iPhone 17 Pro"
T6159,"AirPods (3rd Gen), USB-C Charging Cable, iPhone 15 Pro"
T6160,"Anker MagSafe Charging Dock, Lightning EarPods, iPhone 13 Pro Max"
T6161,"Anker MagSafe Charging Dock, USB-C Charging Cable, USB-C EarPods, iPhone 16 Pro Max, iPhone Case"
T6162,"AirPods (3rd Gen), iPhone 13 mini"
T6163,"JBL Flip 6, Mac mini M2"
T6164,"USB-C Charging Cable, USB-C EarPods, iPhone 15 Pro Max, iPhone MagSafe Charging Dock"
T6165,iPhone 17 Pro Max
T6166,"Screen Protector, USB-C Charging Cable, iPhone 16"
T6167,"USB-C EarPods, iPhone 15 Plus"
T6168,"Lightning Charging Cable, Lightning EarPods, iPhone 14 Pro Max, iPhone MagSafe Charging Dock"
T6169,"Apple Watch Solo Loop, Apple Watch Ultra"
T6170,"AirPods (3rd Gen), Belkin MagSafe Charging Stand, iPhone 15, iPhone Case"
T6171,"Screen Protector, iPhone 13"
T6172,"iPad Magic Keyboard, iPad Pro M4 11-inch"
T6173,AirPods Pro (2nd Gen)
T6174,"AirPods Pro (2nd Gen), Anker MagSafe Charging Dock, Lightning Charging Cable, Screen Protector, iPhone 14, iPhone Case"
T6175,"Belkin MagSafe Charging Stand, Lightning Charging Cable, iPhone 14 Pro, iPhone Case"
T6176,Apple Watch Series 8
T6177,"AirPods (3rd Gen), MacBook Air M1, USB-C Charging Cable"
T6178,iPhone 16
T6179,"65W USB-C Power Adapter, Apple Magic Keyboard, Apple Magic Mouse, MacBook Pro M2, USB-C Charging Cable"
T6180,"30W USB-C Power Adapter, Laptop Sleeve, MacBook Air M4, USB-C Charging Cable"
T6181,"Belkin MagSafe Charging Stand, iPhone 16, iPhone Case"
T6182,"Apple Pencil (USB-C), USB-C Charging Cable, iPad Smart Folio, iPad mini 7"
T6183,MacBook Pro M4
T6184,"65W USB-C Power Adapter, MacBook Pro M1, USB-C Charging Cable"
T6185,"Lightning Charging Cable, Lightning EarPods, iPhone 13, iPhone Case"
T6186,"Belkin MagSafe Charging Stand, Screen Protector, USB-C Charging Cable, USB-C EarPods, iPhone 15"
T6187,"30W USB-C Power Adapter, Apple Magic Mouse, MacBook Air M4, USB-C Charging Cable"
T6188,"Apple Magic Mouse, Mac mini M2, Marshall Emberton II"
T6189,"Laptop Sleeve, MacBook Air M1, USB-C Charging Cable"
T6190,"Anker MagSafe Charging Dock, USB-C EarPods, iPhone 16 Plus"
T6191,"AirPods Pro (2nd Gen), Belkin MagSafe Charging Stand, Lightning Charging Cable, iPhone 13 Pro Max"
T6192,"Screen Protector (iPad), USB-C Charging Cable, iPad Pro M4 13-inch"
T6193,"Apple Watch Charger, Apple Watch Trail Loop, Apple Watch Ultra 2"
T6194,JBL Charge 5
T6195,"Screen Protector (iPad), iPad Magic Keyboard, iPad Pro M4 11-inch"
T6196,"AirPods Pro (2nd Gen), Anker MagSafe Charging Dock, USB-C Charging Cable, iPhone 15 Plus"
T6197,"Lightning Charging Cable, iPhone 14 Plus"
T6198,"USB-C Charging Cable, USB-C EarPods, iPhone 16 Plus, iPhone MagSafe Charging Dock"
T6199,"AirPods (3rd Gen), Belkin MagSafe Charging Stand, USB-C Charging Cable, iPhone 15, iPhone Case"
T6200,"Anker MagSafe Charging Dock, Lightning Charging Cable, Lightning EarPods, iPhone 13 Pro"
T6201,"Apple Magic Keyboard, Apple Magic Mouse, Mac mini M2 Pro, Studio Display"
T6202,"Screen Protector (iPad), USB-C Charging Cable, iPad Magic Keyboard, iPad Pro M4 11-inch"
T6203,"Apple Magic Keyboard, Apple Magic Mouse, LG UltraFine 5K Display, Mac mini M2 Pro, USB-C Hub"
T6204,"Apple Pencil (2nd Gen), USB-C Charging Cable, iPad Magic Keyboard, iPad Pro M4 13-inch"
T6205,iPad Pro M4 11-inch
T6206,"USB-C EarPods, iPhone 15 Pro Max, iPhone MagSafe Charging Dock"
T6207,"Lightning Charging Cable, iPhone 13 mini"
T6208,"Apple Watch Series 9, Apple Watch Sport Band"
T6209,MacBook Pro M1
T6210,"Belkin MagSafe Charging Stand, Lightning Charging Cable, Lightning EarPods, iPhone 13 Pro"
T6211,Apple Watch Series 9
T6212,"Lightning Charging Cable, iPhone 14"
T6213,"65W USB-C Power Adapter, Apple Magic Keyboard, External SSD 1TB, MacBook Pro M3"
T6214,MacBook Air M1
T6215,"Apple Magic Keyboard, JBL Charge 5, Mac mini M4, USB-C Hub"
T6216,"Lightning Charging Cable, iPhone 13 Pro, iPhone Case"
T6217,"AirPods (3rd Gen), Apple Magic Mouse, MacBook Air M4, USB-C Charging Cable"
T6218,"Screen Protector, USB-C Charging Cable, USB-C EarPods, iPhone 16 Pro Max, iPhone Case"
T6219,"Anker MagSafe Charging Dock, iPhone 14 Pro, iPhone Case"
T6220,iPad 10th Gen
T6221,iPhone 14 Pro Max
T6222,"Apple Watch Series 8, Apple Watch Sport Band, Screen Protector (Watch)"
T6223,"Screen Protector, iPhone 16 Pro Max, iPhone Case, iPhone MagSafe Charging Dock"
T6224,iPad Air M2
T6225,"Screen Protector, iPhone 15, iPhone Case"
T6226,"iPad Magic Keyboard, iPad Pro M4 13-inch"
T6227,"USB-C Charging Cable, iPad Pro M4 13-inch"
T6228,iPhone 13
T6229,"USB-C Charging Cable, USB-C EarPods, iPhone 16 Pro, iPhone Case"
T6230,"Belkin MagSafe Charging Stand, USB-C Charging Cable, iPhone 15 Pro"
T6231,"Anker MagSafe Charging Dock, Lightning Charging Cable, Lightning EarPods, iPhone 14, iPhone Case"
T6232,"Apple Magic Keyboard, Apple Magic Mouse, Mac mini M4"
T6233,MacBook Air M3
T6234,"Apple Watch Series 11, Apple Watch Sport Band, Screen Protector (Watch)"
T6235,"Apple Pencil (USB-C), USB-C Charging Cable, iPad Air M2, iPad Smart Folio"
T6236,iPhone 15
T6237,"Apple Pencil (USB-C), Screen Protector (iPad), iPad Smart Folio, iPad mini 6"
T6238,"30W USB-C Power Adapter, MacBook Air M3, USB-C Charging Cable"
T6239,"30W USB-C Power Adapter, MacBook Air M2, USB-C Charging Cable"
T6240,MacBook Air M2
T6241,JBL Flip 6
T6242,"Anker MagSafe Charging Dock, USB-C Charging Cable, USB-C EarPods, iPhone 16, iPhone Case"
T6243,"Anker MagSafe Charging Dock, USB-C EarPods, iPhone 16 Pro Max, iPhone Case"
T6244,"Lightning Charging Cable, Lightning EarPods, iPhone 13 mini, iPhone Case"
T6245,"Belkin MagSafe Charging Stand, USB-C Charging Cable, iPhone 17 Air, iPhone Case"
T6246,"USB-C Charging Cable, USB-C EarPods, iPhone 15 Pro"
T6247,"Apple Pencil (USB-C), Screen Protector (iPad), USB-C Charging Cable, iPad mini 6"
T6248,MacBook Pro M1
T6249,MacBook Air M2
T6250,"30W USB-C Power Adapter, AirPods (3rd Gen), Apple Magic Mouse, MacBook Air M4"
T6251,iPad mini 6
T6252,"Apple Magic Mouse, Laptop Sleeve, MacBook Air M1"
T6253,"Apple Watch Charger, Apple Watch Series 8, Apple Watch Trail Loop"
T6254,Apple Magic Keyboard
T6255,"AirPods Pro (2nd Gen), MacBook Pro M3"
T6256,"Apple Magic Keyboard, Apple Magic Mouse, LG UltraFine 5K Display, Mac mini M2 Pro, USB-C Hub"
T6257,"Lightning EarPods, iPhone 14 Pro, iPhone MagSafe Charging Dock"
T6258,"USB-C Charging Cable, iPad Smart Folio, iPad mini 7"
T6259,"AirPods Pro (2nd Gen), Belkin MagSafe Charging Stand, Screen Protector, USB-C Charging Cable, iPhone 15 Plus"
T6260,"Anker MagSafe Charging Dock, Lightning Charging Cable, iPhone 14 Plus"
T6261,"30W USB-C Power Adapter, MacBook Air M2"
T6262,"Belkin MagSafe Charging Stand, USB-C Charging Cable, USB-C EarPods, iPhone 15, iPhone Case"
T6263,"Apple Magic Keyboard, USB-C Charging Cable"
T6264,"AirPods (3rd Gen), USB-C Charging Cable, iPhone 17 Air, iPhone MagSafe Charging Dock"
T6265,"Anker MagSafe Charging Dock, Screen Protector, USB-C Charging Cable, iPhone 17 Pro, iPhone Case"
T6266,"Apple Watch Milanese Loop, Apple Watch Ultra"
T6267,iPad 10th Gen
T6268,"Belkin MagSafe Charging Stand, iPhone 13"
T6269,"Apple Magic Keyboard, Apple Magic Mouse, Mac mini M4, Studio Display, USB-C Hub"
T6270,MacBook Pro M1
T6271,"Apple Pencil (USB-C), iPad Air M2, iPad Smart Folio"
T6272,AirPods Pro (2nd Gen)
T6273,"Apple Pencil (USB-C), USB-C Charging Cable, iPad 10th Gen"
T6274,iPad Pro M4 11-inch
T6275,"65W USB-C Power Adapter, MacBook Pro M3, USB-C Charging Cable"
T6276,"USB-C Charging Cable, iPhone 17"
T6277,"USB-C Charging Cable, USB-C EarPods, iPhone 17, iPhone Case"
T6278,"Apple Magic Keyboard, Apple Magic Mouse, LG UltraFine 5K Display, Mac mini M2, Marshall Stanmore III, USB-C Hub"
T6279,JBL Charge 5
T6280,"Anker MagSafe Charging Dock, iPhone 17"
T6281,"30W USB-C Power Adapter, AirPods (3rd Gen), MacBook Air M3"
T6282,"AirPods Pro (2nd Gen), Anker MagSafe Charging Dock, USB-C Charging Cable, iPhone 17 Pro, iPhone Case"
T6283,"USB-C Charging Cable, iPhone 16 Plus, iPhone Case"
T6284,"Lightning Charging Cable, Lightning EarPods, Screen Protector, iPhone 14 Pro, iPhone MagSafe Charging Dock"
T6285,iPhone 17 Air
T6286,JBL Charge 5
T6287,"65W USB-C Power Adapter, MacBook Pro M4, USB-C Charging Cable"
T6288,"Apple Pencil (USB-C), USB-C Charging Cable, iPad Smart Folio, iPad mini 7"
T6289,"Anker MagSafe Charging Dock, iPhone 14 Pro Max"
T6290,"AirPods Pro (2nd Gen), Apple Magic Mouse, MacBook Pro M2, USB-C Charging Cable"
T6291,"AirPods Pro (2nd Gen), MacBook Pro M2, USB-C Charging Cable"
T6292,"Apple Magic Keyboard, Apple Magic Mouse, Mac mini M2"
T6293,MacBook Pro M3
T6294,"Lightning EarPods, Screen Protector, iPhone 14 Pro Max, iPhone Case, iPhone MagSafe Charging Dock"
T6295,"Anker MagSafe Charging Dock, USB-C Charging Cable, iPhone 16 Pro Max"
T6296,Apple Magic Keyboard
T6297,"30W USB-C Power Adapter, MacBook Air M4, USB-C Charging Cable"
T6298,iPhone 14 Pro
T6299,iPhone 16 Plus
T6300,"iPhone 13 Pro, iPhone MagSafe Charging Dock"
T6301,"USB-C Charging Cable, iPhone 17 Pro Max"
T6302,"Lightning Charging Cable, Screen Protector, iPhone 13 Pro"
T6303,"USB-C Charging Cable, USB-C EarPods, iPhone 16 Pro Max"
T6304,"Screen Protector, USB-C EarPods, iPhone 17 Air, iPhone MagSafe Charging Dock"
T6305,"AirPods (3rd Gen), Anker MagSafe Charging Dock, USB-C Charging Cable, iPhone 16 Pro Max"
T6306,"AirPods (3rd Gen), iPhone 17 Pro Max, iPhone MagSafe Charging Dock"
T6307,MacBook Pro M2
T6308,iPhone 17 Pro Max
T6309,"65W USB-C Power Adapter, External SSD 1TB, MacBook Pro M4"
T6310,"65W USB-C Power Adapter, Apple Magic Mouse, MacBook Pro M4"
T6311,"Lightning Charging Cable, Lightning EarPods, Screen Protector, iPhone 13 Pro"
T6312,"30W USB-C Power Adapter, AirPods (3rd Gen), Apple Magic Mouse, MacBook Air M4, USB-C Charging Cable"
T6313,"Anker MagSafe Charging Dock, iPhone 14"
T6314,"30W USB-C Power Adapter, MacBook Air M1, USB-C Charging Cable"
T6315,"Apple Magic Keyboard, Apple Magic Mouse, Mac mini M2 Pro, Studio Display"
T6316,"Apple Pencil (2nd Gen), USB-C Charging Cable, iPad Pro M4 11-inch"
T6317,"Lightning Charging Cable, Screen Protector, iPhone 13 Pro Max, iPhone MagSafe Charging Dock"
T6318,Apple Watch Series 8
T6319,iPhone 13
T6320,"65W USB-C Power Adapter, MacBook Pro M2"
T6321,iPhone 15 Plus
T6322,iPhone 16 Plus
T6323,"Apple Watch Charger, Apple Watch Milanese Loop, Apple Watch Ultra 2, Screen Protector (Watch)"
T6324,JBL Charge 5
T6325,iPad Pro M4 13-inch
T6326,"Apple Watch Milanese Loop, Apple Watch Ultra"
T6327,"Apple Pencil (2nd Gen), USB-C Charging Cable, iPad Pro M4 13-inch"
T6328,iPad mini 7
T6329,"Lightning Charging Cable, Lightning EarPods, iPhone 13 mini"
T6330,iPad mini 7
T6331,iPhone 15
T6332,"USB-C EarPods, iPhone 16 Pro"
T6333,"Apple Watch Charger, Apple Watch Sport Band, Apple Watch Ultra 2"
T6334,iPad Pro M4 13-inch
T6335,"Screen Protector, USB-C Charging Cable, iPhone 15 Pro Max, iPhone Case, iPhone MagSafe Charging Dock"
T6336,iPhone 17 Air
T6337,"AirPods (3rd Gen), iPhone 17 Pro, iPhone Case, iPhone MagSafe Charging Dock"
T6338,"65W USB-C Power Adapter, MacBook Pro M3, USB-C Charging Cable"
T6339,"Lightning Charging Cable, iPhone 14, iPhone Case, iPhone MagSafe Charging Dock"
T6340,"30W USB-C Power Adapter, MacBook Air M3"
T6341,"65W USB-C Power Adapter, MacBook Pro M4, USB-C Charging Cable"
T6342,"AirPods Pro (2nd Gen), iPhone 15 Pro Max, iPhone Case"
T6343,Apple Watch Series 9
T6344,Mac mini M4
T6345,"AirPods Pro (2nd Gen), Apple Magic Mouse, MacBook Pro M1, USB-C Charging Cable"
T6346,"Apple Pencil (USB-C), Screen Protector (iPad), USB-C Charging Cable, iPad 10th Gen, iPad Smart Folio"
T6347,"Belkin MagSafe Charging Stand, USB-C Charging Cable, USB-C EarPods, iPhone 17 Pro, iPhone Case"
T6348,Mac mini M2
T6349,MacBook Pro M2
T6350,"Screen Protector (iPad), USB-C Charging Cable, iPad mini 7"
T6351,"USB-C Charging Cable, USB-C EarPods, iPhone 16 Pro Max, iPhone Case, iPhone MagSafe Charging Dock"
T6352,"AirPods (3rd Gen), Belkin MagSafe Charging Stand, USB-C Charging Cable, iPhone 17 Air"
T6353,"AirPods Pro (2nd Gen), USB-C Charging Cable, iPhone 15"
T6354,"AirPods (3rd Gen), USB-C Charging Cable, iPhone 15 Pro Max"
T6355,"Apple Watch Sport Band, Apple Watch Ultra 2"
T6356,"Apple Watch Charger, Apple Watch Solo Loop, Apple Watch Ultra"
T6357,"30W USB-C Power Adapter, Apple Magic Mouse, MacBook Air M3, USB-C Charging Cable"
T6358,"Apple Magic Mouse, JBL Charge 5, Mac mini M2, Studio Display, USB-C Hub"
T6359,"AirPods (3rd Gen), Lightning Charging Cable, iPhone 14 Pro Max, iPhone Case, iPhone MagSafe Charging Dock"
T6360,"Apple Watch Trail Loop, Apple Watch Ultra 2, Screen Protector (Watch)"
T6361,iPad mini 7
T6362,"30W USB-C Power Adapter, MacBook Air M2"
T6363,"Anker MagSafe Charging Dock, USB-C Charging Cable, USB-C EarPods, iPhone 17 Air"
T6364,Bose SoundLink Flex
T6365,"AirPods (3rd Gen), MacBook Air M3, USB-C Charging Cable"
T6366,"Apple Pencil (USB-C), Screen Protector (iPad), USB-C Charging Cable, iPad Air M2"
T6367,"Belkin MagSafe Charging Stand, Lightning Charging Cable, Lightning EarPods, iPhone 14 Pro Max, iPhone Case"
T6368,"AirPods Pro (2nd Gen), Screen Protector, iPhone 14 Pro, iPhone Case, iPhone MagSafe Charging Dock"
T6369,"Apple Watch Milanese Loop, Apple Watch Series 11"
T6370,"30W USB-C Power Adapter, AirPods (3rd Gen), Apple Magic Mouse, MacBook Air M2, USB-C Charging Cable"
T6371,"30W USB-C Power Adapter, AirPods (3rd Gen), MacBook Air M1"
T6372,iPad Pro M4 13-inch
T6373,Apple Watch Series 10
T6374,"USB-C Charging Cable, iPad Air M2, iPad Smart Folio"
T6375,"30W USB-C Power Adapter, AirPods (3rd Gen), Apple Magic Mouse, Laptop Sleeve, MacBook Air M4, USB-C Charging Cable"
T6376,"Lightning Charging Cable, iPhone 14, iPhone MagSafe Charging Dock"
T6377,"65W USB-C Power Adapter, MacBook Pro M1, USB-C Charging Cable"
T6378,"Apple Magic Keyboard, Apple Magic Mouse, Mac mini M4, USB-C Hub"
T6379,"Apple Watch Charger, Apple Watch Series 8, Apple Watch Trail Loop"
T6380,"Apple Magic Keyboard, Apple Magic Mouse, Mac mini M2, USB-C Hub"
T6381,Apple Watch Ultra 2
T6382,"Apple Magic Keyboard, LG UltraFine 5K Display, Mac mini M4"
T6383,Apple Watch Series 8
T6384,"Anker MagSafe Charging Dock, Screen Protector, USB-C EarPods, iPhone 16 Plus"
T6385,"Apple Watch Solo Loop, Apple Watch Ultra"
T6386,"USB-C Charging Cable, iPad 10th Gen, iPad Smart Folio"
T6387,"Apple Magic Mouse, LG UltraFine 5K Display, Mac mini M4"
T6388,"USB-C Charging Cable, iPad Smart Folio, iPad mini 7"
T6389,"Apple Pencil (USB-C), USB-C Charging Cable, iPad Air M2, iPad Smart Folio"
T6390,iPhone 13
T6391,"65W USB-C Power Adapter, MacBook Pro M2"
T6392,"30W USB-C Power Adapter, Apple Magic Mouse, MacBook Air M4, USB-C Charging Cable"
T6393,iPad mini 6
T6394,Bose SoundLink Flex
T6395,"AirPods Pro (2nd Gen), Anker MagSafe Charging Dock, Lightning Charging Cable, iPhone 13 Pro"
T6396,"AirPods (3rd Gen), Screen Protector, USB-C Charging Cable, iPhone 16 Pro Max, iPhone MagSafe Charging Dock"
T6397,"Apple Watch Series 10, Apple Watch Sport Band, Screen Protector (Watch)"
T6398,"30W USB-C Power Adapter, Apple Magic Mouse, Laptop Sleeve, MacBook Air M3, USB-C Charging Cable"
T6399,"AirPods Pro (2nd Gen), USB-C Charging Cable, iPhone 17 Air"
T6400,"USB-C EarPods, iPhone 17 Pro Max, iPhone Case, iPhone MagSafe Charging Dock"
T6401,MacBook Air M4
T6402,"Lightning Charging Cable, Lightning EarPods, iPhone 13 Pro Max"
T6403,"Lightning Charging Cable, Lightning EarPods, Screen Protector, iPhone 14 Plus, iPhone Case, iPhone MagSafe Charging Dock"
T6404,"Belkin MagSafe Charging Stand, USB-C Charging Cable, USB-C EarPods, iPhone 15 Pro, iPhone Case"
T6405,"Lightning EarPods, iPhone 13 Pro Max"
T6406,"Lightning Charging Cable, Lightning EarPods, iPhone 14 Pro, iPhone Case"
T6407,"AirPods Pro (2nd Gen), Anker MagSafe Charging Dock, USB-C Charging Cable, iPhone 17 Pro Max"
T6408,"65W USB-C Power Adapter, AirPods Pro (2nd Gen), Apple Magic Mouse, MacBook Pro M4"
T6409,iPhone 14 Pro
T6410,"Apple Watch Series 8, Apple Watch Trail Loop"
T6411,"USB-C Charging Cable, USB-C EarPods, iPhone 16 Pro Max, iPhone Case, iPhone MagSafe Charging Dock"
T6412,MacBook Pro M4
T6413,"30W USB-C Power Adapter, Apple Magic Mouse, MacBook Air M4, USB-C Charging Cable"
T6414,"Apple Watch Milanese Loop, Apple Watch Ultra"
T6415,"65W USB-C Power Adapter, MacBook Pro M1"
T6416,"Apple Pencil (2nd Gen), Screen Protector (iPad), iPad Pro M4 11-inch"
T6417,Mac mini M4
T6418,iPhone 14
T6419,"AirPods (3rd Gen), Laptop Sleeve, MacBook Air M2, USB-C Charging Cable"
T6420,"Apple Magic Keyboard, LG UltraFine 5K Display, Mac mini M2"
T6421,"Screen Protector, USB-C Charging Cable, USB-C EarPods, iPhone 15, iPhone Case, iPhone MagSafe Charging Dock"
T6422,"Apple Watch Charger, Apple Watch Series 11, Apple Watch Solo Loop"
T6423,"USB-C Charging Cable, USB-C EarPods, iPhone 15, iPhone MagSafe Charging Dock"
T6424,iPhone 16 Pro
T6425,JBL Flip 6
T6426,"Apple Watch Series 8, Apple Watch Sport Band"
T6427,"65W USB-C Power Adapter, Apple Magic Keyboard, Apple Magic Mouse, External SSD 1TB, MacBook Pro M2, USB-C Charging Cable"
T6428,"Anker MagSafe Charging Dock, USB-C Charging Cable, iPhone 15 Pro"
T6429,"Belkin MagSafe Charging Stand, USB-C Charging Cable, USB-C EarPods, iPhone 17"
T6430,"AirPods (3rd Gen), USB-C Charging Cable"
T6431,"AirPods (3rd Gen), Anker MagSafe Charging Dock, USB-C Charging Cable, iPhone 17 Pro Max"
T6432,"Apple Magic Mouse, Laptop Sleeve, MacBook Air M4, USB-C Charging Cable"
T6433,"Screen Protector, USB-C Charging Cable, iPhone 16 Plus"
T6434,"30W USB-C Power Adapter, Apple Magic Mouse, MacBook Air M1, USB-C Charging Cable"
T6435,"65W USB-C Power Adapter, Apple Magic Keyboard, External SSD 1TB, MacBook Pro M2, USB-C Charging Cable"
T6436,"AirPods (3rd Gen), USB-C Charging Cable, iPhone 15"
T6437,"USB-C Charging Cable, USB-C EarPods, iPhone 15 Pro Max, iPhone Case"
T6438,"Apple Magic Mouse, JBL Flip 6, Mac mini M4, Studio Display"
T6439,MacBook Pro M3
T6440,iPad mini 6
T6441,Apple Watch Series 9
T6442,"AirPods (3rd Gen), Belkin MagSafe Charging Stand, USB-C Charging Cable, iPhone 16 Pro Max, iPhone Case"
T6443,"AirPods (3rd Gen), Belkin MagSafe Charging Stand, Screen Protector, USB-C Charging Cable, iPhone 16"
T6444,Mac mini M4
T6445,"AirPods (3rd Gen), Screen Protector, iPhone 17 Air, iPhone Case"
T6446,"AirPods Pro (2nd Gen), Lightning Charging Cable, iPhone 14, iPhone Case"
T6447,iPhone 14
T6448,"AirPods Pro (2nd Gen), Lightning Charging Cable, iPhone 13 Pro Max"
T6449,"USB-C Charging Cable, iPhone 15 Plus, iPhone Case"
T6450,"USB-C EarPods, iPhone 15 Plus, iPhone MagSafe Charging Dock"
T6451,"JBL Charge 5, USB-C Charging Cable"
T6452,"AirPods Pro (2nd Gen), USB-C Charging Cable, iPhone 15 Pro"
T6453,"Apple Pencil (2nd Gen), USB-C Charging Cable, iPad Magic Keyboard, iPad Pro M4 13-inch"
T6454,"Apple Pencil (USB-C), Screen Protector (iPad), iPad Smart Folio, iPad mini 7"
T6455,"30W USB-C Power Adapter, Laptop Sleeve, MacBook Air M3"
T6456,"Apple Magic Keyboard, Apple Magic Mouse, LG UltraFine 5K Display, Mac mini M2"
T6457,iPad mini 6
T6458,Apple Magic Keyboard
T6459,iPhone 13
T6460,"Anker MagSafe Charging Dock, Screen Protector, USB-C Charging Cable, iPhone 15 Plus, iPhone Case"
T6461,"65W USB-C Power Adapter, AirPods Pro (2nd Gen), Apple Magic Mouse, MacBook Pro M2, USB-C Charging Cable"
T6462,"30W USB-C Power Adapter, MacBook Air M1, USB-C Charging Cable"
T6463,"Apple Magic Keyboard, Apple Magic Mouse, Mac mini M4"
T6464,"Apple Watch Charger, Apple Watch Series 8, Apple Watch Solo Loop"
T6465,iPhone 15 Pro
T6466,"Apple Watch Charger, Apple Watch Milanese Loop, Apple Watch Series 8, Screen Protector (Watch)"
T6467,"Belkin MagSafe Charging Stand, Lightning Charging Cable, Lightning EarPods, iPhone 14, iPhone Case"
T6468,"AirPods (3rd Gen), USB-C Charging Cable, iPhone 16, iPhone Case"
T6469,"AirPods (3rd Gen), Belkin MagSafe Charging Stand, iPhone 15 Plus"
T6470,iPad Air M2
T6471,iPad mini 7
T6472,"Apple Watch Charger, Apple Watch Series 9"
T6473,"Screen Protector (iPad), iPad mini 6"
T6474,iPad 10th Gen
T6475,"Apple Pencil (2nd Gen), USB-C Charging Cable, iPad Magic Keyboard, iPad Pro M4 11-inch"
T6476,"65W USB-C Power Adapter, AirPods Pro (2nd Gen), Apple Magic Mouse, MacBook Pro M2, USB-C Charging Cable"
T6477,"Belkin MagSafe Charging Stand, Lightning Charging Cable, iPhone 13 Pro"
T6478,"Apple Magic Keyboard, LG UltraFine 5K Display, Mac mini M2"
T6479,"Apple Pencil (2nd Gen), USB-C Charging Cable, iPad Magic Keyboard, iPad Pro M4 11-inch"
T6480,"Anker MagSafe Charging Dock, Lightning Charging Cable, Lightning EarPods, iPhone 13, iPhone Case"
T6481,"30W USB-C Power Adapter, AirPods (3rd Gen), Apple Magic Mouse, Laptop Sleeve, MacBook Air M4, USB-C Charging Cable"
T6482,"Lightning Charging Cable, Screen Protector, iPhone 13 Pro, iPhone MagSafe Charging Dock"
T6483,iPad Pro M4 11-inch
T6484,iPad 10th Gen
T6485,"Anker MagSafe Charging Dock, USB-C Charging Cable, USB-C EarPods, iPhone 17 Air"
T6486,"AirPods Pro (2nd Gen), Anker MagSafe Charging Dock, USB-C Charging Cable, iPhone 17, iPhone Case"
T6487,"AirPods (3rd Gen), Lightning Charging Cable, Screen Protector, iPhone 13 mini"
T6488,"AirPods Pro (2nd Gen), USB-C Charging Cable, iPhone 15 Pro Max"
T6489,AirPods (3rd Gen)
T6490,"Screen Protector (iPad), iPad Smart Folio, iPad mini 7"
T6491,"Apple Watch Charger, Apple Watch Milanese Loop, Apple Watch Series 10"
T6492,"Lightning Charging Cable, iPhone 14"
T6493,"AirPods (3rd Gen), Belkin MagSafe Charging Stand, USB-C Charging Cable, iPhone 15 Pro"
T6494,"65W USB-C Power Adapter, MacBook Pro M4"
T6495,"Apple Pencil (2nd Gen), Screen Protector (iPad), USB-C Charging Cable, iPad Pro M4 11-inch"
T6496,"Anker MagSafe Charging Dock, Screen Protector, iPhone 16 Pro"
T6497,"Apple Magic Mouse, LG UltraFine 5K Display, Mac mini M2 Pro, Marshall Stanmore III"
T6498,"USB-C Charging Cable, iPhone 17 Air"
T6499,"iPhone 17 Air, iPhone MagSafe Charging Dock"
T6500,"AirPods Pro (2nd Gen), USB-C Charging Cable, iPhone 16 Pro, iPhone MagSafe Charging Dock"
T6501,"USB-C Charging Cable, iPhone 16 Plus, iPhone MagSafe Charging Dock"
T6502,"MacBook Air M3, USB-C Charging Cable"
T6503,"Apple Watch Charger, Apple Watch Milanese Loop, Apple Watch Series 11"
T6504,"65W USB-C Power Adapter, Apple Magic Mouse, MacBook Pro M4, USB-C Charging Cable"
T6505,iPhone 15 Pro Max
T6506,"AirPods (3rd Gen), iPhone 13 Pro Max, iPhone MagSafe Charging Dock"
T6507,"Anker MagSafe Charging Dock, USB-C EarPods, iPhone 16 Pro"
T6508,"Apple Magic Mouse, MacBook Air M4, USB-C Charging Cable"
T6509,"Screen Protector (iPad), iPad 10th Gen, iPad Smart Folio"
T6510,Apple Magic Keyboard
T6511,"Apple Watch Series 11, Apple Watch Sport Band"
T6512,"Apple Watch Charger, Apple Watch Milanese Loop, Apple Watch Ultra"
T6513,"Anker MagSafe Charging Dock, USB-C Charging Cable, USB-C EarPods, iPhone 16 Pro Max"
T6514,"Apple Magic Keyboard, Apple Magic Mouse, Mac mini M2"
T6515,"Apple Magic Mouse, MacBook Air M2"
T6516,"30W USB-C Power Adapter, Apple Magic Mouse, Laptop Sleeve, MacBook Air M4, USB-C Charging Cable"
T6517,iPhone 15 Plus
T6518,"Screen Protector (iPad), iPad Magic Keyboard, iPad Pro M4 13-inch"
T6519,Apple Watch Ultra 2
T6520,"Lightning Charging Cable, iPhone 13 Pro Max, iPhone MagSafe Charging Dock"
T6521,"Belkin MagSafe Charging Stand, Lightning Charging Cable, iPhone 13 Pro Max"
T6522,Apple Watch Series 9
T6523,"Anker MagSafe Charging Dock, Lightning Charging Cable, Screen Protector, iPhone 13"
T6524,"Apple Magic Keyboard, Apple Magic Mouse, Mac mini M4, Studio Display"
T6525,"Apple Magic Keyboard, Apple Magic Mouse, MacBook Pro M3, USB-C Charging Cable"
T6526,"Screen Protector (iPad), USB-C Charging Cable, iPad 10th Gen"
T6527,"Anker MagSafe Charging Dock, Lightning Charging Cable, iPhone 14 Plus, iPhone Case"
T6528,"Anker MagSafe Charging Dock, Screen Protector, USB-C EarPods, iPhone 15 Pro"
T6529,"Apple Watch Sport Band, Apple Watch Ultra 2"
T6530,iPhone 13
T6531,"Apple Magic Mouse, Bose SoundLink Flex, LG UltraFine 5K Display, Mac mini M2"
T6532,"Screen Protector, USB-C Charging Cable, iPhone 17 Air, iPhone Case"
T6533,"Apple Magic Keyboard, Apple Magic Mouse, JBL Flip 6, Mac mini M4, USB-C Hub"
T6534,"Anker MagSafe Charging Dock, Screen Protector, USB-C Charging Cable, USB-C EarPods, iPhone 17 Pro"
T6535,"iPhone 16, iPhone Case"
T6536,iPhone 15
T6537,"Lightning Charging Cable, Lightning EarPods, Screen Protector, iPhone 13 Pro, iPhone MagSafe Charging Dock"
T6538,MacBook Air M4
T6539,"Anker MagSafe Charging Dock, USB-C EarPods, iPhone 17"
T6540,"AirPods (3rd Gen), Anker MagSafe Charging Dock, Lightning Charging Cable, iPhone 13 mini, iPhone Case"
T6541,"65W USB-C Power Adapter, MacBook Pro M2, USB-C Charging Cable"
T6542,"USB-C Charging Cable, iPad 10th Gen"
T6543,"30W USB-C Power Adapter, Apple Magic Mouse, MacBook Air M1, USB-C Charging Cable"
T6544,"Screen Protector, iPhone 16 Pro Max, iPhone MagSafe Charging Dock"
T6545,"AirPods (3rd Gen), Screen Protector, iPhone 14 Pro, iPhone Case, iPhone MagSafe Charging Dock"
T6546,"AirPods Pro (2nd Gen), Apple Magic Keyboard, External SSD 1TB, MacBook Pro M3"
T6547,"AirPods (3rd Gen), MacBook Air M4, USB-C Charging Cable"
T6548,"AirPods (3rd Gen), Belkin MagSafe Charging Stand, iPhone 16 Pro"
T6549,"30W USB-C Power Adapter, MacBook Air M1"
T6550,Apple Watch Series 11
T6551,"Screen Protector, USB-C Charging Cable, iPhone 17 Pro"
T6552,"65W USB-C Power Adapter, Apple Magic Keyboard, MacBook Pro M3, USB-C Charging Cable"
T6553,"Apple Watch Charger, Apple Watch Milanese Loop, Apple Watch Series 9"
T6554,"Apple Magic Mouse, USB-C Charging Cable"
T6555,"30W USB-C Power Adapter, MacBook Air M1"
T6556,"Screen Protector, iPhone 17 Pro Max"
T6557,"Apple Watch Charger, Apple Watch Milanese Loop, Apple Watch Series 10"
T6558,MacBook Pro M1
T6559,iPad 10th Gen
T6560,AirPods (3rd Gen)
T6561,"Belkin MagSafe Charging Stand, USB-C EarPods, iPhone 15 Plus, iPhone Case"
T6562,Apple Watch Ultra 2
T6563,iPhone 15
T6564,"Apple Watch Series 11, Screen Protector (Watch)"
T6565,"Belkin MagSafe Charging Stand, USB-C Charging Cable, USB-C EarPods, iPhone 17"
T6566,"USB-C Charging Cable, USB-C EarPods, iPhone 15 Plus"
T6567,"MacBook Air M3, USB-C Charging Cable"
T6568,"Apple Magic Keyboard, Apple Magic Mouse, Mac mini M2"
T6569,"Belkin MagSafe Charging Stand, Lightning Charging Cable, Lightning EarPods, iPhone 14 Plus"
T6570,"Apple Magic Keyboard, Apple Magic Mouse, Mac mini M2 Pro, Studio Display"
T6571,MacBook Air M4
T6572,"Lightning Charging Cable, iPhone 14 Pro"
T6573,"Anker MagSafe Charging Dock, USB-C EarPods, iPhone 15 Pro Max"
T6574,"Anker MagSafe Charging Dock, Lightning Charging Cable, Lightning EarPods, Screen Protector, iPhone 14 Plus"
T6575,"USB-C Charging Cable, iPad Magic Keyboard, iPad Pro M4 13-inch"
T6576,"Apple Magic Mouse, Mac mini M2"
T6577,"65W USB-C Power Adapter, Apple Magic Keyboard, External SSD 1TB, MacBook Pro M4, USB-C Charging Cable"
T6578,Apple Watch Series 11
T6579,"USB-C Charging Cable, USB-C EarPods, iPhone 15 Pro Max"
T6580,"Lightning Charging Cable, Lightning EarPods, Screen Protector, iPhone 13 Pro Max"
T6581,"USB-C Charging Cable, iPhone 16 Plus"
T6582,"Lightning Charging Cable, iPhone 14, iPhone Case"
T6583,"Apple Magic Mouse, MacBook Air M1, USB-C Charging Cable"
T6584,MacBook Air M4
T6585,JBL Charge 5
T6586,"Screen Protector, USB-C EarPods, iPhone 17 Pro, iPhone Case"
T6587,"65W USB-C Power Adapter, Apple Magic Mouse, External SSD 1TB, MacBook Pro M3, USB-C Charging Cable"
T6588,"Lightning Charging Cable, Lightning EarPods, iPhone 13, iPhone MagSafe Charging Dock"
T6589,JBL Flip 6
T6590,Apple Watch Series 8
T6591,"30W USB-C Power Adapter, AirPods (3rd Gen), Apple Magic Mouse, MacBook Air M1, USB-C Charging Cable"
T6592,MacBook Pro M3
T6593,"AirPods Pro (2nd Gen), Anker MagSafe Charging Dock, Lightning Charging Cable, iPhone 14 Pro Max, iPhone Case"
T6594,iPhone 15
T6595,"65W USB-C Power Adapter, Apple Magic Keyboard, Apple Magic Mouse, External SSD 1TB, MacBook Pro M1"
T6596,"AirPods Pro (2nd Gen), iPhone 15 Plus, iPhone Case, iPhone MagSafe Charging Dock"
T6597,"USB-C Charging Cable, USB-C EarPods, iPhone 16 Plus, iPhone MagSafe Charging Dock"
T6598,"Apple Watch Charger, Apple Watch Ultra"
T6599,iPhone 14 Pro Max
T6600,"AirPods (3rd Gen), Belkin MagSafe Charging Stand, Lightning Charging Cable, Screen Protector, iPhone 13, iPhone Case"
T6601,iPhone 17 Pro
T6602,MacBook Pro M4
T6603,"USB-C Charging Cable, USB-C EarPods, iPhone 16 Pro, iPhone MagSafe Charging Dock"
T6604,"65W USB-C Power Adapter, External SSD 1TB, MacBook Pro M3"
T6605,iPad Pro M4 11-inch
T6606,"USB-C Charging Cable, USB-C EarPods, iPhone 16 Plus, iPhone Case, iPhone MagSafe Charging Dock"
T6607,"Apple Watch Charger, Apple Watch Sport Band, Apple Watch Ultra 2, Screen Protector (Watch)"
T6608,"Screen Protector, iPhone 14"
T6609,"AirPods (3rd Gen), Anker MagSafe Charging Dock, USB-C Charging Cable, iPhone 16 Pro Max, iPhone Case"
T6610,"30W USB-C Power Adapter, MacBook Air M3, USB-C Charging Cable"
T6611,"USB-C EarPods, iPhone 16 Pro Max"
T6612,"Apple Pencil (USB-C), USB-C Charging Cable, iPad Smart Folio, iPad mini 6"
T6613,"AirPods (3rd Gen), Lightning Charging Cable, iPhone 13, iPhone Case, iPhone MagSafe Charging Dock"
T6614,"Belkin MagSafe Charging Stand, Lightning Charging Cable, Lightning EarPods, Screen Protector, iPhone 14 Pro"
T6615,"AirPods Pro (2nd Gen), Anker MagSafe Charging Dock, Screen Protector, USB-C Charging Cable, iPhone 17 Pro"
T6616,"30W USB-C Power Adapter, Laptop Sleeve, MacBook Air M4, USB-C Charging Cable"
T6617,"AirPods (3rd Gen), Belkin MagSafe Charging Stand, USB-C Charging Cable, iPhone 15 Pro, iPhone Case"
T6618,iPhone 14 Pro Max
T6619,"Lightning Charging Cable, iPhone 13 mini, iPhone MagSafe Charging Dock"
T6620,"MacBook Pro M1, USB-C Charging Cable"
T6621,"Anker MagSafe Charging Dock, USB-C Charging Cable, USB-C EarPods, iPhone 16 Plus, iPhone Case"
T6622,"AirPods (3rd Gen), Screen Protector, USB-C Charging Cable, iPhone 17 Air, iPhone MagSafe Charging Dock"
T6623,JBL Charge 5
T6624,"AirPods (3rd Gen), USB-C Charging Cable"
T6625,"Apple Watch Charger, Apple Watch Milanese Loop, Apple Watch Ultra"
T6626,AirPods (3rd Gen)
T6627,"Screen Protector (iPad), USB-C Charging Cable, iPad Pro M4 11-inch"
T6628,"Screen Protector (iPad), USB-C Charging Cable, iPad 10th Gen, iPad Smart Folio"
T6629,"30W USB-C Power Adapter, Apple Magic Mouse, MacBook Air M4, USB-C Charging Cable"
T6630,iPhone 13 Pro Max
T6631,"Screen Protector, USB-C Charging Cable, iPhone 16 Plus, iPhone Case, iPhone MagSafe Charging Dock"
T6632,"Anker MagSafe Charging Dock, Lightning Charging Cable, iPhone 13"
T6633,"Belkin MagSafe Charging Stand, Screen Protector, USB-C EarPods, iPhone 17 Pro"
T6634,"AirPods (3rd Gen), Screen Protector, iPhone 14 Pro, iPhone Case, iPhone MagSafe Charging Dock"
T6635,iPhone 14 Pro Max
T6636,Apple Watch Series 8
T6637,"USB-C Charging Cable, iPhone 16 Pro"
T6638,"30W USB-C Power Adapter, Laptop Sleeve, MacBook Air M3, USB-C Charging Cable"
T6639,"Apple Watch Milanese Loop, Apple Watch Series 11, Screen Protector (Watch)"
T6640,"MacBook Air M3, USB-C Charging Cable"
T6641,"30W USB-C Power Adapter, MacBook Air M4, USB-C Charging Cable"
T6642,"30W USB-C Power Adapter, MacBook Air M2, USB-C Charging Cable"
T6643,"USB-C Charging Cable, iPhone 15 Pro Max, iPhone Case"
T6644,"30W USB-C Power Adapter, MacBook Air M2"
T6645,"Anker MagSafe Charging Dock, USB-C Charging Cable, iPhone 16 Pro"
T6646,"Belkin MagSafe Charging Stand, Screen Protector, USB-C Charging Cable, USB-C EarPods, iPhone 16 Plus"
T6647,"Screen Protector, USB-C EarPods, iPhone 17, iPhone Case, iPhone MagSafe Charging Dock"
T6648,Apple Watch Ultra
T6649,"Screen Protector, USB-C Charging Cable, USB-C EarPods, iPhone 15 Pro Max, iPhone Case, iPhone MagSafe Charging Dock"
T6650,"USB-C Charging Cable, USB-C EarPods, iPhone 16 Pro, iPhone MagSafe Charging Dock"
T6651,"Apple Watch Milanese Loop, Apple Watch Series 9, Screen Protector (Watch)"
T6652,"Screen Protector, USB-C Charging Cable, USB-C EarPods, iPhone 15, iPhone Case"
T6653,"AirPods (3rd Gen), Lightning Charging Cable, iPhone 13 Pro Max, iPhone Case"
T6654,"MacBook Air M1, USB-C Charging Cable"
T6655,"Screen Protector (iPad), iPad Pro M4 11-inch"
T6656,"Lightning EarPods, iPhone 13 Pro, iPhone MagSafe Charging Dock"
T6657,JBL Flip 6
T6658,iPhone 14 Pro
T6659,"Apple Watch Charger, Apple Watch Series 10"
T6660,"Apple Watch Charger, Apple Watch Milanese Loop, Apple Watch Series 8"
T6661,"MacBook Pro M1, USB-C Charging Cable"
T6662,"AirPods Pro (2nd Gen), Lightning Charging Cable, iPhone 13 Pro Max, iPhone Case"
T6663,"External SSD 1TB, MacBook Pro M4, USB-C Charging Cable"
T6664,"AirPods (3rd Gen), Anker MagSafe Charging Dock, iPhone 17 Air"
T6665,"Apple Watch Series 10, Apple Watch Trail Loop, Screen Protector (Watch)"
T6666,"Apple Magic Keyboard, Mac mini M2 Pro, Studio Display"
T6667,"Anker MagSafe Charging Dock, Screen Protector, USB-C Charging Cable, iPhone 17 Air"
T6668,"USB-C Charging Cable, USB-C EarPods, iPhone 15 Pro, iPhone MagSafe Charging Dock"
T6669,"Belkin MagSafe Charging Stand, Screen Protector, USB-C Charging Cable, iPhone 15 Pro, iPhone Case"
T6670,"AirPods Pro (2nd Gen), Anker MagSafe Charging Dock, USB-C Charging Cable, iPhone 16, iPhone Case"
T6671,"AirPods (3rd Gen), iPhone 14"
T6672,"Apple Watch Charger, Apple Watch Series 9, Apple Watch Sport Band"
T6673,"Apple Magic Keyboard, Apple Magic Mouse, Mac mini M2"
T6674,JBL Flip 6
T6675,"Apple Magic Keyboard, Apple Magic Mouse, Mac mini M4, Studio Display"
T6676,iPhone 16 Pro
T6677,"Apple Magic Keyboard, Apple Magic Mouse, Mac mini M2 Pro, USB-C Hub"
T6678,"Screen Protector (iPad), USB-C Charging Cable, iPad 10th Gen"
T6679,"Apple Pencil (USB-C), USB-C Charging Cable, iPad Smart Folio, iPad mini 6"
T6680,"30W USB-C Power Adapter, MacBook Air M2, USB-C Charging Cable"
T6681,"AirPods (3rd Gen), Belkin MagSafe Charging Stand, Lightning Charging Cable, Screen Protector, iPhone 14 Pro"
T6682,Apple Watch Ultra
T6683,"65W USB-C Power Adapter, Apple Magic Keyboard, Apple Magic Mouse, MacBook Pro M4"
T6684,"AirPods (3rd Gen), Lightning Charging Cable, iPhone 13 Pro"
T6685,"Apple Pencil (USB-C), iPad 10th Gen, iPad Smart Folio"
T6686,iPhone 16 Pro Max
T6687,"Apple Pencil (USB-C), USB-C Charging Cable, iPad Air M2, iPad Smart Folio"
T6688,"Lightning Charging Cable, iPhone 13 mini"
T6689,"Apple Watch Trail Loop, Apple Watch Ultra, Screen Protector (Watch)"
T6690,"AirPods Pro (2nd Gen), Anker MagSafe Charging Dock, Screen Protector, USB-C Charging Cable, iPhone 17 Air, iPhone Case"
T6691,"USB-C Charging Cable, iPhone 15, iPhone Case"
T6692,"Apple Watch Charger, Apple Watch Milanese Loop, Apple Watch Series 11"
T6693,iPad 10th Gen
T6694,"Belkin MagSafe Charging Stand, Lightning EarPods, iPhone 13 Pro"
T6695,"USB-C Charging Cable, USB-C EarPods, iPhone 16 Plus, iPhone MagSafe Charging Dock"
T6696,"Lightning Charging Cable, Lightning EarPods, Screen Protector, iPhone 14 Plus, iPhone Case, iPhone MagSafe Charging Dock"
T6697,"Anker MagSafe Charging Dock, Lightning Charging Cable, Lightning EarPods, iPhone 13 mini"
T6698,"iPad Smart Folio, iPad mini 6"
T6699,"Apple Watch Series 11, Apple Watch Solo Loop"
T6700,"AirPods Pro (2nd Gen), Anker MagSafe Charging Dock, USB-C Charging Cable, iPhone 16 Pro Max"
T6701,"USB-C EarPods, iPhone 16 Pro, iPhone Case"
T6702,iPhone 14
T6703,"Anker MagSafe Charging Dock, Screen Protector, USB-C Charging Cable, USB-C EarPods, iPhone 16 Plus"
T6704,iPad Pro M4 11-inch
T6705,"30W USB-C Power Adapter, AirPods (3rd Gen), Apple Magic Mouse, MacBook Air M3, USB-C Charging Cable"
T6706,"Apple Watch Charger, Apple Watch Milanese Loop, Apple Watch Series 11"
T6707,"Apple Watch Charger, Apple Watch Series 10, Apple Watch Solo Loop"
T6708,"Apple Magic Keyboard, Apple Magic Mouse, JBL Charge 5, Mac mini M4"
T6709,"Lightning Charging Cable, Lightning EarPods, iPhone 13 Pro"
T6710,"Apple Watch Charger, Apple Watch Milanese Loop, Apple Watch Ultra"
T6711,"AirPods (3rd Gen), Belkin MagSafe Charging Stand, Screen Protector, iPhone 16 Plus"
T6712,Apple Watch Ultra 2
T6713,iPhone 15
T6714,"Lightning Charging Cable, Lightning EarPods, iPhone 13, iPhone MagSafe Charging Dock"
T6715,"Apple Watch Charger, Apple Watch Solo Loop, Apple Watch Ultra"
T6716,"Lightning Charging Cable, Lightning EarPods, Screen Protector, iPhone 13 Pro"
T6717,"JBL Charge 5, Speaker Carry Case"
T6718,"30W USB-C Power Adapter, Apple Magic Mouse, MacBook Air M3"
T6719,iPhone 16 Plus
T6720,Apple Watch Series 10
T6721,"Apple Watch Milanese Loop, Apple Watch Series 8"
T6722,Apple Watch Ultra
T6723,"Screen Protector, USB-C Charging Cable, USB-C EarPods, iPhone 15 Pro, iPhone MagSafe Charging Dock"
T6724,"Lightning Charging Cable, Lightning EarPods, iPhone 14 Pro Max, iPhone Case, iPhone MagSafe Charging Dock"
T6725,"Apple Magic Mouse, MacBook Air M2"
T6726,iPad 10th Gen
T6727,"Lightning Charging Cable, Lightning EarPods, iPhone 13 Pro Max, iPhone MagSafe Charging Dock"
T6728,"Belkin MagSafe Charging Stand, Lightning Charging Cable, Lightning EarPods, iPhone 14 Pro, iPhone Case"
T6729,"Lightning Charging Cable, Lightning EarPods, iPhone 13 Pro"
T6730,"AirPods Pro (2nd Gen), Apple Magic Mouse, MacBook Pro M4, USB-C Charging Cable"
T6731,"USB-C Charging Cable, USB-C EarPods, iPhone 15 Plus"
T6732,"Apple Magic Keyboard, Apple Magic Mouse, Mac mini M2 Pro"
T6733,"Apple Pencil (USB-C), iPad Air M2, iPad Smart Folio"
T6734,"Belkin MagSafe Charging Stand, USB-C Charging Cable, USB-C EarPods, iPhone 16 Pro"
T6735,"AirPods Pro (2nd Gen), Anker MagSafe Charging Dock, USB-C Charging Cable, iPhone 17, iPhone Case"
T6736,"65W USB-C Power Adapter, Apple Magic Mouse, External SSD 1TB, MacBook Pro M3"
T6737,AirPods (3rd Gen)
T6738,JBL Charge 5
T6739,"Lightning Charging Cable, iPhone 14 Pro"
T6740,"30W USB-C Power Adapter, Apple Magic Mouse, MacBook Air M4"
T6741,"Apple Pencil (USB-C), Screen Protector (iPad), iPad mini 7"
T6742,"Lightning Charging Cable, Lightning EarPods, iPhone 14"
T6743,"Anker MagSafe Charging Dock, Lightning Charging Cable, iPhone 14 Plus"
T6744,"Screen Protector, USB-C Charging Cable, iPhone 17, iPhone Case, iPhone MagSafe Charging Dock"
T6745,"Apple Pencil (2nd Gen), Screen Protector (iPad), iPad Magic Keyboard, iPad Pro M4 13-inch"
T6746,Apple Watch Ultra
T6747,"Apple Watch Series 9, Apple Watch Sport Band"
T6748,"65W USB-C Power Adapter, AirPods Pro (2nd Gen), Apple Magic Mouse, MacBook Pro M3, USB-C Charging Cable"
T6749,"Belkin MagSafe Charging Stand, USB-C EarPods, iPhone 17 Air"
T6750,MacBook Pro M2
T6751,"30W USB-C Power Adapter, Apple Magic Mouse, MacBook Air M3"
T6752,iPhone 15 Plus
T6753,iPad Pro M4 11-inch
T6754,"30W USB-C Power Adapter, AirPods (3rd Gen), MacBook Air M4, USB-C Charging Cable"
T6755,iPhone 14 Plus
T6756,"Anker MagSafe Charging Dock, USB-C Charging Cable, iPhone 17 Air"
T6757,MacBook Air M4
T6758,"65W USB-C Power Adapter, AirPods Pro (2nd Gen), Apple Magic Keyboard, MacBook Pro M4, USB-C Charging Cable"
T6759,"Anker MagSafe Charging Dock, iPhone 16, iPhone Case"
T6760,"AirPods Pro (2nd Gen), Anker MagSafe Charging Dock, Lightning Charging Cable, iPhone 14 Pro Max"
T6761,"Anker MagSafe Charging Dock, Lightning Charging Cable, Lightning EarPods, Screen Protector, iPhone 14 Plus"
T6762,"Lightning Charging Cable, iPhone 13 Pro"
T6763,"30W USB-C Power Adapter, MacBook Air M1, USB-C Charging Cable"
T6764,"USB-C Charging Cable, iPhone 15 Plus, iPhone MagSafe Charging Dock"
T6765,"Apple Pencil (USB-C), iPad mini 6"
T6766,"Anker MagSafe Charging Dock, Lightning EarPods, iPhone 14 Pro Max"
T6767,"Belkin MagSafe Charging Stand, iPhone 13 Pro"
T6768,"Screen Protector (iPad), USB-C Charging Cable, iPad Smart Folio, iPad mini 7"
T6769,iPhone 16 Pro Max
T6770,"Anker MagSafe Charging Dock, Lightning EarPods, Screen Protector, iPhone 14 Pro Max"
T6771,"Apple Magic Keyboard, Mac mini M2 Pro, Studio Display"
T6772,iPhone 17
T6773,iPad 10th Gen
T6774,"30W USB-C Power Adapter, MacBook Air M2, USB-C Charging Cable"
T6775,"Lightning Charging Cable, Lightning EarPods, iPhone 13, iPhone Case, iPhone MagSafe Charging Dock"
T6776,"Apple Watch Charger, Apple Watch Series 8, Apple Watch Solo Loop"
T6777,"Anker MagSafe Charging Dock, USB-C EarPods, iPhone 15 Pro, iPhone Case"
T6778,Apple Watch Series 8
T6779,"65W USB-C Power Adapter, Apple Magic Mouse, MacBook Pro M2, USB-C Charging Cable"
T6780,"Lightning EarPods, iPhone 14"
T6781,iPhone 16 Pro Max
T6782,"Apple Pencil (USB-C), USB-C Charging Cable, iPad 10th Gen, iPad Smart Folio"
T6783,"Apple Watch Charger, Apple Watch Series 10, Apple Watch Sport Band"
T6784,"Anker MagSafe Charging Dock, Lightning Charging Cable, Lightning EarPods, iPhone 13 Pro Max, iPhone Case"
T6785,"Apple Watch Charger, Apple Watch Milanese Loop, Apple Watch Series 9"
T6786,"AirPods (3rd Gen), Anker MagSafe Charging Dock, Screen Protector, USB-C Charging Cable, iPhone 15 Pro Max"
T6787,"iPad 10th Gen, iPad Smart Folio"
T6788,"30W USB-C Power Adapter, MacBook Air M2, USB-C Charging Cable"
T6789,"30W USB-C Power Adapter, MacBook Air M1, USB-C Charging Cable"
T6790,MacBook Air M1
T6791,"USB-C Charging Cable, iPhone 17 Pro, iPhone MagSafe Charging Dock"
T6792,"65W USB-C Power Adapter, Apple Magic Mouse, MacBook Pro M1, USB-C Charging Cable"
T6793,"Apple Watch Charger, Apple Watch Solo Loop, Apple Watch Ultra 2"
T6794,iPhone 15 Plus
T6795,iPhone 16 Plus
T6796,"30W USB-C Power Adapter, MacBook Air M1, USB-C Charging Cable"
T6797,iPad Pro M4 11-inch
T6798,iPhone 14
T6799,"30W USB-C Power Adapter, Laptop Sleeve, MacBook Air M2"
T6800,"AirPods (3rd Gen), iPhone 16 Plus, iPhone MagSafe Charging Dock"
T6801,"Apple Magic Mouse, Mac mini M4, Studio Display, USB-C Hub"
T6802,"USB-C Charging Cable, iPhone 16 Plus"
T6803,"Lightning Charging Cable, iPhone 13 mini"
T6804,Marshall Emberton II
T6805,AirPods Pro (2nd Gen)
T6806,"Belkin MagSafe Charging Stand, Lightning Charging Cable, Lightning EarPods, iPhone 14 Plus"
T6807,Mac mini M2 Pro
T6808,"AirPods (3rd Gen), Belkin MagSafe Charging Stand, Screen Protector, USB-C Charging Cable, iPhone 16 Plus"
T6809,"Apple Watch Series 8, Apple Watch Trail Loop"
T6810,Apple Magic Mouse
T6811,"65W USB-C Power Adapter, MacBook Pro M1, USB-C Charging Cable"
T6812,Apple Watch Series 9
T6813,"Apple Magic Keyboard, Apple Magic Mouse, LG UltraFine 5K Display, Mac mini M2, Marshall Stanmore III, USB-C Hub"
T6814,Marshall Stanmore III
T6815,"Apple Pencil (2nd Gen), iPad Magic Keyboard, iPad Pro M4 13-inch"
T6816,"Belkin MagSafe Charging Stand, Lightning Charging Cable, iPhone 14 Pro Max, iPhone Case"
T6817,"USB-C Charging Cable, iPhone 16, iPhone MagSafe Charging Dock"
T6818,MacBook Pro M2
T6819,"Lightning Charging Cable, iPhone 14, iPhone MagSafe Charging Dock"
T6820,"Belkin MagSafe Charging Stand, Lightning Charging Cable, iPhone 13"
T6821,Marshall Stanmore III
T6822,iPhone 16 Plus
T6823,iPhone 16 Pro
T6824,"Apple Pencil (USB-C), iPad Smart Folio, iPad mini 7"
T6825,"AirPods (3rd Gen), MacBook Air M1"
T6826,"30W USB-C Power Adapter, AirPods (3rd Gen), MacBook Air M2"
T6827,"Apple Watch Series 11, Apple Watch Solo Loop"
T6828,iPhone 16 Pro
T6829,"65W USB-C Power Adapter, MacBook Pro M3, USB-C Charging Cable"
T6830,"USB-C Charging Cable, iPad Air M2, iPad Smart Folio"
T6831,"Belkin MagSafe Charging Stand, Lightning Charging Cable, Lightning EarPods, iPhone 13 Pro"
T6832,"Screen Protector (iPad), iPad Air M2"
T6833,"Belkin MagSafe Charging Stand, Screen Protector, USB-C Charging Cable, iPhone 15"
T6834,"Lightning EarPods, iPhone 13, iPhone Case, iPhone MagSafe Charging Dock"
T6835,"External SSD 1TB, MacBook Pro M2, USB-C Charging Cable"
T6836,Mac mini M2 Pro
T6837,"Anker MagSafe Charging Dock, Lightning Charging Cable, Lightning EarPods, Screen Protector, iPhone 13 Pro"
T6838,Apple Watch Series 11
T6839,"Anker MagSafe Charging Dock, Lightning Charging Cable, Lightning EarPods, iPhone 13 Pro, iPhone Case"
T6840,"Lightning Charging Cable, iPhone 13 Pro, iPhone MagSafe Charging Dock"
T6841,Apple Watch Series 9
T6842,iPad mini 7
T6843,"Apple Watch Series 8, Apple Watch Solo Loop"
T6844,"MacBook Pro M3, USB-C Charging Cable"
T6845,"30W USB-C Power Adapter, AirPods (3rd Gen), Apple Magic Mouse, MacBook Air M1, USB-C Charging Cable"
T6846,"Anker MagSafe Charging Dock, USB-C Charging Cable, USB-C EarPods, iPhone 15, iPhone Case"
T6847,"JBL Flip 6, Mac mini M4"
T6848,"Anker MagSafe Charging Dock, Screen Protector, USB-C Charging Cable, iPhone 17 Pro Max"
T6849,"Apple Watch Solo Loop, Apple Watch Ultra 2"
T6850,"Anker MagSafe Charging Dock, Lightning Charging Cable, Lightning EarPods, iPhone 14 Pro"
T6851,"AirPods Pro (2nd Gen), Belkin MagSafe Charging Stand, Lightning Charging Cable, Screen Protector, iPhone 14 Pro Max"
T6852,JBL Charge 5
T6853,Apple Watch Series 9
T6854,"30W USB-C Power Adapter, AirPods (3rd Gen), Apple Magic Mouse, Laptop Sleeve, MacBook Air M1, USB-C Charging Cable"
T6855,"Anker MagSafe Charging Dock, Screen Protector, USB-C Charging Cable, iPhone 17, iPhone Case"
T6856,"Apple Magic Keyboard, Apple Magic Mouse, Mac mini M2"
T6857,"iPhone 15 Pro, iPhone Case"
T6858,"30W USB-C Power Adapter, MacBook Air M4"
T6859,"30W USB-C Power Adapter, MacBook Air M3, USB-C Charging Cable"
T6860,Apple Magic Keyboard
T6861,"Screen Protector, USB-C Charging Cable, iPhone 17 Pro, iPhone MagSafe Charging Dock"
T6862,iPad Air M2
T6863,"MacBook Air M2, USB-C Charging Cable"
T6864,"AirPods Pro (2nd Gen), Belkin MagSafe Charging Stand, Screen Protector, USB-C Charging Cable, iPhone 17, iPhone Case"
T6865,iPad Pro M4 11-inch
T6866,"Apple Watch Charger, Apple Watch Series 11, Apple Watch Solo Loop"
T6867,iPhone 16 Pro Max
T6868,"Anker MagSafe Charging Dock, USB-C Charging Cable, USB-C EarPods, iPhone 17"
T6869,"30W USB-C Power Adapter, Apple Magic Mouse, MacBook Air M1, USB-C Charging Cable"
T6870,"Apple Pencil (USB-C), USB-C Charging Cable, iPad Smart Folio, iPad mini 6"
T6871,"Belkin MagSafe Charging Stand, Screen Protector, USB-C Charging Cable, USB-C EarPods, iPhone 17 Pro"
T6872,AirPods (3rd Gen)
T6873,"Anker MagSafe Charging Dock, Lightning Charging Cable, Lightning EarPods, iPhone 13 Pro"
T6874,"Anker MagSafe Charging Dock, USB-C Charging Cable, USB-C EarPods, iPhone 16 Plus"
T6875,"30W USB-C Power Adapter, AirPods (3rd Gen), MacBook Air M4, USB-C Charging Cable"
T6876,"Apple Pencil (2nd Gen), USB-C Charging Cable, iPad Magic Keyboard, iPad Pro M4 11-inch"
T6877,"AirPods (3rd Gen), iPhone 15 Pro, iPhone MagSafe Charging Dock"
T6878,"Marshall Stanmore III, USB-C Charging Cable"
T6879,"Apple Watch Charger, Apple Watch Milanese Loop, Apple Watch Ultra 2"
T6880,"30W USB-C Power Adapter, Laptop Sleeve, MacBook Air M3, USB-C Charging Cable"
T6881,"30W USB-C Power Adapter, AirPods (3rd Gen), Apple Magic Mouse, MacBook Air M2"
T6882,"65W USB-C Power Adapter, MacBook Pro M3, USB-C Charging Cable"
T6883,iPhone 13 Pro
T6884,"Apple Pencil (USB-C), iPad Smart Folio, iPad mini 6"
T6885,"30W USB-C Power Adapter, MacBook Air M2, USB-C Charging Cable"
T6886,Apple Watch Ultra
T6887,"Belkin MagSafe Charging Stand, Lightning Charging Cable, Lightning EarPods, iPhone 14 Pro Max"
T6888,"65W USB-C Power Adapter, MacBook Pro M2, USB-C Charging Cable"
T6889,"Apple Watch Series 11, Apple Watch Solo Loop"
T6890,"Anker MagSafe Charging Dock, USB-C Charging Cable, USB-C EarPods, iPhone 17 Pro Max"
T6891,"AirPods Pro (2nd Gen), Screen Protector, USB-C Charging Cable, iPhone 15"
T6892,"Anker MagSafe Charging Dock, USB-C Charging Cable, USB-C EarPods, iPhone 15 Pro, iPhone Case"
T6893,"Apple Magic Keyboard, Apple Magic Mouse, JBL Charge 5, Mac mini M2"
T6894,Bose SoundLink Flex
T6895,"AirPods Pro (2nd Gen), iPhone 14"
T6896,"AirPods Pro (2nd Gen), Belkin MagSafe Charging Stand, iPhone 17 Pro"
T6897,"Apple Magic Keyboard, Mac mini M4"
T6898,"MacBook Pro M2, USB-C Charging Cable"
T6899,"AirPods Pro (2nd Gen), MacBook Pro M1, USB-C Charging Cable"
T6900,"USB-C Charging Cable, iPad Air M2"
T6901,iPhone 15 Pro
T6902,iPhone 16
T6903,iPad Pro M4 11-inch
T6904,JBL Flip 6
T6905,iPad Air M2
T6906,"Apple Watch Charger, Apple Watch Series 9, Apple Watch Sport Band"
T6907,"Anker MagSafe Charging Dock, USB-C Charging Cable, USB-C EarPods, iPhone 15"
T6908,"Screen Protector, USB-C EarPods, iPhone 16 Pro Max, iPhone MagSafe Charging Dock"
T6909,"AirPods (3rd Gen), Lightning Charging Cable, iPhone 14, iPhone Case"
T6910,"30W USB-C Power Adapter, Apple Magic Mouse, MacBook Air M2"
T6911,"65W USB-C Power Adapter, AirPods Pro (2nd Gen), MacBook Pro M1, USB-C Charging Cable"
T6912,MacBook Pro M3
T6913,"Apple Watch Solo Loop, Apple Watch Ultra"
T6914,"Apple Watch Charger, Apple Watch Series 8, Apple Watch Solo Loop, Screen Protector (Watch)"
T6915,"USB-C Charging Cable, USB-C EarPods, iPhone 16 Pro Max, iPhone MagSafe Charging Dock"
T6916,"Lightning Charging Cable, Lightning EarPods, Screen Protector, iPhone 13 Pro Max, iPhone MagSafe Charging Dock"
T6917,"Lightning Charging Cable, Screen Protector, iPhone 13 Pro, iPhone MagSafe Charging Dock"
T6918,"Laptop Sleeve, MacBook Air M3"
T6919,iPhone 14
T6920,"Apple Pencil (USB-C), Screen Protector (iPad), iPad mini 6"
T6921,"AirPods (3rd Gen), MacBook Air M2"
T6922,"USB-C Charging Cable, USB-C EarPods, iPhone 15 Pro, iPhone MagSafe Charging Dock"
T6923,"Apple Pencil (USB-C), iPad 10th Gen, iPad Smart Folio"
T6924,"Apple Pencil (USB-C), iPad 10th Gen, iPad Smart Folio"
T6925,"Apple Watch Charger, Apple Watch Series 8, Apple Watch Sport Band"
T6926,AirPods (3rd Gen)
T6927,iPad Pro M4 13-inch
T6928,"iPhone 17 Air, iPhone Case, iPhone MagSafe Charging Dock"
T6929,"USB-C Charging Cable, iPhone 16 Pro, iPhone MagSafe Charging Dock"
T6930,Apple Watch Ultra
T6931,AirPods Pro (2nd Gen)
T6932,"65W USB-C Power Adapter, AirPods Pro (2nd Gen), MacBook Pro M1, USB-C Charging Cable"
T6933,"USB-C Charging Cable, USB-C EarPods, iPhone 17 Pro"
T6934,MacBook Air M1
T6935,"Apple Watch Charger, Apple Watch Milanese Loop, Apple Watch Ultra, Screen Protector (Watch)"
T6936,"Anker MagSafe Charging Dock, USB-C Charging Cable, USB-C EarPods, iPhone 16"
T6937,"Screen Protector (iPad), USB-C Charging Cable, iPad Magic Keyboard, iPad Pro M4 11-inch"
T6938,"65W USB-C Power Adapter, Apple Magic Mouse, External SSD 1TB, MacBook Pro M2, USB-C Charging Cable"
T6939,"Apple Magic Mouse, MacBook Air M1, USB-C Charging Cable"
T6940,"AirPods (3rd Gen), Belkin MagSafe Charging Stand, USB-C Charging Cable, iPhone 15, iPhone Case"
T6941,"Apple Watch Series 9, Apple Watch Sport Band"
T6942,MacBook Pro M1
T6943,"30W USB-C Power Adapter, Apple Magic Mouse, MacBook Air M3"
T6944,"Apple Pencil (2nd Gen), iPad Pro M4 11-inch"
T6945,"Apple Magic Mouse, MacBook Air M2, USB-C Charging Cable"
T6946,"USB-C Charging Cable, USB-C EarPods, iPhone 17, iPhone MagSafe Charging Dock"
T6947,"Apple Magic Keyboard, Apple Magic Mouse, LG UltraFine 5K Display, Mac mini M2"
T6948,"USB-C Charging Cable, iPhone 17 Pro Max"
T6949,iPad Pro M4 11-inch
T6950,"USB-C Charging Cable, iPhone 17 Air"
T6951,"Lightning EarPods, Screen Protector, iPhone 13 Pro Max, iPhone Case, iPhone MagSafe Charging Dock"
T6952,Apple Magic Keyboard
T6953,iPad Pro M4 11-inch
T6954,Apple Watch Ultra 2
T6955,"iPhone 15 Plus, iPhone Case, iPhone MagSafe Charging Dock"
T6956,"iPhone 16, iPhone Case"
T6957,"Apple Pencil (2nd Gen), USB-C Charging Cable, iPad Pro M4 13-inch"
T6958,"Apple Watch Charger, Apple Watch Series 8"
T6959,Mac mini M2 Pro
T6960,"Belkin MagSafe Charging Stand, USB-C Charging Cable, iPhone 17 Pro, iPhone Case"
T6961,"Apple Magic Keyboard, Apple Magic Mouse, Mac mini M2"
T6962,"USB-C Charging Cable, USB-C EarPods, iPhone 17, iPhone Case"
T6963,"Apple Watch Series 11, Apple Watch Sport Band"
T6964,"65W USB-C Power Adapter, Apple Magic Keyboard, MacBook Pro M1, USB-C Charging Cable"
T6965,Apple Magic Keyboard
T6966,"Apple Watch Charger, Apple Watch Series 10, Apple Watch Sport Band"
T6967,iPhone 16 Pro Max
T6968,"USB-C Charging Cable, iPad Air M2"
T6969,"Lightning Charging Cable, Lightning EarPods, iPhone 13 Pro Max"
T6970,"65W USB-C Power Adapter, MacBook Pro M1, USB-C Charging Cable"
T6971,"Belkin MagSafe Charging Stand, Lightning Charging Cable, Lightning EarPods, iPhone 14 Pro"
T6972,"Apple Watch Charger, Apple Watch Series 11, Apple Watch Sport Band, Screen Protector (Watch)"
T6973,"Apple Magic Keyboard, Apple Magic Mouse, LG UltraFine 5K Display, Mac mini M4, USB-C Hub"
T6974,"30W USB-C Power Adapter, AirPods (3rd Gen), Apple Magic Mouse, MacBook Air M4"
T6975,"AirPods (3rd Gen), Screen Protector, USB-C Charging Cable, iPhone 17 Pro Max"
T6976,"Anker MagSafe Charging Dock, Lightning Charging Cable, Lightning EarPods, iPhone 14 Pro Max, iPhone Case"
T6977,"Apple Pencil (USB-C), Screen Protector (iPad), iPad 10th Gen, iPad Smart Folio"
T6978,"AirPods Pro (2nd Gen), Belkin MagSafe Charging Stand, Screen Protector, USB-C Charging Cable, iPhone 17 Pro"
T6979,"Anker MagSafe Charging Dock, Screen Protector, USB-C Charging Cable, USB-C EarPods, iPhone 17 Air"
T6980,"Apple Pencil (2nd Gen), USB-C Charging Cable, iPad Magic Keyboard, iPad Pro M4 11-inch"
T6981,"Belkin MagSafe Charging Stand, Lightning Charging Cable, Lightning EarPods, iPhone 13"
T6982,iPad 10th Gen
T6983,iPad Pro M4 13-inch
T6984,"AirPods (3rd Gen), Screen Protector, USB-C Charging Cable, iPhone 15, iPhone Case"
T6985,"Apple Watch Charger, Apple Watch Series 11, Apple Watch Solo Loop"
T6986,iPhone 17 Air
T6987,"Belkin MagSafe Charging Stand, USB-C Charging Cable, USB-C EarPods, iPhone 17 Pro Max"
T6988,"Belkin MagSafe Charging Stand, USB-C Charging Cable, USB-C EarPods, iPhone 16"
T6989,"AirPods (3rd Gen), MacBook Air M1, USB-C Charging Cable"
T6990,iPhone 14 Pro Max
T6991,Apple Watch Ultra 2
T6992,"Belkin MagSafe Charging Stand, USB-C EarPods, iPhone 15 Pro"
T6993,"Belkin MagSafe Charging Stand, USB-C Charging Cable, USB-C EarPods, iPhone 15 Pro"
T6994,"65W USB-C Power Adapter, Apple Magic Mouse, MacBook Pro M4"
T6995,"Belkin MagSafe Charging Stand, Lightning Charging Cable, Lightning EarPods, iPhone 13 mini"
T6996,"30W USB-C Power Adapter, Apple Magic Mouse, MacBook Air M3, USB-C Charging Cable"
T6997,AirPods Pro (2nd Gen)
T6998,"Apple Watch Charger, Apple Watch Series 10, Apple Watch Trail Loop"
T6999,"Lightning Charging Cable, Lightning EarPods, iPhone 13 Pro, iPhone MagSafe Charging Dock"
T7000,"AirPods (3rd Gen), Lightning Charging Cable, iPhone 14 Pro Max, iPhone Case, iPhone MagSafe Charging Dock"
T7001,"Anker MagSafe Charging Dock, Lightning Charging Cable, Lightning EarPods, iPhone 14, iPhone Case"
T7002,"USB-C Charging Cable, iPad 10th Gen"
T7003,"Lightning Charging Cable, Lightning EarPods, Screen Protector, iPhone 13 Pro"
T7004,"Apple Watch Series 10, Apple Watch Trail Loop"
T7005,"AirPods (3rd Gen), Anker MagSafe Charging Dock, iPhone 14, iPhone Case"
T7006,MacBook Pro M3
T7007,"Belkin MagSafe Charging Stand, USB-C Charging Cable, USB-C EarPods, iPhone 15 Pro"
T7008,"USB-C Charging Cable, iPhone 15"
T7009,"30W USB-C Power Adapter, Laptop Sleeve, MacBook Air M1"
T7010,"Anker MagSafe Charging Dock, iPhone 14 Pro Max"
T7011,"AirPods (3rd Gen), Anker MagSafe Charging Dock, Lightning Charging Cable, iPhone 13"
T7012,"iPad Smart Folio, iPad mini 6"
T7013,"Screen Protector, iPhone 17"
T7014,"65W USB-C Power Adapter, MacBook Pro M4, USB-C Charging Cable"
T7015,"30W USB-C Power Adapter, Laptop Sleeve, MacBook Air M3"
T7016,"Screen Protector, USB-C Charging Cable, iPhone 17 Air, iPhone MagSafe Charging Dock"
T7017,"USB-C Charging Cable, iPhone 16 Pro Max, iPhone Case"
T7018,"USB-C Charging Cable, iPhone 16 Pro Max, iPhone MagSafe Charging Dock"
T7019,"AirPods Pro (2nd Gen), Belkin MagSafe Charging Stand, Screen Protector, USB-C Charging Cable, iPhone 16"
T7020,"USB-C Charging Cable, USB-C EarPods, iPhone 16 Pro Max"
T7021,"Lightning EarPods, iPhone 13, iPhone Case"
T7022,"Belkin MagSafe Charging Stand, Screen Protector, iPhone 15"
T7023,"Belkin MagSafe Charging Stand, USB-C Charging Cable, USB-C EarPods, iPhone 17 Pro Max, iPhone Case"
T7024,"AirPods Pro (2nd Gen), Apple Magic Mouse, External SSD 1TB, MacBook Pro M2, USB-C Charging Cable"
T7025,"30W USB-C Power Adapter, Laptop Sleeve, MacBook Air M4, USB-C Charging Cable"
T7026,Apple Watch Series 11
T7027,"Screen Protector, USB-C Charging Cable, iPhone 17 Pro"
T7028,Mac mini M2 Pro
T7029,"USB-C Charging Cable, iPad Air M2"
T7030,iPhone 17 Pro
T7031,"Anker MagSafe Charging Dock, Lightning EarPods, iPhone 13 mini"
T7032,"30W USB-C Power Adapter, MacBook Air M3"
T7033,"Belkin MagSafe Charging Stand, Lightning Charging Cable, Lightning EarPods, iPhone 13"
T7034,"Belkin MagSafe Charging Stand, USB-C Charging Cable, USB-C EarPods, iPhone 16 Pro, iPhone Case"
T7035,Apple Watch Series 9
T7036,"iPad Magic Keyboard, iPad Pro M4 13-inch"
T7037,MacBook Pro M3
T7038,"30W USB-C Power Adapter, Apple Magic Mouse, MacBook Air M1, USB-C Charging Cable"
T7039,"AirPods Pro (2nd Gen), Anker MagSafe Charging Dock, iPhone 15, iPhone Case"
T7040,Apple Watch Ultra
T7041,"Screen Protector, USB-C Charging Cable, iPhone 15 Pro Max"
T7042,"65W USB-C Power Adapter, MacBook Pro M2"
T7043,"Apple Magic Keyboard, JBL Charge 5, Mac mini M2 Pro, Studio Display"
T7044,"JBL Flip 6, Mac mini M2 Pro"
T7045,"Apple Watch Series 10, Apple Watch Trail Loop"
T7046,"Apple Magic Keyboard, External SSD 1TB, MacBook Pro M3, USB-C Charging Cable"
T7047,"AirPods (3rd Gen), MacBook Air M4"
T7048,"65W USB-C Power Adapter, AirPods Pro (2nd Gen), Apple Magic Keyboard, MacBook Pro M2, USB-C Charging Cable"
T7049,iPhone 16
T7050,MacBook Air M4
T7051,Mac mini M2
T7052,"30W USB-C Power Adapter, Laptop Sleeve, MacBook Air M4, USB-C Charging Cable"
T7053,iPhone 14 Pro Max
T7054,"AirPods (3rd Gen), Anker MagSafe Charging Dock, iPhone 16 Plus"
T7055,"Lightning EarPods, Screen Protector, iPhone 13 Pro Max, iPhone MagSafe Charging Dock"
T7056,"AirPods (3rd Gen), MacBook Air M2, USB-C Charging Cable"
T7057,"30W USB-C Power Adapter, Laptop Sleeve, MacBook Air M1, USB-C Charging Cable"
T7058,"Apple Watch Series 11, Apple Watch Solo Loop"
T7059,"30W USB-C Power Adapter, AirPods (3rd Gen), Laptop Sleeve, MacBook Air M2, USB-C Charging Cable"
T7060,"30W USB-C Power Adapter, AirPods (3rd Gen), Apple Magic Mouse, Laptop Sleeve, MacBook Air M2"
T7061,"AirPods Pro (2nd Gen), Screen Protector, USB-C Charging Cable, iPhone 15 Pro"
T7062,"Apple Magic Keyboard, Mac mini M2 Pro, USB-C Hub"
T7063,"65W USB-C Power Adapter, Apple Magic Keyboard, MacBook Pro M3, USB-C Charging Cable"
T7064,"30W USB-C Power Adapter, Apple Magic Mouse, MacBook Air M2"
T7065,"Anker MagSafe Charging Dock, Screen Protector, USB-C Charging Cable, USB-C EarPods, iPhone 16 Pro Max"
T7066,"Apple Magic Keyboard, LG UltraFine 5K Display, Mac mini M4"
T7067,"Lightning Charging Cable, Lightning EarPods, Screen Protector, iPhone 14 Plus"
T7068,"Apple Magic Keyboard, Apple Magic Mouse, LG UltraFine 5K Display, Mac mini M2"
T7069,iPhone 17 Pro Max
T7070,"USB-C EarPods, iPhone 15, iPhone MagSafe Charging Dock"
T7071,"Belkin MagSafe Charging Stand, Lightning Charging Cable, Lightning EarPods, iPhone 14 Pro Max"
T7072,"Screen Protector, USB-C Charging Cable, USB-C EarPods, iPhone 17 Air, iPhone Case, iPhone MagSafe Charging Dock"
T7073,Apple Watch Series 8
T7074,"Apple Magic Mouse, Mac mini M2 Pro, USB-C Hub"
T7075,"AirPods Pro (2nd Gen), USB-C Charging Cable, iPhone 17 Pro Max, iPhone Case, iPhone MagSafe Charging Dock"
T7076,Bose SoundLink Flex
T7077,"30W USB-C Power Adapter, Apple Magic Mouse, MacBook Air M4, USB-C Charging Cable"
T7078,"Screen Protector (iPad), USB-C Charging Cable, iPad Pro M4 11-inch"
T7079,"30W USB-C Power Adapter, AirPods (3rd Gen), MacBook Air M2"
T7080,"Anker MagSafe Charging Dock, Screen Protector, iPhone 17 Air"
T7081,"30W USB-C Power Adapter, Apple Magic Mouse, MacBook Air M2"
T7082,MacBook Air M1
T7083,"Apple Watch Charger, Apple Watch Ultra"
T7084,iPhone 16 Plus
T7085,"Screen Protector (iPad), iPad Air M2"
T7086,"Apple Watch Charger, Apple Watch Sport Band, Apple Watch Ultra"
T7087,"AirPods (3rd Gen), USB-C Charging Cable, iPhone 17 Air, iPhone MagSafe Charging Dock"
T7088,"Apple Watch Series 11, Apple Watch Trail Loop"
T7089,"30W USB-C Power Adapter, Apple Magic Mouse, Laptop Sleeve, MacBook Air M4, USB-C Charging Cable"
T7090,"Lightning Charging Cable, Lightning EarPods, iPhone 13 mini, iPhone MagSafe Charging Dock"
T7091,"AirPods Pro (2nd Gen), Apple Magic Keyboard, Apple Magic Mouse, MacBook Pro M1, USB-C Charging Cable"
T7092,Apple Watch Series 11
T7093,"AirPods (3rd Gen), Belkin MagSafe Charging Stand, Screen Protector, iPhone 15"
T7094,Apple Watch Series 8
T7095,Marshall Stanmore III
T7096,"Screen Protector, USB-C Charging Cable, iPhone 15 Plus, iPhone Case, iPhone MagSafe Charging Dock"
T7097,iPad Pro M4 11-inch
T7098,"AirPods Pro (2nd Gen), USB-C Charging Cable, iPhone 16 Pro Max, iPhone Case, iPhone MagSafe Charging Dock"
T7099,MacBook Air M3
T7100,"65W USB-C Power Adapter, Apple Magic Mouse, MacBook Pro M1, USB-C Charging Cable"
T7101,"Belkin MagSafe Charging Stand, Lightning Charging Cable, Lightning EarPods, iPhone 14 Plus"
T7102,"Apple Watch Series 10, Apple Watch Solo Loop"
T7103,iPhone 15 Pro
T7104,Mac mini M2 Pro
T7105,"30W USB-C Power Adapter, Apple Magic Mouse, MacBook Air M4"
T7106,iPhone 14
T7107,"Lightning Charging Cable, Lightning EarPods, iPhone 14 Pro"
T7108,MacBook Air M4
T7109,iPhone 17
T7110,"Screen Protector, USB-C Charging Cable, USB-C EarPods, iPhone 15 Plus"
T7111,"30W USB-C Power Adapter, AirPods (3rd Gen), MacBook Air M1, USB-C Charging Cable"
T7112,MacBook Air M1
T7113,"65W USB-C Power Adapter, AirPods Pro (2nd Gen), MacBook Pro M4, USB-C Charging Cable"
T7114,"AirPods Pro (2nd Gen), Lightning Charging Cable, iPhone 13 Pro, iPhone Case, iPhone MagSafe Charging Dock"
T7115,"30W USB-C Power Adapter, MacBook Air M2, USB-C Charging Cable"
T7116,"Apple Pencil (USB-C), USB-C Charging Cable, iPad mini 6"
T7117,Mac mini M4
T7118,"iPad 10th Gen, iPad Smart Folio"
T7119,"Apple Watch Charger, Apple Watch Ultra 2"
T7120,"30W USB-C Power Adapter, Laptop Sleeve, MacBook Air M1, USB-C Charging Cable"
T7121,"Belkin MagSafe Charging Stand, Lightning Charging Cable, iPhone 13 Pro Max, iPhone Case"
T7122,"Lightning Charging Cable, iPhone 14 Pro, iPhone MagSafe Charging Dock"
T7123,"USB-C Charging Cable, USB-C EarPods, iPhone 15 Pro Max"
T7124,"Belkin MagSafe Charging Stand, Screen Protector, USB-C Charging Cable, USB-C EarPods, iPhone 15"
T7125,"Apple Watch Series 8, Apple Watch Sport Band"
T7126,"Lightning Charging Cable, iPhone 14, iPhone MagSafe Charging Dock"
T7127,"Anker MagSafe Charging Dock, USB-C Charging Cable, iPhone 16 Plus, iPhone Case"
T7128,"65W USB-C Power Adapter, MacBook Pro M2"
T7129,"AirPods (3rd Gen), Belkin MagSafe Charging Stand, Screen Protector, USB-C Charging Cable, iPhone 17 Pro, iPhone Case"
T7130,AirPods (3rd Gen)
T7131,"30W USB-C Power Adapter, AirPods (3rd Gen), MacBook Air M2, USB-C Charging Cable"
T7132,"AirPods (3rd Gen), Lightning Charging Cable, iPhone 13 Pro Max"
T7133,"30W USB-C Power Adapter, AirPods (3rd Gen), MacBook Air M1"
T7134,"Apple Magic Keyboard, Apple Magic Mouse, Mac mini M2 Pro, USB-C Hub"
T7135,"AirPods Pro (2nd Gen), Lightning Charging Cable, iPhone 13 mini, iPhone Case"
T7136,"Apple Watch Charger, Apple Watch Series 10, Apple Watch Sport Band, Screen Protector (Watch)"
T7137,"Belkin MagSafe Charging Stand, Lightning Charging Cable, Lightning EarPods, iPhone 14 Pro Max, iPhone Case"
T7138,iPhone 13
T7139,"Anker MagSafe Charging Dock, USB-C Charging Cable, USB-C EarPods, iPhone 16, iPhone Case"
T7140,JBL Charge 5
T7141,MacBook Air M4
T7142,iPhone 13 Pro
T7143,"65W USB-C Power Adapter, MacBook Pro M4, USB-C Charging Cable"
T7144,"Anker MagSafe Charging Dock, Lightning EarPods, Screen Protector, iPhone 14 Plus"
T7145,"Belkin MagSafe Charging Stand, USB-C EarPods, iPhone 15 Plus, iPhone Case"
T7146,iPhone 15 Plus
T7147,Marshall Stanmore III
T7148,AirPods (3rd Gen)
T7149,"USB-C Charging Cable, iPad 10th Gen, iPad Smart Folio"
T7150,"AirPods (3rd Gen), Lightning Charging Cable, iPhone 13"
T7151,"AirPods Pro (2nd Gen), Screen Protector, USB-C Charging Cable, iPhone 16 Plus"
T7152,"USB-C Charging Cable, iPhone 16 Pro Max, iPhone MagSafe Charging Dock"
T7153,"Anker MagSafe Charging Dock, USB-C Charging Cable, USB-C EarPods, iPhone 16 Plus, iPhone Case"
T7154,"30W USB-C Power Adapter, MacBook Air M1, USB-C Charging Cable"
T7155,"AirPods Pro (2nd Gen), USB-C Charging Cable, iPhone 17 Air, iPhone MagSafe Charging Dock"
T7156,Apple Watch Series 10
T7157,Mac mini M2
T7158,"Apple Pencil (USB-C), iPad Air M2, iPad Smart Folio"
T7159,"Apple Watch Series 10, Apple Watch Solo Loop"
T7160,"Screen Protector, USB-C Charging Cable, USB-C EarPods, iPhone 16 Pro Max, iPhone Case"
T7161,"Apple Watch Series 10, Apple Watch Solo Loop"
T7162,"Anker MagSafe Charging Dock, USB-C Charging Cable, USB-C EarPods, iPhone 17"
T7163,"30W USB-C Power Adapter, Apple Magic Mouse, Laptop Sleeve, MacBook Air M3, USB-C Charging Cable"
T7164,"Apple Magic Keyboard, Apple Magic Mouse, Mac mini M2 Pro, Studio Display"
T7165,"Belkin MagSafe Charging Stand, iPhone 16"
T7166,"Lightning Charging Cable, Lightning EarPods, iPhone 13, iPhone Case, iPhone MagSafe Charging Dock"
T7167,"AirPods (3rd Gen), Belkin MagSafe Charging Stand, iPhone 16 Pro Max"
T7168,"Apple Watch Series 9, Apple Watch Solo Loop"
T7169,"AirPods (3rd Gen), Anker MagSafe Charging Dock, Lightning Charging Cable, Screen Protector, iPhone 13 Pro"
T7170,"USB-C Charging Cable, USB-C EarPods, iPhone 15, iPhone MagSafe Charging Dock"
T7171,"30W USB-C Power Adapter, AirPods (3rd Gen), Laptop Sleeve, MacBook Air M3, USB-C Charging Cable"
T7172,iPhone 16 Pro Max
T7173,"USB-C Charging Cable, iPad Smart Folio, iPad mini 7"
T7174,"65W USB-C Power Adapter, AirPods Pro (2nd Gen), Apple Magic Mouse, MacBook Pro M3, USB-C Charging Cable"
T7175,"Apple Pencil (USB-C), iPad mini 7"
T7176,JBL Flip 6
T7177,"Apple Magic Keyboard, Apple Magic Mouse, Mac mini M4, USB-C Hub"
T7178,"30W USB-C Power Adapter, Apple Magic Mouse, MacBook Air M2"
T7179,"Apple Pencil (USB-C), USB-C Charging Cable, iPad Smart Folio, iPad mini 6"
T7180,"Belkin MagSafe Charging Stand, USB-C EarPods, iPhone 15 Pro Max, iPhone Case"
T7181,"65W USB-C Power Adapter, Apple Magic Keyboard, Apple Magic Mouse, MacBook Pro M4, USB-C Charging Cable"
T7182,"30W USB-C Power Adapter, MacBook Air M4"
T7183,"65W USB-C Power Adapter, Apple Magic Keyboard, Apple Magic Mouse, External SSD 1TB, MacBook Pro M1"
T7184,"Apple Magic Keyboard, Apple Magic Mouse, JBL Charge 5, Mac mini M4"
T7185,"30W USB-C Power Adapter, Apple Magic Mouse, Laptop Sleeve, MacBook Air M1, USB-C Charging Cable"
T7186,"USB-C Charging Cable, iPad Smart Folio, iPad mini 7"
T7187,iPhone 13 mini
T7188,"Apple Magic Keyboard, Apple Magic Mouse, LG UltraFine 5K Display, Mac mini M4"
T7189,"USB-C Charging Cable, iPhone 16 Plus"
T7190,"Belkin MagSafe Charging Stand, Lightning Charging Cable, Lightning EarPods, iPhone 13"
T7191,"65W USB-C Power Adapter, MacBook Pro M4, USB-C Charging Cable"
T7192,"Marshall Stanmore III, Speaker Carry Case"
T7193,"AirPods (3rd Gen), Lightning Charging Cable, Screen Protector, iPhone 14 Pro"
T7194,"AirPods (3rd Gen), USB-C Charging Cable, iPhone 15 Plus"
T7195,"Apple Watch Charger, Apple Watch Milanese Loop, Apple Watch Series 11"
T7196,iPhone 17 Pro Max
T7197,"Screen Protector, iPhone 16"
T7198,iPad mini 6
T7199,iPhone 13
T7200,"Apple Watch Series 10, Apple Watch Trail Loop"
T7201,"Anker MagSafe Charging Dock, USB-C Charging Cable, USB-C EarPods, iPhone 17"
T7202,"USB-C Charging Cable, iPhone 17, iPhone Case, iPhone MagSafe Charging Dock"
T7203,iPhone 17 Air
T7204,"USB-C Charging Cable, USB-C EarPods, iPhone 15 Pro Max, iPhone MagSafe Charging Dock"
T7205,"Apple Watch Series 10, Apple Watch Solo Loop"
T7206,iPad Pro M4 13-inch
T7207,MacBook Air M2
T7208,"USB-C Charging Cable, iPhone 15 Pro"
T7209,"USB-C Charging Cable, iPhone 16 Pro Max"
T7210,"Anker MagSafe Charging Dock, Screen Protector, USB-C Charging Cable, iPhone 15"
T7211,"USB-C Charging Cable, iPad 10th Gen, iPad Smart Folio"
T7212,"Apple Watch Charger, Apple Watch Series 9, Screen Protector (Watch)"
T7213,"Apple Watch Charger, Apple Watch Milanese Loop, Apple Watch Series 11"
T7214,"AirPods (3rd Gen), iPhone 13 mini"
T7215,"AirPods Pro (2nd Gen), Screen Protector, iPhone 14 Pro, iPhone Case, iPhone MagSafe Charging Dock"
T7216,Apple Watch Series 9
T7217,"USB-C Charging Cable, USB-C EarPods, iPhone 15, iPhone Case, iPhone MagSafe Charging Dock"
T7218,"Apple Watch Charger, Apple Watch Series 11, Apple Watch Sport Band"
T7219,iPhone 14 Plus
T7220,"MacBook Air M4, USB-C Charging Cable"
T7221,"30W USB-C Power Adapter, Apple Magic Mouse, MacBook Air M3, USB-C Charging Cable"
T7222,"Apple Watch Series 8, Apple Watch Solo Loop"
T7223,"30W USB-C Power Adapter, AirPods (3rd Gen), Apple Magic Mouse, MacBook Air M4, USB-C Charging Cable"
T7224,"Apple Magic Mouse, Mac mini M2"
T7225,"USB-C Charging Cable, USB-C EarPods, iPhone 17 Air, iPhone Case, iPhone MagSafe Charging Dock"
T7226,Marshall Emberton II
T7227,"AirPods (3rd Gen), Anker MagSafe Charging Dock, Screen Protector, iPhone 16, iPhone Case"
T7228,"AirPods (3rd Gen), Screen Protector, USB-C Charging Cable, iPhone 15 Plus"
T7229,"USB-C Charging Cable, iPad Magic Keyboard, iPad Pro M4 13-inch"
T7230,iPad 10th Gen
T7231,"Apple Magic Mouse, Mac mini M2 Pro, Marshall Emberton II, USB-C Hub"
T7232,"AirPods Pro (2nd Gen), Anker MagSafe Charging Dock, Lightning Charging Cable, iPhone 14 Pro Max, iPhone Case"
T7233,MacBook Air M1
T7234,"Belkin MagSafe Charging Stand, USB-C Charging Cable, iPhone 16"
T7235,"Lightning Charging Cable, Screen Protector, iPhone 13 Pro"
T7236,iPhone 15 Plus
T7237,"Anker MagSafe Charging Dock, USB-C EarPods, iPhone 17 Pro, iPhone Case"
T7238,"Lightning Charging Cable, Lightning EarPods, iPhone 14 Pro, iPhone Case"
T7239,"Apple Magic Mouse, Mac mini M2, Studio Display, USB-C Hub"
T7240,"Screen Protector, USB-C Charging Cable, iPhone 16 Pro Max, iPhone Case, iPhone MagSafe Charging Dock"
T7241,"30W USB-C Power Adapter, Laptop Sleeve, MacBook Air M4, USB-C Charging Cable"
T7242,"30W USB-C Power Adapter, MacBook Air M1, USB-C Charging Cable"
T7243,"AirPods Pro (2nd Gen), Screen Protector, USB-C Charging Cable, iPhone 16, iPhone MagSafe Charging Dock"
T7244,"Screen Protector, USB-C Charging Cable, iPhone 15 Pro"
T7245,"65W USB-C Power Adapter, AirPods Pro (2nd Gen), MacBook Pro M1, USB-C Charging Cable"
T7246,"USB-C Charging Cable, iPad 10th Gen"
T7247,"Belkin MagSafe Charging Stand, Lightning EarPods, Screen Protector, iPhone 14 Pro, iPhone Case"
T7248,"Screen Protector, USB-C Charging Cable, iPhone 15"
T7249,iPhone 17
T7250,"65W USB-C Power Adapter, MacBook Pro M3, USB-C Charging Cable"
T7251,Marshall Stanmore III
T7252,"Belkin MagSafe Charging Stand, Lightning Charging Cable, Lightning EarPods, iPhone 13 mini, iPhone Case"
T7253,"Apple Watch Milanese Loop, Apple Watch Series 8"
T7254,iPad 10th Gen
T7255,"AirPods Pro (2nd Gen), Anker MagSafe Charging Dock, Screen Protector, USB-C Charging Cable, iPhone 17 Pro"
T7256,"65W USB-C Power Adapter, Apple Magic Mouse, External SSD 1TB, MacBook Pro M1, USB-C Charging Cable"
T7257,iPhone 15 Pro Max
T7258,"Apple Pencil (2nd Gen), USB-C Charging Cable, iPad Magic Keyboard, iPad Pro M4 11-inch"
T7259,"Belkin MagSafe Charging Stand, Screen Protector, iPhone 17 Pro, iPhone Case"
T7260,"Screen Protector, USB-C Charging Cable, USB-C EarPods, iPhone 15, iPhone Case"
T7261,iPhone 16 Pro
T7262,AirPods (3rd Gen)
T7263,"Apple Watch Charger, Apple Watch Series 10, Apple Watch Sport Band"
T7264,"Apple Magic Mouse, Mac mini M2 Pro, Studio Display"
T7265,"iPhone 17, iPhone MagSafe Charging Dock"
T7266,"AirPods (3rd Gen), USB-C Charging Cable, iPhone 17 Pro Max, iPhone MagSafe Charging Dock"
T7267,"Apple Magic Mouse, Mac mini M4"
T7268,Apple Watch Ultra 2
T7269,"Apple Watch Series 10, Apple Watch Solo Loop"
T7270,"AirPods (3rd Gen), Belkin MagSafe Charging Stand, USB-C Charging Cable, iPhone 17"
T7271,iPhone 16 Pro
T7272,"AirPods Pro (2nd Gen), Lightning Charging Cable, iPhone 14 Plus"
T7273,MacBook Air M2
T7274,"USB-C Charging Cable, iPad mini 6"
T7275,"AirPods (3rd Gen), USB-C Charging Cable, iPhone 17 Pro, iPhone Case"
T7276,"Apple Magic Mouse, MacBook Air M4, USB-C Charging Cable"
T7277,"AirPods (3rd Gen), Lightning Charging Cable, iPhone 13"
T7278,iPhone 17 Pro Max
T7279,"Anker MagSafe Charging Dock, iPhone 16 Plus, iPhone Case"
T7280,"Mac mini M2, USB-C Hub"
T7281,"Anker MagSafe Charging Dock, USB-C Charging Cable, USB-C EarPods, iPhone 17 Air, iPhone Case"
T7282,"Apple Watch Charger, Apple Watch Series 8"
T7283,"Anker MagSafe Charging Dock, USB-C Charging Cable, iPhone 17 Air"
T7284,"Lightning Charging Cable, iPhone 13 mini, iPhone Case, iPhone MagSafe Charging Dock"
T7285,"Apple Watch Charger, Apple Watch Solo Loop, Apple Watch Ultra 2"
T7286,MacBook Pro M4
T7287,Mac mini M2
T7288,"Apple Watch Charger, Apple Watch Series 8, Apple Watch Sport Band"
T7289,"USB-C Charging Cable, iPad 10th Gen, iPad Smart Folio"
T7290,"AirPods Pro (2nd Gen), USB-C Charging Cable, iPhone 17 Pro, iPhone MagSafe Charging Dock"
T7291,iPhone 16
T7292,iPhone 16 Pro
T7293,"Anker MagSafe Charging Dock, Screen Protector, iPhone 17 Air"
T7294,"Belkin MagSafe Charging Stand, iPhone 13 Pro"
T7295,"Apple Magic Keyboard, Apple Magic Mouse, LG UltraFine 5K Display, Mac mini M2"
T7296,"Apple Pencil (USB-C), USB-C Charging Cable, iPad Air M2, iPad Smart Folio"
T7297,"Belkin MagSafe Charging Stand, USB-C Charging Cable, USB-C EarPods, iPhone 15 Pro Max"
T7298,"30W USB-C Power Adapter, MacBook Air M3, USB-C Charging Cable"
T7299,"Apple Pencil (2nd Gen), USB-C Charging Cable, iPad Pro M4 13-inch"
T7300,"Belkin MagSafe Charging Stand, iPhone 14"
T7301,"Belkin MagSafe Charging Stand, Screen Protector, USB-C Charging Cable, iPhone 17 Pro, iPhone Case"
T7302,"AirPods (3rd Gen), Screen Protector, USB-C Charging Cable, iPhone 15 Plus, iPhone MagSafe Charging Dock"
T7303,MacBook Pro M1
T7304,"Apple Watch Trail Loop, Apple Watch Ultra 2"
T7305,"USB-C Charging Cable, USB-C EarPods, iPhone 16 Plus"
T7306,"30W USB-C Power Adapter, Apple Magic Mouse, Laptop Sleeve, MacBook Air M4, USB-C Charging Cable"
T7307,Apple Watch Series 11
T7308,"30W USB-C Power Adapter, Apple Magic Mouse, MacBook Air M1, USB-C Charging Cable"
T7309,Mac mini M2 Pro
T7310,"Belkin MagSafe Charging Stand, Lightning Charging Cable, Lightning EarPods, iPhone 14 Pro, iPhone Case"
T7311,"Lightning EarPods, Screen Protector, iPhone 14 Pro Max, iPhone MagSafe Charging Dock"
T7312,"Lightning Charging Cable, Lightning EarPods, iPhone 14 Pro Max"
T7313,"Belkin MagSafe Charging Stand, USB-C Charging Cable, iPhone 16 Pro, iPhone Case"
T7314,"External SSD 1TB, MacBook Pro M4"
T7315,"65W USB-C Power Adapter, MacBook Pro M1"
T7316,"Apple Watch Charger, Apple Watch Series 8, Apple Watch Solo Loop"
T7317,iPad Air M2
T7318,"USB-C Charging Cable, iPad mini 7"
T7319,"iPad 10th Gen, iPad Smart Folio"
T7320,"Apple Pencil (USB-C), iPad mini 7"
T7321,iPad mini 6
T7322,"Anker MagSafe Charging Dock, Screen Protector, USB-C Charging Cable, USB-C EarPods, iPhone 16 Plus, iPhone Case"
T7323,"Marshall Stanmore III, Speaker Carry Case, USB-C Charging Cable"
T7324,"Apple Watch Charger, Apple Watch Series 9, Apple Watch Sport Band"
T7325,"Apple Watch Charger, Apple Watch Series 8, Apple Watch Trail Loop, Screen Protector (Watch)"
T7326,"Anker MagSafe Charging Dock, USB-C Charging Cable, USB-C EarPods, iPhone 15"
T7327,MacBook Air M3
T7328,"Apple Watch Charger, Apple Watch Ultra, Screen Protector (Watch)"
T7329,"Apple Watch Trail Loop, Apple Watch Ultra"
T7330,"iPad Smart Folio, iPad mini 6"
T7331,"Apple Pencil (USB-C), Screen Protector (iPad), iPad Smart Folio, iPad mini 7"
T7332,Apple Watch Series 8
T7333,"Apple Magic Keyboard, Apple Magic Mouse, JBL Charge 5, Mac mini M2 Pro, Studio Display, USB-C Hub"
T7334,"Apple Watch Charger, Apple Watch Solo Loop, Apple Watch Ultra"
T7335,"AirPods Pro (2nd Gen), MacBook Pro M2, USB-C Charging Cable"
T7336,iPad Air M2
T7337,"Apple Magic Keyboard, Apple Magic Mouse, JBL Flip 6, Mac mini M2, USB-C Hub"
T7338,"USB-C Charging Cable, USB-C EarPods, iPhone 16"
T7339,"Belkin MagSafe Charging Stand, USB-C EarPods, iPhone 15 Pro"
T7340,"Apple Watch Charger, Apple Watch Trail Loop, Apple Watch Ultra, Screen Protector (Watch)"
T7341,"AirPods (3rd Gen), USB-C Charging Cable, iPhone 16 Plus, iPhone Case, iPhone MagSafe Charging Dock"
T7342,iPad mini 7
T7343,"Apple Pencil (2nd Gen), USB-C Charging Cable, iPad Magic Keyboard, iPad Pro M4 13-inch"
T7344,"30W USB-C Power Adapter, Apple Magic Mouse, MacBook Air M2, USB-C Charging Cable"
T7345,"Apple Magic Keyboard, Mac mini M2 Pro"
T7346,Apple Magic Mouse
T7347,iPad 10th Gen
T7348,"Apple Watch Charger, Apple Watch Milanese Loop, Apple Watch Series 11"
T7349,"Belkin MagSafe Charging Stand, USB-C Charging Cable, USB-C EarPods, iPhone 16"
T7350,"Screen Protector, USB-C Charging Cable, USB-C EarPods, iPhone 15 Pro Max, iPhone MagSafe Charging Dock"
T7351,"Screen Protector, USB-C Charging Cable, iPhone 15 Plus"
T7352,"AirPods Pro (2nd Gen), USB-C Charging Cable, iPhone 15 Pro Max"
T7353,"Apple Watch Series 10, Apple Watch Trail Loop, Screen Protector (Watch)"
T7354,"USB-C Charging Cable, USB-C EarPods, iPhone 15"
T7355,"Apple Watch Trail Loop, Apple Watch Ultra"
T7356,"iPhone 17 Pro Max, iPhone Case, iPhone MagSafe Charging Dock"
T7357,"Apple Watch Charger, Apple Watch Series 11, Screen Protector (Watch)"
T7358,iPhone 13
T7359,"Apple Magic Keyboard, Apple Magic Mouse, JBL Charge 5, Mac mini M2"
T7360,Apple Watch Series 10
T7361,"AirPods (3rd Gen), Anker MagSafe Charging Dock, Lightning Charging Cable, iPhone 13 Pro"
T7362,"AirPods Pro (2nd Gen), Lightning Charging Cable, iPhone 14, iPhone Case"
T7363,"Apple Magic Mouse, Bose SoundLink Flex, Mac mini M2 Pro, USB-C Hub"
T7364,iPad 10th Gen
T7365,"USB-C Charging Cable, iPhone 16"
T7366,"Apple Pencil (USB-C), USB-C Charging Cable, iPad mini 7"
T7367,"30W USB-C Power Adapter, Laptop Sleeve, MacBook Air M4, USB-C Charging Cable"
T7368,"Apple Magic Keyboard, Apple Magic Mouse, Mac mini M4, Studio Display"
T7369,"AirPods (3rd Gen), iPhone 13 Pro Max, iPhone Case, iPhone MagSafe Charging Dock"
T7370,"AirPods Pro (2nd Gen), Belkin MagSafe Charging Stand, Lightning Charging Cable, iPhone 14 Pro Max"
T7371,"Apple Watch Trail Loop, Apple Watch Ultra 2, Screen Protector (Watch)"
T7372,"Apple Pencil (2nd Gen), USB-C Charging Cable, iPad Magic Keyboard, iPad Pro M4 13-inch"
T7373,"Screen Protector (iPad), iPad Air M2"
T7374,"65W USB-C Power Adapter, Apple Magic Keyboard, MacBook Pro M4"
T7375,iPad mini 7
T7376,"Apple Magic Keyboard, Apple Magic Mouse, Mac mini M2, USB-C Hub"
T7377,"USB-C EarPods, iPhone 16 Plus"
T7378,"Apple Magic Mouse, Mac mini M2 Pro, Studio Display"
T7379,iPhone 17 Pro Max
T7380,Apple Watch Ultra
T7381,"USB-C Charging Cable, USB-C EarPods, iPhone 17 Pro Max, iPhone MagSafe Charging Dock"
T7382,"Anker MagSafe Charging Dock, USB-C Charging Cable, USB-C EarPods, iPhone 15 Pro"
T7383,"Belkin MagSafe Charging Stand, Lightning EarPods, iPhone 14 Plus"
T7384,iPhone 13
T7385,"Apple Watch Charger, Apple Watch Trail Loop, Apple Watch Ultra"
T7386,"Anker MagSafe Charging Dock, Screen Protector, iPhone 15 Pro"
T7387,"Lightning Charging Cable, Lightning EarPods, iPhone 13 mini, iPhone MagSafe Charging Dock"
T7388,Apple Watch Ultra 2
T7389,"30W USB-C Power Adapter, Apple Magic Mouse, MacBook Air M2, USB-C Charging Cable"
T7390,"AirPods (3rd Gen), Anker MagSafe Charging Dock, iPhone 16"
T7391,"USB-C Charging Cable, USB-C EarPods, iPhone 16 Plus"
T7392,"Apple Pencil (USB-C), iPad 10th Gen, iPad Smart Folio"
T7393,"Lightning Charging Cable, Lightning EarPods, iPhone 14"
T7394,MacBook Air M2
T7395,"Lightning Charging Cable, Screen Protector, iPhone 14 Pro"
T7396,"Apple Watch Solo Loop, Apple Watch Ultra"
T7397,"30W USB-C Power Adapter, AirPods (3rd Gen), Apple Magic Mouse, Laptop Sleeve, MacBook Air M4, USB-C Charging Cable"
T7398,MacBook Air M4
T7399,"Belkin MagSafe Charging Stand, Screen Protector, USB-C Charging Cable, USB-C EarPods, iPhone 16 Pro Max"
T7400,JBL Flip 6
T7401,"Screen Protector, USB-C EarPods, iPhone 15 Pro Max, iPhone MagSafe Charging Dock"
T7402,Apple Watch Ultra
T7403,"Apple Watch Charger, Apple Watch Milanese Loop, Apple Watch Series 8, Screen Protector (Watch)"
T7404,"AirPods (3rd Gen), Belkin MagSafe Charging Stand, Lightning Charging Cable, iPhone 14, iPhone Case"
T7405,"30W USB-C Power Adapter, Apple Magic Mouse, MacBook Air M4, USB-C Charging Cable"
T7406,iPhone 14 Plus
T7407,iPad 10th Gen
T7408,"AirPods Pro (2nd Gen), Belkin MagSafe Charging Stand, iPhone 13 Pro"
T7409,"Lightning Charging Cable, Screen Protector, iPhone 13 mini, iPhone MagSafe Charging Dock"
T7410,"USB-C Charging Cable, USB-C EarPods, iPhone 17 Pro, iPhone MagSafe Charging Dock"
T7411,"Apple Pencil (USB-C), USB-C Charging Cable, iPad Air M2"
T7412,"30W USB-C Power Adapter, MacBook Air M2, USB-C Charging Cable"
T7413,"65W USB-C Power Adapter, Apple Magic Mouse, MacBook Pro M1, USB-C Charging Cable"
T7414,"AirPods Pro (2nd Gen), USB-C Charging Cable, iPhone 16, iPhone MagSafe Charging Dock"
T7415,"Apple Watch Charger, Apple Watch Sport Band, Apple Watch Ultra 2"
T7416,"Anker MagSafe Charging Dock, iPhone 17 Pro Max"
T7417,"Apple Pencil (USB-C), Screen Protector (iPad), USB-C Charging Cable, iPad 10th Gen, iPad Smart Folio"
T7418,Mac mini M2
T7419,"Screen Protector (iPad), iPad Magic Keyboard, iPad Pro M4 13-inch"
T7420,MacBook Pro M2
T7421,"AirPods Pro (2nd Gen), Screen Protector, iPhone 16 Pro, iPhone Case"
T7422,"AirPods Pro (2nd Gen), Lightning Charging Cable, iPhone 14 Pro Max"
T7423,"Belkin MagSafe Charging Stand, Lightning EarPods, Screen Protector, iPhone 14 Pro Max"
T7424,"AirPods (3rd Gen), Belkin MagSafe Charging Stand, USB-C Charging Cable, iPhone 15 Pro Max, iPhone Case"
T7425,"30W USB-C Power Adapter, Apple Magic Mouse, MacBook Air M3, USB-C Charging Cable"
T7426,"Apple Magic Keyboard, Apple Magic Mouse, Mac mini M2, Studio Display"
T7427,"65W USB-C Power Adapter, Apple Magic Keyboard, Apple Magic Mouse, External SSD 1TB, MacBook Pro M2, USB-C Charging Cable"
T7428,MacBook Pro M2
T7429,"30W USB-C Power Adapter, MacBook Air M4"
T7430,"Anker MagSafe Charging Dock, USB-C Charging Cable, USB-C EarPods, iPhone 16 Pro Max"
T7431,"Apple Magic Mouse, MacBook Air M4, USB-C Charging Cable"
T7432,"30W USB-C Power Adapter, AirPods (3rd Gen), Laptop Sleeve, MacBook Air M3"
T7433,"65W USB-C Power Adapter, MacBook Pro M2, USB-C Charging Cable"
T7434,"Belkin MagSafe Charging Stand, Lightning Charging Cable, Lightning EarPods, iPhone 14, iPhone Case"
T7435,"65W USB-C Power Adapter, Apple Magic Mouse, MacBook Pro M3"
T7436,"65W USB-C Power Adapter, Apple Magic Mouse, MacBook Pro M1, USB-C Charging Cable"
T7437,"AirPods (3rd Gen), Screen Protector, iPhone 15 Pro Max, iPhone Case"
T7438,"AirPods (3rd Gen), Belkin MagSafe Charging Stand, Lightning Charging Cable, iPhone 14"
T7439,Apple Watch Series 11
T7440,"AirPods (3rd Gen), Lightning Charging Cable, Screen Protector, iPhone 14 Pro Max, iPhone Case"
T7441,"USB-C Charging Cable, iPhone 15 Pro Max"
T7442,"30W USB-C Power Adapter, MacBook Air M4, USB-C Charging Cable"
T7443,iPhone 13 mini
T7444,Apple Watch Ultra 2
T7445,"Apple Watch Charger, Apple Watch Series 9, Apple Watch Trail Loop, Screen Protector (Watch)"
T7446,iPad mini 6
T7447,"Anker MagSafe Charging Dock, Screen Protector, USB-C Charging Cable, iPhone 16 Pro, iPhone Case"
T7448,"Screen Protector (iPad), USB-C Charging Cable, iPad Pro M4 11-inch"
T7449,"Belkin MagSafe Charging Stand, Lightning Charging Cable, Lightning EarPods, iPhone 14"
T7450,iPad Air M2
T7451,MacBook Air M1
T7452,Apple Watch Ultra 2
T7453,"Belkin MagSafe Charging Stand, USB-C EarPods, iPhone 15 Plus"
T7454,AirPods Pro (2nd Gen)
T7455,"iPad Air M2, iPad Smart Folio"
T7456,"Lightning EarPods, iPhone 14 Pro, iPhone MagSafe Charging Dock"
T7457,"Apple Watch Series 10, Apple Watch Trail Loop"
T7458,"Apple Magic Mouse, MacBook Air M1, USB-C Charging Cable"
T7459,"USB-C Charging Cable, iPad 10th Gen, iPad Smart Folio"
T7460,"Lightning Charging Cable, Lightning EarPods, Screen Protector, iPhone 13 Pro, iPhone Case, iPhone MagSafe Charging Dock"
T7461,"Screen Protector, iPhone 15 Plus, iPhone MagSafe Charging Dock"
T7462,"Apple Magic Keyboard, Apple Magic Mouse, JBL Flip 6, LG UltraFine 5K Display, Mac mini M4, USB-C Hub"
T7463,Apple Watch Series 8
T7464,iPhone 15
T7465,"AirPods (3rd Gen), Belkin MagSafe Charging Stand, Lightning Charging Cable, Screen Protector, iPhone 13 Pro Max, iPhone Case"
T7466,iPhone 15
T7467,Apple Watch Series 10
T7468,"AirPods (3rd Gen), USB-C Charging Cable, iPhone 17 Pro Max, iPhone Case"
T7469,"USB-C Charging Cable, iPad Air M2, iPad Smart Folio"
T7470,Apple Watch Series 11
T7471,"Apple Pencil (USB-C), Screen Protector (iPad), USB-C Charging Cable, iPad Air M2"
T7472,"Screen Protector, USB-C Charging Cable, iPhone 17 Air, iPhone MagSafe Charging Dock"
T7473,"65W USB-C Power Adapter, Apple Magic Keyboard, Apple Magic Mouse, MacBook Pro M4, USB-C Charging Cable"
T7474,Mac mini M2
T7475,Apple Watch Ultra 2
T7476,"65W USB-C Power Adapter, AirPods Pro (2nd Gen), MacBook Pro M4, USB-C Charging Cable"
T7477,"AirPods Pro (2nd Gen), iPhone 16 Plus"
T7478,"30W USB-C Power Adapter, Apple Magic Mouse, MacBook Air M4, USB-C Charging Cable"
T7479,"AirPods (3rd Gen), iPhone 14, iPhone MagSafe Charging Dock"
T7480,MacBook Pro M1
T7481,"Lightning Charging Cable, Lightning EarPods, Screen Protector, iPhone 14 Plus"
T7482,"AirPods Pro (2nd Gen), Lightning Charging Cable, iPhone 13 Pro Max, iPhone Case, iPhone MagSafe Charging Dock"
T7483,"30W USB-C Power Adapter, MacBook Air M2"
T7484,"Apple Watch Charger, Apple Watch Series 11, Apple Watch Solo Loop"
T7485,"Apple Pencil (USB-C), iPad Smart Folio, iPad mini 6"
T7486,"USB-C Charging Cable, USB-C EarPods, iPhone 16 Pro"
T7487,"Belkin MagSafe Charging Stand, iPhone 14 Pro, iPhone Case"
T7488,iPhone 15 Pro
T7489,Apple Magic Mouse
T7490,"65W USB-C Power Adapter, Apple Magic Mouse, MacBook Pro M2"
T7491,"Apple Watch Charger, Apple Watch Sport Band, Apple Watch Ultra"
T7492,"Apple Watch Charger, Apple Watch Series 9, Apple Watch Solo Loop"
T7493,iPhone 17 Pro
T7494,Apple Watch Ultra 2
T7495,Apple Magic Keyboard
T7496,"AirPods Pro (2nd Gen), Lightning Charging Cable, iPhone 14"
T7497,"AirPods Pro (2nd Gen), Belkin MagSafe Charging Stand, Lightning Charging Cable, iPhone 14"
T7498,"iPhone 17, iPhone MagSafe Charging Dock"
T7499,"Apple Magic Keyboard, Apple Magic Mouse, JBL Flip 6, Mac mini M2"
T7500,"External SSD 1TB, MacBook Pro M4, USB-C Charging Cable"
T7501,iPhone 14 Plus
T7502,"30W USB-C Power Adapter, MacBook Air M2"
T7503,"30W USB-C Power Adapter, MacBook Air M2"
T7504,iPhone 16 Pro Max
T7505,"AirPods (3rd Gen), USB-C Charging Cable, iPhone 17"
T7506,"Belkin MagSafe Charging Stand, Lightning EarPods, iPhone 14 Pro, iPhone Case"
T7507,iPhone 15 Pro Max
T7508,JBL Charge 5
T7509,"30W USB-C Power Adapter, Apple Magic Mouse, Laptop Sleeve, MacBook Air M2, USB-C Charging Cable"
T7510,"Screen Protector (iPad), iPad Smart Folio, iPad mini 6"
T7511,"30W USB-C Power Adapter, Laptop Sleeve, MacBook Air M3, USB-C Charging Cable"
T7512,"Lightning Charging Cable, Lightning EarPods, iPhone 14 Pro, iPhone MagSafe Charging Dock"
T7513,"AirPods (3rd Gen), Lightning Charging Cable, iPhone 13 mini"
T7514,"AirPods (3rd Gen), Anker MagSafe Charging Dock, Lightning Charging Cable, iPhone 14 Pro"
T7515,"Lightning Charging Cable, Lightning EarPods, iPhone 13, iPhone Case"
T7516,MacBook Air M3
T7517,"AirPods Pro (2nd Gen), Lightning Charging Cable, Screen Protector, iPhone 13 Pro"
T7518,"AirPods Pro (2nd Gen), Lightning Charging Cable, Screen Protector, iPhone 14, iPhone MagSafe Charging Dock"
T7519,"USB-C Charging Cable, iPad Magic Keyboard, iPad Pro M4 13-inch"
T7520,"JBL Flip 6, Speaker Carry Case"
T7521,"AirPods Pro (2nd Gen), Anker MagSafe Charging Dock, USB-C Charging Cable, iPhone 17"
T7522,Apple Magic Mouse
T7523,"Apple Pencil (USB-C), iPad 10th Gen, iPad Smart Folio"
T7524,"65W USB-C Power Adapter, MacBook Pro M2, USB-C Charging Cable"
T7525,"Belkin MagSafe Charging Stand, USB-C Charging Cable, iPhone 16, iPhone Case"
T7526,"Apple Watch Series 10, Apple Watch Solo Loop, Screen Protector (Watch)"
T7527,"30W USB-C Power Adapter, MacBook Air M1"
T7528,"65W USB-C Power Adapter, Apple Magic Mouse, MacBook Pro M2"
T7529,"30W USB-C Power Adapter, Laptop Sleeve, MacBook Air M1"
T7530,"USB-C EarPods, iPhone 15 Pro Max, iPhone MagSafe Charging Dock"
T7531,"AirPods Pro (2nd Gen), Screen Protector, iPhone 13 Pro Max"
T7532,"AirPods Pro (2nd Gen), Belkin MagSafe Charging Stand, Lightning Charging Cable, Screen Protector, iPhone 13 mini"
T7533,Marshall Stanmore III
T7534,"Apple Watch Series 10, Apple Watch Trail Loop"
T7535,"Lightning Charging Cable, Lightning EarPods, iPhone 14 Plus"
T7536,"Lightning Charging Cable, Screen Protector, iPhone 14, iPhone Case, iPhone MagSafe Charging Dock"
T7537,"AirPods (3rd Gen), USB-C Charging Cable"
T7538,"AirPods (3rd Gen), Belkin MagSafe Charging Stand, Screen Protector, USB-C Charging Cable, iPhone 16, iPhone Case"
T7539,Apple Watch Ultra
T7540,MacBook Air M4
T7541,"AirPods (3rd Gen), Apple Magic Mouse, MacBook Air M3, USB-C Charging Cable"
T7542,"30W USB-C Power Adapter, MacBook Air M4, USB-C Charging Cable"
T7543,"Lightning Charging Cable, Lightning EarPods, Screen Protector, iPhone 14 Pro, iPhone MagSafe Charging Dock"
T7544,"Belkin MagSafe Charging Stand, USB-C Charging Cable, USB-C EarPods, iPhone 16 Pro, iPhone Case"
T7545,"Apple Watch Charger, Apple Watch Sport Band, Apple Watch Ultra"
T7546,"Apple Watch Charger, Apple Watch Trail Loop, Apple Watch Ultra, Screen Protector (Watch)"
T7547,"USB-C EarPods, iPhone 17, iPhone Case"
T7548,"Screen Protector, USB-C Charging Cable, USB-C EarPods, iPhone 15 Plus, iPhone MagSafe Charging Dock"
T7549,"30W USB-C Power Adapter, MacBook Air M1, USB-C Charging Cable"
T7550,"Apple Watch Series 10, Apple Watch Trail Loop"
T7551,"30W USB-C Power Adapter, Apple Magic Mouse, MacBook Air M2"
T7552,"Apple Pencil (2nd Gen), Screen Protector (iPad), iPad Magic Keyboard, iPad Pro M4 13-inch"
T7553,"Belkin MagSafe Charging Stand, USB-C Charging Cable, USB-C EarPods, iPhone 15 Plus"
T7554,"AirPods Pro (2nd Gen), Anker MagSafe Charging Dock, Lightning Charging Cable, iPhone 14 Pro Max"
T7555,"65W USB-C Power Adapter, External SSD 1TB, MacBook Pro M3, USB-C Charging Cable"
T7556,"Apple Magic Keyboard, Apple Magic Mouse, Mac mini M2, USB-C Hub"
T7557,"Apple Watch Trail Loop, Apple Watch Ultra"
T7558,iPhone 15 Pro Max
T7559,"USB-C Charging Cable, iPad mini 6"
T7560,"Apple Magic Keyboard, Apple Magic Mouse, JBL Charge 5, Mac mini M2"
T7561,iPhone 17 Air
T7562,"Apple Watch Charger, Apple Watch Solo Loop, Apple Watch Ultra 2"
T7563,"Apple Pencil (USB-C), iPad mini 7"
T7564,"iPad Smart Folio, iPad mini 6"
T7565,"Anker MagSafe Charging Dock, USB-C Charging Cable, USB-C EarPods, iPhone 15 Pro"
T7566,iPhone 13 mini
T7567,"Apple Pencil (USB-C), USB-C Charging Cable, iPad Air M2"
T7568,Apple Watch Ultra 2
T7569,"65W USB-C Power Adapter, MacBook Pro M4, USB-C Charging Cable"
T7570,"30W USB-C Power Adapter, Apple Magic Mouse, MacBook Air M1"
T7571,"Apple Magic Keyboard, MacBook Pro M2, USB-C Charging Cable"
T7572,"Apple Magic Keyboard, Apple Magic Mouse, Mac mini M2 Pro, Marshall Stanmore III"
T7573,"Belkin MagSafe Charging Stand, iPhone 15 Pro"
T7574,"Apple Magic Keyboard, Apple Magic Mouse, LG UltraFine 5K Display, Mac mini M2"
T7575,"USB-C EarPods, iPhone 15 Pro Max, iPhone MagSafe Charging Dock"
T7576,"AirPods Pro (2nd Gen), Anker MagSafe Charging Dock, iPhone 15 Plus"
T7577,"Belkin MagSafe Charging Stand, USB-C Charging Cable, iPhone 15 Plus"
T7578,"iPad Smart Folio, iPad mini 6"
T7579,"Apple Pencil (USB-C), iPad Smart Folio, iPad mini 6"
T7580,AirPods Pro (2nd Gen)
T7581,"USB-C Charging Cable, USB-C EarPods, iPhone 16 Pro, iPhone MagSafe Charging Dock"
T7582,"Lightning Charging Cable, Lightning EarPods, Screen Protector, iPhone 14, iPhone Case, iPhone MagSafe Charging Dock"
T7583,"Anker MagSafe Charging Dock, USB-C Charging Cable, USB-C EarPods, iPhone 16 Pro Max"
T7584,"Apple Watch Charger, Apple Watch Series 11, Screen Protector (Watch)"
T7585,"Apple Watch Charger, Apple Watch Series 11, Apple Watch Trail Loop"
T7586,iPhone 13
T7587,"Anker MagSafe Charging Dock, Screen Protector, iPhone 15"
T7588,"Apple Watch Sport Band, Apple Watch Ultra"
T7589,iPad Air M2
T7590,"Screen Protector, USB-C Charging Cable, iPhone 17 Air, iPhone Case"
T7591,"Lightning Charging Cable, Lightning EarPods, iPhone 13 mini, iPhone Case, iPhone MagSafe Charging Dock"
T7592,Apple Watch Series 8
T7593,"Apple Watch Trail Loop, Apple Watch Ultra, Screen Protector (Watch)"
T7594,"Lightning Charging Cable, Lightning EarPods, iPhone 13 Pro"
T7595,"Belkin MagSafe Charging Stand, USB-C Charging Cable, USB-C EarPods, iPhone 15 Plus"
T7596,"Screen Protector, USB-C Charging Cable, iPhone 15 Plus, iPhone Case, iPhone MagSafe Charging Dock"
T7597,"65W USB-C Power Adapter, Apple Magic Mouse, MacBook Pro M4"
T7598,iPhone 14 Pro
T7599,"Anker MagSafe Charging Dock, Lightning Charging Cable, Lightning EarPods, Screen Protector, iPhone 14 Pro"
T7600,"Apple Watch Series 11, Apple Watch Sport Band, Screen Protector (Watch)"
T7601,"Apple Watch Charger, Apple Watch Series 10, Screen Protector (Watch)"
T7602,"65W USB-C Power Adapter, External SSD 1TB, MacBook Pro M3"
T7603,MacBook Pro M1
T7604,Marshall Stanmore III
T7605,"30W USB-C Power Adapter, AirPods (3rd Gen), Apple Magic Mouse, MacBook Air M1, USB-C Charging Cable"
T7606,"Anker MagSafe Charging Dock, iPhone 16 Pro"
T7607,Bose SoundLink Flex
T7608,"JBL Flip 6, Speaker Carry Case, USB-C Charging Cable"
T7609,"30W USB-C Power Adapter, Apple Magic Mouse, Laptop Sleeve, MacBook Air M3, USB-C Charging Cable"
T7610,"AirPods Pro (2nd Gen), Screen Protector, USB-C Charging Cable, iPhone 17 Air, iPhone MagSafe Charging Dock"
T7611,"Apple Watch Milanese Loop, Apple Watch Series 8"
T7612,"30W USB-C Power Adapter, MacBook Air M2, USB-C Charging Cable"
T7613,"Apple Pencil (2nd Gen), USB-C Charging Cable, iPad Pro M4 13-inch"
T7614,"30W USB-C Power Adapter, MacBook Air M1, USB-C Charging Cable"
T7615,"USB-C Charging Cable, USB-C EarPods, iPhone 16"
T7616,"Apple Pencil (USB-C), iPad Smart Folio, iPad mini 6"
T7617,iPad Air M2
T7618,"AirPods Pro (2nd Gen), Belkin MagSafe Charging Stand, Lightning Charging Cable, iPhone 13 mini"
T7619,iPhone 14
T7620,Marshall Emberton II
T7621,Apple Watch Series 8
T7622,"Apple Watch Ultra 2, Screen Protector (Watch)"
T7623,MacBook Pro M3
T7624,"Apple Watch Charger, Apple Watch Series 11, Apple Watch Trail Loop"
T7625,Apple Watch Series 8
T7626,"Lightning Charging Cable, Lightning EarPods, iPhone 14 Plus"
T7627,"Apple Watch Sport Band, Apple Watch Ultra 2"
T7628,"Apple Watch Series 9, Screen Protector (Watch)"
T7629,"30W USB-C Power Adapter, MacBook Air M3, USB-C Charging Cable"
T7630,iPhone 17 Pro
T7631,"Apple Pencil (2nd Gen), USB-C Charging Cable, iPad Magic Keyboard, iPad Pro M4 11-inch"
T7632,"Lightning Charging Cable, Lightning EarPods, iPhone 14"
T7633,"Apple Watch Series 11, Apple Watch Sport Band"
T7634,"Belkin MagSafe Charging Stand, Lightning Charging Cable, Lightning EarPods, Screen Protector, iPhone 13 Pro, iPhone Case"
T7635,"30W USB-C Power Adapter, Laptop Sleeve, MacBook Air M3"
T7636,iPad Air M2
T7637,"Belkin MagSafe Charging Stand, USB-C Charging Cable, USB-C EarPods, iPhone 16, iPhone Case"
T7638,"Marshall Emberton II, Speaker Carry Case, USB-C Charging Cable"
T7639,"iPhone 15 Plus, iPhone Case, iPhone MagSafe Charging Dock"
T7640,"Screen Protector (iPad), USB-C Charging Cable, iPad Air M2"
T7641,"USB-C Charging Cable, USB-C EarPods, iPhone 17, iPhone MagSafe Charging Dock"
T7642,"iPhone 13 mini, iPhone MagSafe Charging Dock"
T7643,"Belkin MagSafe Charging Stand, Lightning Charging Cable, iPhone 13"
T7644,"Laptop Sleeve, MacBook Air M1, USB-C Charging Cable"
T7645,"Anker MagSafe Charging Dock, Lightning Charging Cable, iPhone 14 Pro, iPhone Case"
T7646,"AirPods (3rd Gen), USB-C Charging Cable, iPhone 17 Air"
T7647,iPad Air M2
T7648,"Apple Watch Charger, Apple Watch Series 9, Apple Watch Sport Band, Screen Protector (Watch)"
T7649,"Apple Magic Keyboard, Apple Magic Mouse, Mac mini M2, Studio Display"
T7650,MacBook Air M2
T7651,"USB-C EarPods, iPhone 16 Plus, iPhone Case"
T7652,iPhone 13 mini
T7653,"Mac mini M2 Pro, Studio Display, USB-C Hub"
T7654,"Apple Watch Charger, Apple Watch Series 9, Apple Watch Trail Loop"
T7655,"Apple Watch Sport Band, Apple Watch Ultra"
T7656,"30W USB-C Power Adapter, Apple Magic Mouse, MacBook Air M3, USB-C Charging Cable"
T7657,"USB-C Charging Cable, iPhone 16"
T7658,MacBook Air M4
T7659,"Apple Magic Keyboard, Apple Magic Mouse, Mac mini M2, Marshall Emberton II"
T7660,"Belkin MagSafe Charging Stand, Lightning Charging Cable, iPhone 14"
T7661,"Anker MagSafe Charging Dock, Screen Protector, USB-C Charging Cable, USB-C EarPods, iPhone 16 Plus, iPhone Case"
T7662,"USB-C Charging Cable, USB-C EarPods, iPhone 17 Pro"
T7663,"Apple Watch Charger, Apple Watch Series 8"
T7664,"65W USB-C Power Adapter, MacBook Pro M1, USB-C Charging Cable"
T7665,"AirPods Pro (2nd Gen), Lightning Charging Cable, Screen Protector, iPhone 14 Pro Max, iPhone Case"
T7666,"Apple Watch Charger, Apple Watch Milanese Loop, Apple Watch Series 10"
T7667,"Apple Watch Charger, Apple Watch Series 8, Apple Watch Trail Loop"
T7668,"Lightning Charging Cable, Lightning EarPods, iPhone 13 Pro, iPhone Case"
T7669,"Apple Pencil (USB-C), USB-C Charging Cable, iPad Air M2"
T7670,"Apple Watch Series 11, Apple Watch Sport Band"
T7671,"AirPods Pro (2nd Gen), Belkin MagSafe Charging Stand, Lightning Charging Cable, iPhone 13 mini"
T7672,"Apple Magic Keyboard, Mac mini M4, Marshall Emberton II"
T7673,Apple Watch Series 10
T7674,"65W USB-C Power Adapter, Apple Magic Keyboard, MacBook Pro M3"
T7675,"Apple Watch Charger, Apple Watch Trail Loop, Apple Watch Ultra"
T7676,"Belkin MagSafe Charging Stand, Screen Protector, USB-C Charging Cable, USB-C EarPods, iPhone 17 Pro Max"
T7677,"AirPods (3rd Gen), USB-C Charging Cable, iPhone 17 Pro, iPhone Case, iPhone MagSafe Charging Dock"
T7678,"Belkin MagSafe Charging Stand, Screen Protector, iPhone 16 Pro"
T7679,"30W USB-C Power Adapter, MacBook Air M4, USB-C Charging Cable"
T7680,iPhone 15
T7681,"Anker MagSafe Charging Dock, Screen Protector, iPhone 15 Plus"
T7682,"Apple Watch Charger, Apple Watch Series 11, Apple Watch Trail Loop"
T7683,"Anker MagSafe Charging Dock, iPhone 14 Pro"
T7684,"Anker MagSafe Charging Dock, USB-C Charging Cable, iPhone 17 Pro, iPhone Case"
T7685,"Laptop Sleeve, MacBook Air M1"
T7686,"Belkin MagSafe Charging Stand, Lightning Charging Cable, iPhone 14, iPhone Case"
T7687,"AirPods (3rd Gen), Belkin MagSafe Charging Stand, Screen Protector, USB-C Charging Cable, iPhone 16 Pro"
T7688,"Lightning Charging Cable, Lightning EarPods, Screen Protector, iPhone 14 Pro Max, iPhone MagSafe Charging Dock"
T7689,"65W USB-C Power Adapter, External SSD 1TB, MacBook Pro M3, USB-C Charging Cable"
T7690,"USB-C Charging Cable, iPad Magic Keyboard, iPad Pro M4 13-inch"
T7691,"65W USB-C Power Adapter, Apple Magic Keyboard, MacBook Pro M1"
T7692,"Belkin MagSafe Charging Stand, USB-C Charging Cable, iPhone 16"
T7693,"AirPods (3rd Gen), Anker MagSafe Charging Dock, iPhone 17 Air"
T7694,"Apple Magic Keyboard, Mac mini M2 Pro"
T7695,"Apple Watch Charger, Apple Watch Series 8, Screen Protector (Watch)"
T7696,"USB-C Charging Cable, iPad 10th Gen, iPad Smart Folio"
T7697,"AirPods Pro (2nd Gen), Anker MagSafe Charging Dock, Lightning Charging Cable, iPhone 14 Plus"
T7698,"USB-C Charging Cable, iPhone 15 Pro Max"
T7699,"Apple Magic Keyboard, Apple Magic Mouse, JBL Charge 5, Mac mini M4"
T7700,"30W USB-C Power Adapter, Apple Magic Mouse, MacBook Air M4"
T7701,"AirPods (3rd Gen), MacBook Air M4, USB-C Charging Cable"
T7702,MacBook Air M1
T7703,"AirPods (3rd Gen), Anker MagSafe Charging Dock, USB-C Charging Cable, iPhone 17 Pro"
T7704,"30W USB-C Power Adapter, Apple Magic Mouse, MacBook Air M3"
T7705,Apple Watch Series 9
T7706,"Anker MagSafe Charging Dock, Screen Protector, USB-C Charging Cable, USB-C EarPods, iPhone 16 Pro Max"
T7707,"AirPods (3rd Gen), Anker MagSafe Charging Dock, iPhone 14 Pro Max, iPhone Case"
T7708,"65W USB-C Power Adapter, External SSD 1TB, MacBook Pro M4, USB-C Charging Cable"
T7709,"Screen Protector, USB-C Charging Cable, USB-C EarPods, iPhone 16 Pro, iPhone MagSafe Charging Dock"
T7710,"AirPods Pro (2nd Gen), Lightning Charging Cable, Screen Protector, iPhone 14 Pro Max, iPhone Case"
T7711,"USB-C Charging Cable, iPad 10th Gen"
T7712,"Anker MagSafe Charging Dock, iPhone 13 Pro Max"
T7713,"Apple Watch Charger, Apple Watch Sport Band, Apple Watch Ultra 2"
T7714,iPad 10th Gen
T7715,"Apple Watch Charger, Apple Watch Sport Band, Apple Watch Ultra 2, Screen Protector (Watch)"
T7716,iPhone 13 Pro Max
T7717,"30W USB-C Power Adapter, AirPods (3rd Gen), Apple Magic Mouse, MacBook Air M3, USB-C Charging Cable"
T7718,iPhone 15 Pro Max
T7719,"USB-C Charging Cable, USB-C EarPods, iPhone 17"
T7720,"30W USB-C Power Adapter, Apple Magic Mouse, MacBook Air M4, USB-C Charging Cable"
T7721,"30W USB-C Power Adapter, Apple Magic Mouse, Laptop Sleeve, MacBook Air M3"
T7722,"USB-C Charging Cable, USB-C EarPods, iPhone 16"
T7723,"MacBook Pro M4, USB-C Charging Cable"
T7724,"Screen Protector, USB-C Charging Cable, USB-C EarPods, iPhone 15, iPhone Case, iPhone MagSafe Charging Dock"
T7725,"Anker MagSafe Charging Dock, Lightning Charging Cable, Lightning EarPods, iPhone 14 Plus"
T7726,"USB-C Charging Cable, USB-C EarPods, iPhone 15 Plus"
T7727,"AirPods Pro (2nd Gen), Anker MagSafe Charging Dock, iPhone 16"
T7728,"Apple Pencil (USB-C), USB-C Charging Cable, iPad Air M2, iPad Smart Folio"
T7729,iPad mini 6
T7730,"USB-C Charging Cable, iPhone 16 Plus"
T7731,MacBook Air M2
T7732,"Anker MagSafe Charging Dock, iPhone 16 Pro Max"
T7733,iPad mini 7
T7734,"USB-C Charging Cable, iPad Magic Keyboard, iPad Pro M4 11-inch"
T7735,iPhone 15
T7736,"AirPods Pro (2nd Gen), Apple Magic Keyboard, Apple Magic Mouse, MacBook Pro M4"
T7737,iPad 10th Gen
T7738,"Apple Pencil (USB-C), iPad mini 6"
T7739,"Belkin MagSafe Charging Stand, USB-C Charging Cable, USB-C EarPods, iPhone 17 Pro Max, iPhone Case"
T7740,"Apple Magic Mouse, Bose SoundLink Flex, Mac mini M2 Pro, Studio Display"
T7741,"Apple Pencil (2nd Gen), Screen Protector (iPad), iPad Pro M4 11-inch"
T7742,"Apple Watch Series 8, Apple Watch Sport Band"
T7743,"Anker MagSafe Charging Dock, Lightning Charging Cable, Screen Protector, iPhone 13 Pro, iPhone Case"
T7744,"Anker MagSafe Charging Dock, USB-C Charging Cable, USB-C EarPods, iPhone 17, iPhone Case"
T7745,"Lightning Charging Cable, iPhone 14 Pro Max"
T7746,"USB-C Charging Cable, iPhone 17, iPhone MagSafe Charging Dock"
T7747,"USB-C Charging Cable, iPad 10th Gen, iPad Smart Folio"
T7748,"Anker MagSafe Charging Dock, USB-C Charging Cable, iPhone 17 Pro Max"
T7749,"USB-C Charging Cable, iPad 10th Gen"
T7750,AirPods Pro (2nd Gen)
T7751,"Apple Pencil (2nd Gen), Screen Protector (iPad), USB-C Charging Cable, iPad Magic Keyboard, iPad Pro M4 13-inch"
T7752,"Belkin MagSafe Charging Stand, USB-C EarPods, iPhone 15, iPhone Case"
T7753,"30W USB-C Power Adapter, MacBook Air M4, USB-C Charging Cable"
T7754,"Apple Watch Series 9, Apple Watch Sport Band"
T7755,"30W USB-C Power Adapter, Apple Magic Mouse, MacBook Air M4"
T7756,"Anker MagSafe Charging Dock, USB-C Charging Cable, iPhone 16 Plus, iPhone Case"
T7757,Mac mini M2 Pro
T7758,"Apple Pencil (USB-C), Screen Protector (iPad), iPad mini 7"
T7759,iPhone 16 Plus
T7760,"Screen Protector (iPad), USB-C Charging Cable, iPad Smart Folio, iPad mini 7"
T7761,JBL Charge 5
T7762,"Belkin MagSafe Charging Stand, Lightning EarPods, iPhone 14 Pro Max"
T7763,iPhone 13 Pro
T7764,iPad Air M2
T7765,"USB-C Charging Cable, USB-C EarPods, iPhone 17, iPhone Case"
T7766,"Apple Magic Mouse, Mac mini M2 Pro"
T7767,"Screen Protector, USB-C EarPods, iPhone 15 Pro, iPhone Case, iPhone MagSafe Charging Dock"
T7768,"30W USB-C Power Adapter, AirPods (3rd Gen), Laptop Sleeve, MacBook Air M2, USB-C Charging Cable"
T7769,iPad Air M2
T7770,"iPhone 13 Pro, iPhone MagSafe Charging Dock"
T7771,"Apple Watch Series 10, Screen Protector (Watch)"
T7772,"MacBook Air M1, USB-C Charging Cable"
T7773,"65W USB-C Power Adapter, AirPods Pro (2nd Gen), Apple Magic Keyboard, MacBook Pro M4, USB-C Charging Cable"
T7774,Apple Watch Series 11
T7775,Apple Watch Ultra 2
T7776,"USB-C Charging Cable, USB-C EarPods, iPhone 16 Pro Max, iPhone Case"
T7777,"Apple Magic Mouse, Mac mini M2"
T7778,iPad mini 7
T7779,"Apple Pencil (USB-C), iPad Air M2, iPad Smart Folio"
T7780,"USB-C Charging Cable, iPhone 16 Pro, iPhone MagSafe Charging Dock"
T7781,"AirPods Pro (2nd Gen), Screen Protector, USB-C Charging Cable, iPhone 17 Pro Max"
T7782,"USB-C EarPods, iPhone 15, iPhone MagSafe Charging Dock"
T7783,MacBook Air M3
T7784,"USB-C Charging Cable, iPad 10th Gen, iPad Smart Folio"
T7785,Apple Watch Series 8
T7786,"Lightning Charging Cable, iPhone 14 Pro Max"
T7787,"Apple Watch Solo Loop, Apple Watch Ultra"
T7788,"Lightning Charging Cable, iPhone 14 Plus, iPhone Case"
T7789,"AirPods (3rd Gen), USB-C Charging Cable, iPhone 16 Plus, iPhone MagSafe Charging Dock"
T7790,"Screen Protector (iPad), iPad 10th Gen, iPad Smart Folio"
T7791,"Anker MagSafe Charging Dock, Lightning EarPods, Screen Protector, iPhone 13 mini"
T7792,"Apple Watch Charger, Apple Watch Ultra"
T7793,"USB-C EarPods, iPhone 17 Pro, iPhone MagSafe Charging Dock"
T7794,"Apple Pencil (USB-C), USB-C Charging Cable, iPad Air M2, iPad Smart Folio"
T7795,"Apple Watch Charger, Apple Watch Series 10"
T7796,"Apple Magic Keyboard, Apple Magic Mouse, Mac mini M2"
T7797,"Apple Watch Charger, Apple Watch Milanese Loop, Apple Watch Ultra, Screen Protector (Watch)"
T7798,iPad Air M2
T7799,"AirPods Pro (2nd Gen), Anker MagSafe Charging Dock, USB-C Charging Cable, iPhone 17 Air"
T7800,"Lightning Charging Cable, iPhone 14, iPhone MagSafe Charging Dock"
T7801,"Lightning Charging Cable, Lightning EarPods, iPhone 14 Pro Max, iPhone Case"
T7802,"Apple Magic Keyboard, Apple Magic Mouse, LG UltraFine 5K Display, Mac mini M4, Marshall Stanmore III"
T7803,"AirPods Pro (2nd Gen), Belkin MagSafe Charging Stand, Screen Protector, USB-C Charging Cable, iPhone 16 Plus"
T7804,"Apple Pencil (2nd Gen), Screen Protector (iPad), iPad Magic Keyboard, iPad Pro M4 13-inch"
T7805,Apple Watch Series 11
T7806,"Belkin MagSafe Charging Stand, Lightning Charging Cable, Lightning EarPods, iPhone 13 Pro Max, iPhone Case"
T7807,"AirPods Pro (2nd Gen), Belkin MagSafe Charging Stand, iPhone 16 Pro Max"
T7808,"USB-C Charging Cable, USB-C EarPods, iPhone 16 Pro, iPhone MagSafe Charging Dock"
T7809,"AirPods (3rd Gen), Belkin MagSafe Charging Stand, iPhone 17"
T7810,"AirPods Pro (2nd Gen), Anker MagSafe Charging Dock, Screen Protector, USB-C Charging Cable, iPhone 15 Plus"
T7811,"Anker MagSafe Charging Dock, Lightning EarPods, iPhone 14, iPhone Case"
T7812,"Lightning Charging Cable, Lightning EarPods, iPhone 14 Plus"
T7813,"Belkin MagSafe Charging Stand, USB-C Charging Cable, USB-C EarPods, iPhone 17 Pro"
T7814,"Screen Protector, USB-C Charging Cable, USB-C EarPods, iPhone 17 Air"
T7815,iPhone 17
T7816,"Belkin MagSafe Charging Stand, Lightning EarPods, iPhone 14 Pro"
T7817,"Anker MagSafe Charging Dock, Screen Protector, USB-C Charging Cable, iPhone 16"
T7818,"30W USB-C Power Adapter, Apple Magic Mouse, Laptop Sleeve, MacBook Air M1, USB-C Charging Cable"
T7819,iPhone 15 Plus
T7820,"Belkin MagSafe Charging Stand, Lightning EarPods, Screen Protector, iPhone 14"
T7821,"Lightning Charging Cable, iPhone 14 Plus"
T7822,iPad Pro M4 11-inch
T7823,Mac mini M2 Pro
T7824,"Belkin MagSafe Charging Stand, iPhone 13 Pro"
T7825,"30W USB-C Power Adapter, Apple Magic Mouse, MacBook Air M2, USB-C Charging Cable"
T7826,"Apple Pencil (2nd Gen), Screen Protector (iPad), iPad Magic Keyboard, iPad Pro M4 13-inch"
T7827,"30W USB-C Power Adapter, Apple Magic Mouse, MacBook Air M2, USB-C Charging Cable"
T7828,JBL Flip 6
T7829,"AirPods Pro (2nd Gen), Lightning Charging Cable, Screen Protector, iPhone 13 mini, iPhone Case, iPhone MagSafe Charging Dock"
T7830,"AirPods (3rd Gen), Lightning Charging Cable, iPhone 14 Plus, iPhone Case, iPhone MagSafe Charging Dock"
T7831,Apple Magic Mouse
T7832,"USB-C Charging Cable, iPhone 17 Pro Max, iPhone Case"
T7833,"Apple Pencil (2nd Gen), USB-C Charging Cable, iPad Magic Keyboard, iPad Pro M4 11-inch"
T7834,"Anker MagSafe Charging Dock, USB-C EarPods, iPhone 15 Pro"
T7835,"MacBook Air M4, USB-C Charging Cable"
T7836,"AirPods (3rd Gen), MacBook Air M1, USB-C Charging Cable"
T7837,"AirPods (3rd Gen), Lightning Charging Cable, iPhone 14 Pro Max, iPhone MagSafe Charging Dock"
T7838,iPad Air M2
T7839,MacBook Pro M1
T7840,"65W USB-C Power Adapter, AirPods Pro (2nd Gen), Apple Magic Mouse, MacBook Pro M2, USB-C Charging Cable"
T7841,"Belkin MagSafe Charging Stand, iPhone 15 Pro"
T7842,"AirPods Pro (2nd Gen), USB-C Charging Cable, iPhone 15 Plus, iPhone MagSafe Charging Dock"
T7843,"AirPods (3rd Gen), Belkin MagSafe Charging Stand, USB-C Charging Cable, iPhone 15"
T7844,"Belkin MagSafe Charging Stand, Lightning Charging Cable, Lightning EarPods, iPhone 14"
T7845,"30W USB-C Power Adapter, AirPods (3rd Gen), Laptop Sleeve, MacBook Air M1"
T7846,"Anker MagSafe Charging Dock, Screen Protector, USB-C EarPods, iPhone 15 Pro"
T7847,"Apple Magic Mouse, Laptop Sleeve, MacBook Air M1, USB-C Charging Cable"
T7848,MacBook Pro M1
T7849,Apple Watch Ultra
T7850,"Apple Pencil (2nd Gen), USB-C Charging Cable, iPad Magic Keyboard, iPad Pro M4 11-inch"
T7851,"Apple Magic Keyboard, Mac mini M2 Pro, USB-C Hub"
T7852,"AirPods (3rd Gen), Screen Protector, iPhone 14 Pro Max"
T7853,"Apple Magic Mouse, MacBook Air M4, USB-C Charging Cable"
T7854,"Apple Watch Charger, Apple Watch Trail Loop, Apple Watch Ultra"
T7855,"Apple Pencil (2nd Gen), iPad Magic Keyboard, iPad Pro M4 13-inch"
T7856,"Screen Protector (iPad), USB-C Charging Cable, iPad Magic Keyboard, iPad Pro M4 13-inch"
T7857,"AirPods (3rd Gen), USB-C Charging Cable, iPhone 16 Pro Max, iPhone Case, iPhone MagSafe Charging Dock"
T7858,"AirPods (3rd Gen), Belkin MagSafe Charging Stand, iPhone 16 Pro"
T7859,"Belkin MagSafe Charging Stand, Screen Protector, USB-C Charging Cable, USB-C EarPods, iPhone 16 Pro Max, iPhone Case"
T7860,"AirPods (3rd Gen), MacBook Air M3, USB-C Charging Cable"
T7861,"Belkin MagSafe Charging Stand, Lightning Charging Cable, iPhone 14 Pro, iPhone Case"
T7862,"Apple Magic Keyboard, Mac mini M2"
T7863,"Screen Protector, USB-C Charging Cable, USB-C EarPods, iPhone 17"
T7864,"65W USB-C Power Adapter, Apple Magic Mouse, MacBook Pro M2, USB-C Charging Cable"
T7865,iPhone 15
T7866,"Bose SoundLink Flex, Mac mini M4"
T7867,"Lightning Charging Cable, iPhone 14 Plus"
T7868,"MacBook Pro M2, USB-C Charging Cable"
T7869,"Apple Watch Charger, Apple Watch Solo Loop, Apple Watch Ultra 2, Screen Protector (Watch)"
T7870,"Apple Pencil (USB-C), Screen Protector (iPad), iPad Air M2, iPad Smart Folio"
T7871,iPhone 14 Plus
T7872,"Lightning Charging Cable, iPhone 14, iPhone MagSafe Charging Dock"
T7873,"Apple Pencil (2nd Gen), iPad Pro M4 11-inch"
T7874,"30W USB-C Power Adapter, AirPods (3rd Gen), MacBook Air M3, USB-C Charging Cable"
T7875,"MacBook Air M2, USB-C Charging Cable"
T7876,"Lightning EarPods, iPhone 13 Pro Max"
T7877,"65W USB-C Power Adapter, AirPods Pro (2nd Gen), Apple Magic Keyboard, MacBook Pro M4, USB-C Charging Cable"
T7878,AirPods Pro (2nd Gen)
T7879,MacBook Pro M1
T7880,"Apple Pencil (2nd Gen), Screen Protector (iPad), iPad Magic Keyboard, iPad Pro M4 11-inch"
T7881,"Apple Magic Keyboard, Apple Magic Mouse, Mac mini M2 Pro, USB-C Hub"
T7882,iPad Air M2
T7883,"Apple Pencil (USB-C), USB-C Charging Cable, iPad mini 7"
T7884,"Anker MagSafe Charging Dock, iPhone 15"
T7885,"Belkin MagSafe Charging Stand, USB-C EarPods, iPhone 17 Air"
T7886,"Apple Pencil (2nd Gen), iPad Magic Keyboard, iPad Pro M4 11-inch"
T7887,"AirPods Pro (2nd Gen), Lightning Charging Cable, Screen Protector, iPhone 14 Plus, iPhone Case"
T7888,iPhone 16 Pro Max
T7889,"Apple Pencil (2nd Gen), Screen Protector (iPad), iPad Magic Keyboard, iPad Pro M4 13-inch"
T7890,"Apple Pencil (2nd Gen), USB-C Charging Cable, iPad Pro M4 11-inch"
T7891,JBL Flip 6
T7892,MacBook Pro M4
T7893,"AirPods (3rd Gen), Anker MagSafe Charging Dock, Lightning Charging Cable, iPhone 13 mini"
T7894,"65W USB-C Power Adapter, External SSD 1TB, MacBook Pro M1"
T7895,MacBook Air M1
T7896,"30W USB-C Power Adapter, Apple Magic Mouse, MacBook Air M2, USB-C Charging Cable"
T7897,"Belkin MagSafe Charging Stand, iPhone 13 Pro Max"
T7898,"JBL Flip 6, LG UltraFine 5K Display, Mac mini M4"
T7899,"Lightning Charging Cable, iPhone 14, iPhone MagSafe Charging Dock"
T7900,"AirPods (3rd Gen), iPhone 16 Pro, iPhone MagSafe Charging Dock"
T7901,"Lightning Charging Cable, Lightning EarPods, iPhone 13 mini"
T7902,"Apple Pencil (USB-C), USB-C Charging Cable, iPad Smart Folio, iPad mini 6"
T7903,"LG UltraFine 5K Display, Mac mini M2, USB-C Hub"
T7904,iPhone 16 Plus
T7905,"Apple Magic Mouse, MacBook Pro M4, USB-C Charging Cable"
T7906,Apple Watch Series 8
T7907,"AirPods Pro (2nd Gen), Lightning Charging Cable, iPhone 14, iPhone Case"
T7908,"Belkin MagSafe Charging Stand, Screen Protector, USB-C Charging Cable, USB-C EarPods, iPhone 17 Pro"
T7909,"Apple Watch Charger, Apple Watch Series 11, Apple Watch Solo Loop"
T7910,"Belkin MagSafe Charging Stand, USB-C EarPods, iPhone 16 Plus"
T7911,"Anker MagSafe Charging Dock, Screen Protector, USB-C Charging Cable, USB-C EarPods, iPhone 17 Pro Max, iPhone Case"
T7912,"Belkin MagSafe Charging Stand, iPhone 16 Plus"
T7913,"Anker MagSafe Charging Dock, iPhone 15"
T7914,"65W USB-C Power Adapter, MacBook Pro M1"
T7915,"Marshall Stanmore III, Speaker Carry Case"
T7916,"30W USB-C Power Adapter, AirPods (3rd Gen), Apple Magic Mouse, MacBook Air M3, USB-C Charging Cable"
T7917,iPhone 16 Plus
T7918,iPhone 13 mini
T7919,MacBook Pro M3
T7920,"Lightning Charging Cable, Lightning EarPods, iPhone 14 Pro Max, iPhone MagSafe Charging Dock"
T7921,"Apple Watch Charger, Apple Watch Trail Loop, Apple Watch Ultra 2"
T7922,"AirPods Pro (2nd Gen), Anker MagSafe Charging Dock, USB-C Charging Cable, iPhone 16 Plus"
T7923,"Apple Watch Series 8, Apple Watch Sport Band"
T7924,"Apple Pencil (2nd Gen), Screen Protector (iPad), iPad Magic Keyboard, iPad Pro M4 11-inch"
T7925,"Apple Watch Milanese Loop, Apple Watch Series 10"
T7926,"AirPods (3rd Gen), Lightning Charging Cable, Screen Protector, iPhone 14 Plus, iPhone MagSafe Charging Dock"
T7927,"Screen Protector (iPad), iPad Smart Folio, iPad mini 6"
T7928,"65W USB-C Power Adapter, MacBook Pro M4"
T7929,"Belkin MagSafe Charging Stand, USB-C Charging Cable, USB-C EarPods, iPhone 16"
T7930,"Belkin MagSafe Charging Stand, USB-C Charging Cable, iPhone 16, iPhone Case"
T7931,"AirPods (3rd Gen), Screen Protector, iPhone 17 Air, iPhone Case, iPhone MagSafe Charging Dock"
T7932,"Apple Watch Charger, Apple Watch Milanese Loop, Apple Watch Series 10"
T7933,iPhone 13 mini
T7934,iPhone 15 Pro Max
T7935,"Lightning Charging Cable, Lightning EarPods, iPhone 13 mini, iPhone MagSafe Charging Dock"
T7936,"AirPods (3rd Gen), Screen Protector, iPhone 14 Pro Max, iPhone Case, iPhone MagSafe Charging Dock"
T7937,"Apple Pencil (USB-C), USB-C Charging Cable, iPad 10th Gen"
T7938,"Anker MagSafe Charging Dock, USB-C Charging Cable, iPhone 15 Pro Max"
T7939,"Apple Magic Keyboard, Apple Magic Mouse, Mac mini M2"
T7940,"30W USB-C Power Adapter, MacBook Air M2"
T7941,"Belkin MagSafe Charging Stand, Screen Protector, iPhone 17 Air"
T7942,"Apple Watch Charger, Apple Watch Trail Loop, Apple Watch Ultra"
T7943,"Belkin MagSafe Charging Stand, USB-C EarPods, iPhone 16 Pro Max"
T7944,"Belkin MagSafe Charging Stand, Lightning Charging Cable, Lightning EarPods, iPhone 13 Pro"
T7945,"Apple Watch Charger, Apple Watch Series 10, Apple Watch Solo Loop"
T7946,"Apple Pencil (2nd Gen), USB-C Charging Cable, iPad Magic Keyboard, iPad Pro M4 13-inch"
T7947,"30W USB-C Power Adapter, MacBook Air M3, USB-C Charging Cable"
T7948,"30W USB-C Power Adapter, AirPods (3rd Gen), Apple Magic Mouse, MacBook Air M1, USB-C Charging Cable"
T7949,"65W USB-C Power Adapter, Apple Magic Keyboard, Apple Magic Mouse, MacBook Pro M1, USB-C Charging Cable"
T7950,"iPad Magic Keyboard, iPad Pro M4 13-inch"
T7951,"Apple Watch Charger, Apple Watch Series 10, Apple Watch Sport Band"
T7952,"65W USB-C Power Adapter, Apple Magic Keyboard, Apple Magic Mouse, MacBook Pro M3"
T7953,"Apple Watch Charger, Apple Watch Trail Loop, Apple Watch Ultra"
T7954,Bose SoundLink Flex
T7955,"Screen Protector, USB-C Charging Cable, iPhone 15 Pro, iPhone Case, iPhone MagSafe Charging Dock"
T7956,"AirPods (3rd Gen), iPhone 15, iPhone Case, iPhone MagSafe Charging Dock"
T7957,"Apple Magic Mouse, MacBook Air M1, USB-C Charging Cable"
T7958,"Apple Watch Charger, Apple Watch Ultra"
T7959,"USB-C Charging Cable, iPhone 17 Air, iPhone Case, iPhone MagSafe Charging Dock"
T7960,"USB-C Charging Cable, iPad mini 7"
T7961,iPhone 16 Pro Max
T7962,MacBook Pro M4
T7963,"Apple Watch Series 9, Apple Watch Trail Loop"
T7964,Marshall Emberton II
T7965,iPhone 17 Pro Max
T7966,"Apple Pencil (USB-C), USB-C Charging Cable, iPad Air M2"
T7967,"Anker MagSafe Charging Dock, USB-C EarPods, iPhone 15 Pro Max"
T7968,"30W USB-C Power Adapter, Apple Magic Mouse, MacBook Air M1, USB-C Charging Cable"
T7969,iPad Pro M4 11-inch
T7970,"Lightning Charging Cable, Screen Protector, iPhone 14"
T7971,"AirPods (3rd Gen), Lightning Charging Cable, Screen Protector, iPhone 13 Pro"
T7972,"USB-C EarPods, iPhone 17"
T7973,"30W USB-C Power Adapter, AirPods (3rd Gen), Apple Magic Mouse, MacBook Air M4, USB-C Charging Cable"
T7974,"USB-C Charging Cable, USB-C EarPods, iPhone 15, iPhone MagSafe Charging Dock"
T7975,"AirPods Pro (2nd Gen), Screen Protector, USB-C Charging Cable, iPhone 15 Pro, iPhone Case, iPhone MagSafe Charging Dock"
T7976,"AirPods Pro (2nd Gen), iPhone 17, iPhone MagSafe Charging Dock"
T7977,"Apple Watch Series 8, Apple Watch Solo Loop"
T7978,"Apple Pencil (USB-C), iPad Air M2"
T7979,Apple Watch Series 10
T7980,"30W USB-C Power Adapter, MacBook Air M4, USB-C Charging Cable"
T7981,"Apple Watch Solo Loop, Apple Watch Ultra"
T7982,iPad Pro M4 13-inch
T7983,"AirPods (3rd Gen), Belkin MagSafe Charging Stand, Screen Protector, USB-C Charging Cable, iPhone 15"
T7984,"Apple Pencil (USB-C), iPad Air M2, iPad Smart Folio"
T7985,"Belkin MagSafe Charging Stand, Screen Protector, USB-C Charging Cable, iPhone 15 Plus, iPhone Case"
T7986,"Anker MagSafe Charging Dock, Lightning Charging Cable, Lightning EarPods, iPhone 13"
T7987,"Belkin MagSafe Charging Stand, Screen Protector, iPhone 16"
T7988,iPad Pro M4 13-inch
T7989,"Belkin MagSafe Charging Stand, USB-C Charging Cable, USB-C EarPods, iPhone 17 Pro Max"
T7990,"30W USB-C Power Adapter, Apple Magic Mouse, Laptop Sleeve, MacBook Air M2, USB-C Charging Cable"
T7991,"AirPods Pro (2nd Gen), Anker MagSafe Charging Dock, Lightning Charging Cable, Screen Protector, iPhone 14"
T7992,"Apple Pencil (USB-C), Screen Protector (iPad), iPad Smart Folio, iPad mini 6"
T7993,iPhone 17 Pro Max
T7994,AirPods (3rd Gen)
T7995,iPhone 13 Pro Max
T7996,"AirPods (3rd Gen), Lightning Charging Cable, iPhone 14 Pro, iPhone Case, iPhone MagSafe Charging Dock"
T7997,iPhone 14 Plus
T7998,"30W USB-C Power Adapter, Apple Magic Mouse, MacBook Air M3"
T7999,"65W USB-C Power Adapter, Apple Magic Mouse, MacBook Pro M2, USB-C Charging Cable"
T8000,"Screen Protector, USB-C Charging Cable, USB-C EarPods, iPhone 17 Air, iPhone Case, iPhone MagSafe Charging Dock"
T8001,"AirPods Pro (2nd Gen), Screen Protector, iPhone 17 Pro Max, iPhone Case"
T8002,"Anker MagSafe Charging Dock, Lightning EarPods, Screen Protector, iPhone 13"
T8003,"65W USB-C Power Adapter, MacBook Pro M2, USB-C Charging Cable"
T8004,"Apple Pencil (USB-C), Screen Protector (iPad), USB-C Charging Cable, iPad 10th Gen"
T8005,"Anker MagSafe Charging Dock, USB-C Charging Cable, USB-C EarPods, iPhone 16 Pro"
T8006,"Screen Protector (iPad), iPad Pro M4 13-inch"
T8007,"AirPods (3rd Gen), iPhone 17 Air, iPhone MagSafe Charging Dock"
T8008,"Lightning Charging Cable, iPhone 13 mini, iPhone MagSafe Charging Dock"
T8009,"AirPods Pro (2nd Gen), USB-C Charging Cable, iPhone 16"
T8010,iPhone 15 Pro Max
T8011,"65W USB-C Power Adapter, MacBook Pro M3, USB-C Charging Cable"
T8012,"Apple Magic Keyboard, Apple Magic Mouse, Mac mini M2 Pro"
T8013,"Lightning Charging Cable, Lightning EarPods, Screen Protector, iPhone 13 mini"
T8014,Mac mini M4
T8015,"30W USB-C Power Adapter, Apple Magic Mouse, MacBook Air M3, USB-C Charging Cable"
T8016,"30W USB-C Power Adapter, AirPods (3rd Gen), MacBook Air M1, USB-C Charging Cable"
T8017,"Apple Pencil (USB-C), USB-C Charging Cable, iPad 10th Gen"
T8018,iPhone 13 mini
T8019,Mac mini M2
T8020,"Apple Magic Keyboard, Apple Magic Mouse, Mac mini M2, USB-C Hub"
T8021,"iPhone 16 Plus, iPhone Case"
T8022,"Apple Watch Charger, Apple Watch Series 10, Apple Watch Trail Loop"
T8023,"Lightning EarPods, iPhone 14 Pro Max, iPhone Case, iPhone MagSafe Charging Dock"
T8024,"Apple Pencil (USB-C), Screen Protector (iPad), USB-C Charging Cable, iPad Air M2"
T8025,iPad Air M2
T8026,"65W USB-C Power Adapter, Apple Magic Mouse, MacBook Pro M1"
T8027,iPhone 17 Air
T8028,"Apple Watch Ultra 2, Screen Protector (Watch)"
T8029,Mac mini M4
T8030,Apple Watch Ultra 2
T8031,"30W USB-C Power Adapter, AirPods (3rd Gen), Apple Magic Mouse, Laptop Sleeve, MacBook Air M3, USB-C Charging Cable"
T8032,"AirPods (3rd Gen), Lightning Charging Cable, iPhone 13, iPhone Case"
T8033,iPad Air M2
T8034,"Apple Pencil (USB-C), Screen Protector (iPad), USB-C Charging Cable, iPad Smart Folio, iPad mini 7"
T8035,"Apple Pencil (2nd Gen), USB-C Charging Cable, iPad Magic Keyboard, iPad Pro M4 11-inch"
T8036,"Apple Pencil (USB-C), Screen Protector (iPad), iPad 10th Gen, iPad Smart Folio"
T8037,"Anker MagSafe Charging Dock, iPhone 14, iPhone Case"
T8038,iPhone 13 mini
T8039,Apple Watch Ultra
T8040,Apple Magic Keyboard
T8041,"Apple Magic Keyboard, Apple Magic Mouse, Mac mini M2 Pro"
T8042,"Anker MagSafe Charging Dock, iPhone 14"
T8043,"AirPods Pro (2nd Gen), iPhone 16 Pro Max"
T8044,iPhone 15 Pro Max
T8045,Apple Watch Series 11
T8046,"Anker MagSafe Charging Dock, Lightning Charging Cable, Lightning EarPods, iPhone 13 Pro"
T8047,"30W USB-C Power Adapter, Apple Magic Mouse, Laptop Sleeve, MacBook Air M1, USB-C Charging Cable"
T8048,"65W USB-C Power Adapter, External SSD 1TB, MacBook Pro M1, USB-C Charging Cable"
T8049,"Lightning Charging Cable, iPhone 14"
T8050,"AirPods (3rd Gen), Lightning Charging Cable, Screen Protector, iPhone 14, iPhone MagSafe Charging Dock"
T8051,"Apple Watch Solo Loop, Apple Watch Ultra"
T8052,"USB-C Charging Cable, iPhone 15, iPhone Case, iPhone MagSafe Charging Dock"
T8053,"Screen Protector, USB-C Charging Cable, USB-C EarPods, iPhone 16 Pro Max, iPhone MagSafe Charging Dock"
T8054,"Apple Pencil (USB-C), USB-C Charging Cable, iPad mini 6"
T8055,"65W USB-C Power Adapter, Apple Magic Keyboard, MacBook Pro M1, USB-C Charging Cable"
T8056,"Lightning Charging Cable, Screen Protector, iPhone 14 Pro, iPhone Case, iPhone MagSafe Charging Dock"
T8057,Apple Magic Mouse
T8058,"USB-C Charging Cable, USB-C EarPods, iPhone 15 Pro Max, iPhone Case, iPhone MagSafe Charging Dock"
T8059,iPhone 15 Plus
T8060,"iPhone 13, iPhone Case"
T8061,"Apple Watch Series 9, Apple Watch Trail Loop"
T8062,"Screen Protector, USB-C Charging Cable, iPhone 16 Plus, iPhone Case, iPhone MagSafe Charging Dock"
T8063,"Screen Protector, USB-C Charging Cable, iPhone 16 Pro Max, iPhone MagSafe Charging Dock"
T8064,"Apple Pencil (USB-C), USB-C Charging Cable, iPad 10th Gen"
T8065,"Lightning Charging Cable, Lightning EarPods, iPhone 14 Plus, iPhone MagSafe Charging Dock"
T8066,"Apple Watch Charger, Apple Watch Series 10, Apple Watch Trail Loop"
T8067,"Lightning Charging Cable, Lightning EarPods, iPhone 14 Plus"
T8068,"JBL Charge 5, USB-C Charging Cable"
T8069,"Apple Watch Charger, Apple Watch Milanese Loop, Apple Watch Ultra"
T8070,MacBook Air M1
T8071,"65W USB-C Power Adapter, MacBook Pro M1, USB-C Charging Cable"
T8072,"Apple Watch Charger, Apple Watch Milanese Loop, Apple Watch Series 10"
T8073,"30W USB-C Power Adapter, AirPods (3rd Gen), Apple Magic Mouse, MacBook Air M2"
T8074,"AirPods (3rd Gen), Lightning Charging Cable, Screen Protector, iPhone 13 Pro"
T8075,"AirPods (3rd Gen), Belkin MagSafe Charging Stand, iPhone 15 Pro"
T8076,MacBook Air M4
T8077,"Apple Watch Charger, Apple Watch Series 11"
T8078,"JBL Flip 6, USB-C Charging Cable"
T8079,"Apple Watch Series 9, Screen Protector (Watch)"
T8080,"Screen Protector (iPad), iPad Magic Keyboard, iPad Pro M4 13-inch"
T8081,"USB-C EarPods, iPhone 16 Pro, iPhone MagSafe Charging Dock"
T8082,iPhone 14
T8083,"Marshall Emberton II, Speaker Carry Case"
T8084,"Belkin MagSafe Charging Stand, USB-C Charging Cable, USB-C EarPods, iPhone 16 Pro Max"
T8085,"30W USB-C Power Adapter, AirPods (3rd Gen), MacBook Air M3, USB-C Charging Cable"
T8086,iPhone 16
T8087,"Apple Watch Charger, Apple Watch Series 9, Apple Watch Solo Loop"
T8088,"Screen Protector, iPhone 14 Pro, iPhone Case, iPhone MagSafe Charging Dock"
T8089,"AirPods (3rd Gen), Screen Protector, iPhone 14, iPhone Case"
T8090,"USB-C Charging Cable, iPad Smart Folio, iPad mini 6"
T8091,"AirPods (3rd Gen), Lightning Charging Cable, iPhone 14 Pro Max"
T8092,"Apple Magic Keyboard, Apple Magic Mouse, Mac mini M2, Studio Display"
T8093,MacBook Air M1
T8094,"AirPods (3rd Gen), Anker MagSafe Charging Dock, iPhone 14 Pro"
T8095,"AirPods Pro (2nd Gen), Belkin MagSafe Charging Stand, Lightning Charging Cable, iPhone 13, iPhone Case"
T8096,"USB-C Charging Cable, iPhone 15 Pro, iPhone Case, iPhone MagSafe Charging Dock"
T8097,"Anker MagSafe Charging Dock, USB-C Charging Cable, iPhone 17 Pro Max"
T8098,iPad Air M2
T8099,"Apple Watch Charger, Apple Watch Series 8, Apple Watch Trail Loop"
T8100,"Anker MagSafe Charging Dock, Screen Protector, USB-C Charging Cable, USB-C EarPods, iPhone 17"
T8101,"Belkin MagSafe Charging Stand, USB-C Charging Cable, USB-C EarPods, iPhone 16"
T8102,"Apple Magic Keyboard, Apple Magic Mouse, Mac mini M4, USB-C Hub"
T8103,"Apple Pencil (USB-C), Screen Protector (iPad), USB-C Charging Cable, iPad Smart Folio, iPad mini 7"
T8104,AirPods Pro (2nd Gen)
T8105,Apple Watch Ultra 2
T8106,"AirPods Pro (2nd Gen), Belkin MagSafe Charging Stand, Lightning Charging Cable, Screen Protector, iPhone 13 Pro, iPhone Case"
T8107,"USB-C Charging Cable, USB-C EarPods, iPhone 17 Air, iPhone Case, iPhone MagSafe Charging Dock"
T8108,"Apple Watch Sport Band, Apple Watch Ultra"
T8109,"Apple Watch Charger, Apple Watch Series 8, Apple Watch Trail Loop"
T8110,"30W USB-C Power Adapter, Apple Magic Mouse, Laptop Sleeve, MacBook Air M1, USB-C Charging Cable"
T8111,"Belkin MagSafe Charging Stand, Lightning Charging Cable, iPhone 14 Pro, iPhone Case"
T8112,"Apple Watch Charger, Apple Watch Milanese Loop, Apple Watch Series 10, Screen Protector (Watch)"
T8113,"Belkin MagSafe Charging Stand, Lightning EarPods, iPhone 13 Pro"
T8114,"AirPods Pro (2nd Gen), Anker MagSafe Charging Dock, Lightning Charging Cable, iPhone 13 Pro Max"
T8115,iPad mini 6
T8116,"Screen Protector, USB-C Charging Cable, USB-C EarPods, iPhone 16, iPhone Case"
T8117,"AirPods Pro (2nd Gen), Belkin MagSafe Charging Stand, iPhone 17 Air, iPhone Case"
T8118,"Apple Pencil (2nd Gen), iPad Pro M4 11-inch"
T8119,JBL Charge 5
T8120,"Apple Pencil (2nd Gen), iPad Magic Keyboard, iPad Pro M4 11-inch"
T8121,"USB-C Charging Cable, iPad Smart Folio, iPad mini 6"
T8122,"AirPods (3rd Gen), Apple Magic Mouse, Laptop Sleeve, MacBook Air M3, USB-C Charging Cable"
T8123,"Anker MagSafe Charging Dock, USB-C EarPods, iPhone 16 Plus"
T8124,"Belkin MagSafe Charging Stand, Screen Protector, USB-C EarPods, iPhone 15"
T8125,"Apple Watch Milanese Loop, Apple Watch Series 8"
T8126,iPad mini 7
T8127,"30W USB-C Power Adapter, Apple Magic Mouse, MacBook Air M4"
T8128,"Apple Watch Charger, Apple Watch Sport Band, Apple Watch Ultra, Screen Protector (Watch)"
T8129,"Apple Pencil (USB-C), USB-C Charging Cable, iPad Smart Folio, iPad mini 7"
T8130,"AirPods (3rd Gen), Apple Magic Mouse, Laptop Sleeve, MacBook Air M3"
T8131,"AirPods (3rd Gen), iPhone 17 Air"
T8132,"Apple Watch Trail Loop, Apple Watch Ultra 2"
T8133,"AirPods Pro (2nd Gen), Lightning Charging Cable, Screen Protector, iPhone 13, iPhone Case, iPhone MagSafe Charging Dock"
T8134,"Apple Watch Series 9, Apple Watch Sport Band"
T8135,"Apple Pencil (USB-C), iPad mini 6"
T8136,"Apple Watch Charger, Apple Watch Series 9"
T8137,"Belkin MagSafe Charging Stand, Lightning EarPods, Screen Protector, iPhone 14 Plus"
T8138,"65W USB-C Power Adapter, MacBook Pro M2, USB-C Charging Cable"
T8139,"Apple Magic Keyboard, Apple Magic Mouse, JBL Charge 5, Mac mini M2"
T8140,iPhone 17 Air
T8141,"Screen Protector (iPad), USB-C Charging Cable, iPad 10th Gen"
T8142,Apple Watch Series 10
T8143,"Apple Watch Series 9, Screen Protector (Watch)"
T8144,"Belkin MagSafe Charging Stand, USB-C Charging Cable, iPhone 16 Pro"
T8145,"Screen Protector, iPhone 17 Pro, iPhone Case, iPhone MagSafe Charging Dock"
T8146,iPhone 17 Pro Max
T8147,"AirPods Pro (2nd Gen), Belkin MagSafe Charging Stand, Lightning Charging Cable, iPhone 14 Plus"
T8148,"Lightning Charging Cable, Screen Protector, iPhone 13 Pro"
T8149,"USB-C Charging Cable, iPad Smart Folio, iPad mini 6"
T8150,"30W USB-C Power Adapter, Apple Magic Mouse, MacBook Air M2, USB-C Charging Cable"
T8151,"Apple Magic Mouse, Mac mini M2 Pro, Marshall Stanmore III, USB-C Hub"
T8152,"Apple Magic Keyboard, Apple Magic Mouse, LG UltraFine 5K Display, Mac mini M4"
T8153,"65W USB-C Power Adapter, MacBook Pro M4, USB-C Charging Cable"
T8154,"30W USB-C Power Adapter, AirPods (3rd Gen), Laptop Sleeve, MacBook Air M3, USB-C Charging Cable"
T8155,"AirPods (3rd Gen), Screen Protector, USB-C Charging Cable, iPhone 17 Pro, iPhone MagSafe Charging Dock"
T8156,"Belkin MagSafe Charging Stand, USB-C Charging Cable, USB-C EarPods, iPhone 17 Pro Max, iPhone Case"
T8157,"AirPods Pro (2nd Gen), iPhone 15 Pro, iPhone Case"
T8158,"USB-C Charging Cable, USB-C EarPods, iPhone 17, iPhone MagSafe Charging Dock"
T8159,iPhone 16 Pro Max
T8160,"USB-C EarPods, iPhone 15 Pro Max"
T8161,"AirPods (3rd Gen), Belkin MagSafe Charging Stand, Lightning Charging Cable, Screen Protector, iPhone 13, iPhone Case"
T8162,"Apple Magic Keyboard, Apple Magic Mouse, Mac mini M4, USB-C Hub"
T8163,"iPad Magic Keyboard, iPad Pro M4 13-inch"
T8164,"AirPods (3rd Gen), USB-C Charging Cable, iPhone 17 Pro Max, iPhone MagSafe Charging Dock"
T8165,"AirPods (3rd Gen), MacBook Air M1, USB-C Charging Cable"
T8166,"Belkin MagSafe Charging Stand, Screen Protector, USB-C Charging Cable, USB-C EarPods, iPhone 16 Plus"
T8167,iPhone 14 Pro Max
T8168,iPad mini 7
T8169,"USB-C Charging Cable, iPhone 16 Pro, iPhone MagSafe Charging Dock"
T8170,"USB-C Charging Cable, USB-C EarPods, iPhone 15 Pro Max, iPhone MagSafe Charging Dock"
T8171,Apple Watch Ultra 2
T8172,MacBook Air M4
T8173,"Anker MagSafe Charging Dock, USB-C Charging Cable, iPhone 15 Plus, iPhone Case"
T8174,"Apple Magic Mouse, JBL Charge 5, LG UltraFine 5K Display, Mac mini M2"
T8175,"AirPods Pro (2nd Gen), Belkin MagSafe Charging Stand, Lightning Charging Cable, Screen Protector, iPhone 14"
T8176,"Screen Protector, USB-C Charging Cable, USB-C EarPods, iPhone 17 Air, iPhone MagSafe Charging Dock"
T8177,"AirPods (3rd Gen), Lightning Charging Cable, iPhone 14, iPhone MagSafe Charging Dock"
T8178,"Apple Watch Series 8, Apple Watch Solo Loop"
T8179,"30W USB-C Power Adapter, Apple Magic Mouse, MacBook Air M4"
T8180,"30W USB-C Power Adapter, AirPods (3rd Gen), MacBook Air M1"
T8181,iPhone 15 Pro
T8182,"Apple Watch Series 9, Apple Watch Sport Band"
T8183,Apple Watch Series 9
T8184,"Apple Watch Charger, Apple Watch Series 10, Apple Watch Solo Loop"
T8185,"Apple Watch Series 10, Apple Watch Solo Loop"
T8186,MacBook Air M4
T8187,"30W USB-C Power Adapter, MacBook Air M3, USB-C Charging Cable"
T8188,"AirPods (3rd Gen), Belkin MagSafe Charging Stand, Lightning Charging Cable, Screen Protector, iPhone 14 Pro"
T8189,"AirPods (3rd Gen), Belkin MagSafe Charging Stand, Screen Protector, iPhone 14 Pro"
T8190,"AirPods (3rd Gen), Belkin MagSafe Charging Stand, Screen Protector, USB-C Charging Cable, iPhone 16 Pro"
T8191,"AirPods (3rd Gen), Lightning Charging Cable, iPhone 13, iPhone MagSafe Charging Dock"
T8192,"AirPods (3rd Gen), Lightning Charging Cable, iPhone 14, iPhone Case"
T8193,"USB-C Charging Cable, USB-C EarPods, iPhone 15 Plus, iPhone MagSafe Charging Dock"
T8194,"Apple Magic Keyboard, Apple Magic Mouse, Mac mini M2 Pro"
T8195,"Lightning Charging Cable, Lightning EarPods, Screen Protector, iPhone 13, iPhone Case, iPhone MagSafe Charging Dock"
T8196,"AirPods (3rd Gen), Belkin MagSafe Charging Stand, iPhone 14 Pro Max"
T8197,"Lightning EarPods, iPhone 13 Pro Max, iPhone MagSafe Charging Dock"
T8198,"USB-C Charging Cable, iPad mini 6"
T8199,"Apple Pencil (USB-C), Screen Protector (iPad), iPad 10th Gen, iPad Smart Folio"
T8200,AirPods (3rd Gen)
T8201,"USB-C Charging Cable, USB-C EarPods, iPhone 17 Pro, iPhone Case"
T8202,"Apple Watch Series 9, Apple Watch Solo Loop"
T8203,"30W USB-C Power Adapter, Apple Magic Mouse, MacBook Air M2, USB-C Charging Cable"
T8204,"Belkin MagSafe Charging Stand, iPhone 17 Air, iPhone Case"
T8205,"Apple Watch Milanese Loop, Apple Watch Series 10"
T8206,"Anker MagSafe Charging Dock, USB-C Charging Cable, USB-C EarPods, iPhone 17"
T8207,"65W USB-C Power Adapter, MacBook Pro M1, USB-C Charging Cable"
T8208,"Lightning EarPods, Screen Protector, iPhone 13"
T8209,"Apple Watch Series 8, Apple Watch Trail Loop"
T8210,"Apple Magic Keyboard, Apple Magic Mouse, Mac mini M2, Studio Display"
T8211,Apple Watch Series 11
T8212,"Lightning Charging Cable, iPhone 13 mini"
T8213,"30W USB-C Power Adapter, Laptop Sleeve, MacBook Air M1, USB-C Charging Cable"
T8214,"30W USB-C Power Adapter, Apple Magic Mouse, MacBook Air M4"
T8215,"30W USB-C Power Adapter, Apple Magic Mouse, MacBook Air M4"
T8216,"65W USB-C Power Adapter, AirPods Pro (2nd Gen), MacBook Pro M3, USB-C Charging Cable"
T8217,iPhone 14 Pro Max
T8218,"30W USB-C Power Adapter, Apple Magic Mouse, MacBook Air M4"
T8219,iPad Pro M4 11-inch
T8220,"Apple Pencil (USB-C), iPad mini 6"
T8221,"USB-C Charging Cable, iPad 10th Gen, iPad Smart Folio"
T8222,"30W USB-C Power Adapter, Apple Magic Mouse, MacBook Air M2"
T8223,AirPods Pro (2nd Gen)
T8224,"iPad Smart Folio, iPad mini 6"
T8225,"Anker MagSafe Charging Dock, USB-C Charging Cable, USB-C EarPods, iPhone 17 Pro"
T8226,"30W USB-C Power Adapter, Apple Magic Mouse, MacBook Air M4, USB-C Charging Cable"
T8227,"AirPods (3rd Gen), USB-C Charging Cable, iPhone 16 Pro Max"
T8228,"Lightning Charging Cable, Lightning EarPods, iPhone 14 Pro, iPhone MagSafe Charging Dock"
T8229,"Apple Pencil (2nd Gen), USB-C Charging Cable, iPad Pro M4 11-inch"
T8230,"Apple Watch Milanese Loop, Apple Watch Series 10"
T8231,"Anker MagSafe Charging Dock, Lightning Charging Cable, Lightning EarPods, iPhone 13 Pro Max"
T8232,"Belkin MagSafe Charging Stand, iPhone 16 Plus"
T8233,"Anker MagSafe Charging Dock, Lightning Charging Cable, iPhone 13 mini, iPhone Case"
T8234,"30W USB-C Power Adapter, Apple Magic Mouse, MacBook Air M4"
T8235,iPad mini 6
T8236,iPhone 16 Pro Max
T8237,Apple Watch Series 10
T8238,"30W USB-C Power Adapter, Apple Magic Mouse, Laptop Sleeve, MacBook Air M2, USB-C Charging Cable"
T8239,"Lightning Charging Cable, Lightning EarPods, iPhone 14 Pro"
T8240,"Anker MagSafe Charging Dock, Screen Protector, USB-C EarPods, iPhone 16"
T8241,"AirPods (3rd Gen), iPhone 13"
T8242,Marshall Stanmore III
T8243,"Anker MagSafe Charging Dock, Lightning Charging Cable, Lightning EarPods, iPhone 13, iPhone Case"
T8244,"30W USB-C Power Adapter, AirPods (3rd Gen), Apple Magic Mouse, MacBook Air M1"
T8245,"Belkin MagSafe Charging Stand, USB-C Charging Cable, iPhone 15"
T8246,"Anker MagSafe Charging Dock, USB-C Charging Cable, USB-C EarPods, iPhone 15 Pro Max"
T8247,"AirPods (3rd Gen), Apple Magic Mouse, MacBook Air M3"
T8248,"JBL Charge 5, Mac mini M4"
T8249,iPad Pro M4 11-inch
T8250,"Apple Watch Charger, Apple Watch Milanese Loop, Apple Watch Ultra 2"
T8251,"Belkin MagSafe Charging Stand, Lightning Charging Cable, iPhone 13 Pro, iPhone Case"
T8252,Apple Magic Keyboard
T8253,Apple Watch Series 10
T8254,"USB-C Charging Cable, iPhone 16 Pro, iPhone MagSafe Charging Dock"
T8255,"Anker MagSafe Charging Dock, Lightning Charging Cable, Screen Protector, iPhone 14 Plus"
T8256,"Belkin MagSafe Charging Stand, Lightning Charging Cable, Screen Protector, iPhone 13 Pro, iPhone Case"
T8257,"Belkin MagSafe Charging Stand, Lightning Charging Cable, Lightning EarPods, iPhone 14"
T8258,"MacBook Air M3, USB-C Charging Cable"
T8259,"AirPods Pro (2nd Gen), Screen Protector, USB-C Charging Cable, iPhone 17, iPhone Case"
T8260,"30W USB-C Power Adapter, AirPods (3rd Gen), MacBook Air M3, USB-C Charging Cable"
T8261,"USB-C Charging Cable, USB-C EarPods, iPhone 17 Pro"
T8262,"Anker MagSafe Charging Dock, USB-C Charging Cable, USB-C EarPods, iPhone 17 Pro"
T8263,"USB-C Charging Cable, iPhone 15, iPhone MagSafe Charging Dock"
T8264,JBL Flip 6
T8265,"30W USB-C Power Adapter, MacBook Air M4"
T8266,"30W USB-C Power Adapter, Apple Magic Mouse, Laptop Sleeve, MacBook Air M3, USB-C Charging Cable"
T8267,"USB-C Charging Cable, USB-C EarPods, iPhone 17, iPhone Case"
T8268,"AirPods (3rd Gen), Anker MagSafe Charging Dock, USB-C Charging Cable, iPhone 15 Pro"
T8269,MacBook Air M4
T8270,"Screen Protector, iPhone 15 Plus, iPhone Case"
T8271,"Lightning Charging Cable, Screen Protector, iPhone 13 mini, iPhone MagSafe Charging Dock"
T8272,"AirPods (3rd Gen), Screen Protector, USB-C Charging Cable, iPhone 17 Pro Max"
T8273,"Apple Magic Keyboard, Apple Magic Mouse, Mac mini M4, USB-C Hub"
T8274,"AirPods Pro (2nd Gen), Anker MagSafe Charging Dock, Screen Protector, iPhone 16"
T8275,"65W USB-C Power Adapter, MacBook Pro M1, USB-C Charging Cable"
T8276,Bose SoundLink Flex
T8277,"30W USB-C Power Adapter, Apple Magic Mouse, MacBook Air M2, USB-C Charging Cable"
T8278,"Belkin MagSafe Charging Stand, Lightning Charging Cable, Lightning EarPods, iPhone 14 Plus"
T8279,MacBook Air M3
T8280,iPad 10th Gen
T8281,"65W USB-C Power Adapter, MacBook Pro M3, USB-C Charging Cable"
T8282,"Apple Watch Solo Loop, Apple Watch Ultra"
T8283,"Belkin MagSafe Charging Stand, iPhone 16 Pro Max"
T8284,"Apple Watch Charger, Apple Watch Series 11, Apple Watch Sport Band"
T8285,"Anker MagSafe Charging Dock, USB-C Charging Cable, USB-C EarPods, iPhone 17 Pro Max"
T8286,"Belkin MagSafe Charging Stand, USB-C EarPods, iPhone 15 Plus"
T8287,"Apple Pencil (USB-C), USB-C Charging Cable, iPad Smart Folio, iPad mini 6"
T8288,"AirPods (3rd Gen), MacBook Air M1, USB-C Charging Cable"
T8289,"65W USB-C Power Adapter, External SSD 1TB, MacBook Pro M2, USB-C Charging Cable"
T8290,Marshall Emberton II
T8291,"Lightning Charging Cable, iPhone 13 Pro, iPhone Case, iPhone MagSafe Charging Dock"
T8292,"Apple Magic Keyboard, Apple Magic Mouse, JBL Flip 6, LG UltraFine 5K Display, Mac mini M2 Pro"
T8293,"30W USB-C Power Adapter, MacBook Air M2, USB-C Charging Cable"
T8294,"Apple Watch Series 8, Apple Watch Sport Band"
T8295,iPad Pro M4 11-inch
T8296,"USB-C Charging Cable, iPhone 15, iPhone MagSafe Charging Dock"
T8297,"65W USB-C Power Adapter, Apple Magic Mouse, MacBook Pro M3, USB-C Charging Cable"
T8298,"Apple Watch Charger, Apple Watch Series 9, Apple Watch Solo Loop, Screen Protector (Watch)"
T8299,"65W USB-C Power Adapter, AirPods Pro (2nd Gen), External SSD 1TB, MacBook Pro M1"
T8300,"Apple Magic Mouse, JBL Flip 6, Mac mini M2 Pro"
T8301,"Anker MagSafe Charging Dock, Screen Protector, iPhone 17 Pro"
T8302,"AirPods Pro (2nd Gen), Screen Protector, USB-C Charging Cable, iPhone 17 Air, iPhone Case, iPhone MagSafe Charging Dock"
T8303,MacBook Pro M4
T8304,"Screen Protector, USB-C Charging Cable, USB-C EarPods, iPhone 16 Pro Max"
T8305,"Apple Magic Keyboard, Apple Magic Mouse, Mac mini M2 Pro, Marshall Emberton II"
T8306,MacBook Air M2
T8307,iPhone 13
T8308,"Lightning Charging Cable, iPhone 13 Pro Max, iPhone Case, iPhone MagSafe Charging Dock"
T8309,"iPhone 13 Pro Max, iPhone Case, iPhone MagSafe Charging Dock"
T8310,"Apple Watch Series 8, Apple Watch Trail Loop"
T8311,"65W USB-C Power Adapter, External SSD 1TB, MacBook Pro M4"
T8312,"Apple Magic Mouse, USB-C Charging Cable"
T8313,"Belkin MagSafe Charging Stand, USB-C Charging Cable, USB-C EarPods, iPhone 15, iPhone Case"
T8314,"Belkin MagSafe Charging Stand, Lightning EarPods, iPhone 14"
T8315,"Apple Pencil (USB-C), Screen Protector (iPad), iPad Smart Folio, iPad mini 7"
T8316,"Apple Magic Mouse, LG UltraFine 5K Display, Mac mini M2"
T8317,"Apple Watch Series 8, Screen Protector (Watch)"
T8318,"Laptop Sleeve, MacBook Air M2, USB-C Charging Cable"
T8319,"AirPods (3rd Gen), Belkin MagSafe Charging Stand, Lightning Charging Cable, Screen Protector, iPhone 13"
T8320,"Apple Magic Mouse, MacBook Air M1"
T8321,"Belkin MagSafe Charging Stand, USB-C EarPods, iPhone 15, iPhone Case"
T8322,"JBL Charge 5, Mac mini M4"
T8323,"30W USB-C Power Adapter, AirPods (3rd Gen), MacBook Air M4, USB-C Charging Cable"
T8324,"Apple Watch Charger, Apple Watch Milanese Loop, Apple Watch Series 8"
T8325,iPhone 15
T8326,"AirPods Pro (2nd Gen), Apple Magic Mouse, External SSD 1TB, MacBook Pro M4"
T8327,MacBook Air M2
T8328,"Lightning Charging Cable, Lightning EarPods, iPhone 13, iPhone Case, iPhone MagSafe Charging Dock"
T8329,"iPad Magic Keyboard, iPad Pro M4 13-inch"
T8330,"USB-C Charging Cable, USB-C EarPods, iPhone 16 Pro"
T8331,MacBook Air M2
T8332,"Belkin MagSafe Charging Stand, Lightning EarPods, iPhone 13 Pro Max, iPhone Case"
T8333,"AirPods Pro (2nd Gen), Anker MagSafe Charging Dock, USB-C Charging Cable, iPhone 17 Air"
T8334,"MacBook Pro M2, USB-C Charging Cable"
T8335,"Belkin MagSafe Charging Stand, Lightning Charging Cable, iPhone 13 Pro, iPhone Case"
T8336,Mac mini M4
T8337,"AirPods (3rd Gen), Anker MagSafe Charging Dock, Lightning Charging Cable, Screen Protector, iPhone 13, iPhone Case"
T8338,"65W USB-C Power Adapter, Apple Magic Mouse, MacBook Pro M3, USB-C Charging Cable"
T8339,"Belkin MagSafe Charging Stand, USB-C Charging Cable, USB-C EarPods, iPhone 16 Plus, iPhone Case"
T8340,"AirPods (3rd Gen), USB-C Charging Cable, iPhone 17"
T8341,"Screen Protector, USB-C Charging Cable, iPhone 17 Pro, iPhone MagSafe Charging Dock"
T8342,"Apple Watch Trail Loop, Apple Watch Ultra 2"
T8343,iPhone 17 Air
T8344,"MacBook Air M1, USB-C Charging Cable"
T8345,JBL Charge 5
T8346,"Apple Magic Mouse, Laptop Sleeve, MacBook Air M1, USB-C Charging Cable"
T8347,"Apple Magic Mouse, LG UltraFine 5K Display, Mac mini M2 Pro"
T8348,"AirPods Pro (2nd Gen), Lightning Charging Cable, iPhone 13 Pro, iPhone Case"
T8349,"30W USB-C Power Adapter, Apple Magic Mouse, Laptop Sleeve, MacBook Air M3, USB-C Charging Cable"
T8350,"Apple Magic Keyboard, MacBook Pro M1"
T8351,"Apple Pencil (2nd Gen), USB-C Charging Cable, iPad Magic Keyboard, iPad Pro M4 11-inch"
T8352,"AirPods Pro (2nd Gen), USB-C Charging Cable, iPhone 15 Plus"
T8353,"Anker MagSafe Charging Dock, Screen Protector, USB-C Charging Cable, USB-C EarPods, iPhone 15 Pro"
T8354,"Lightning Charging Cable, Screen Protector, iPhone 14, iPhone Case"
T8355,"Belkin MagSafe Charging Stand, Screen Protector, USB-C Charging Cable, iPhone 17"
T8356,"MacBook Pro M3, USB-C Charging Cable"
T8357,"Belkin MagSafe Charging Stand, Screen Protector, USB-C Charging Cable, USB-C EarPods, iPhone 17 Pro, iPhone Case"
T8358,"Apple Watch Charger, Apple Watch Trail Loop, Apple Watch Ultra 2, Screen Protector (Watch)"
T8359,"Laptop Sleeve, MacBook Air M1, USB-C Charging Cable"
T8360,"Apple Watch Charger, Apple Watch Solo Loop, Apple Watch Ultra"
T8361,"Belkin MagSafe Charging Stand, Lightning Charging Cable, Lightning EarPods, iPhone 14 Plus"
T8362,"Apple Watch Charger, Apple Watch Series 10, Apple Watch Solo Loop"
T8363,"Screen Protector, USB-C Charging Cable, USB-C EarPods, iPhone 15 Pro"
T8364,iPhone 17 Air
T8365,"65W USB-C Power Adapter, Apple Magic Keyboard, Apple Magic Mouse, External SSD 1TB, MacBook Pro M4"
T8366,"65W USB-C Power Adapter, Apple Magic Keyboard, MacBook Pro M4"
T8367,"AirPods (3rd Gen), Lightning Charging Cable, iPhone 13, iPhone MagSafe Charging Dock"
T8368,"Apple Magic Keyboard, Mac mini M4"
T8369,"Apple Magic Keyboard, Apple Magic Mouse, Mac mini M2, USB-C Hub"
T8370,"Lightning Charging Cable, Lightning EarPods, iPhone 14 Pro, iPhone Case, iPhone MagSafe Charging Dock"
T8371,"Anker MagSafe Charging Dock, USB-C Charging Cable, iPhone 15 Plus"
T8372,"Anker MagSafe Charging Dock, USB-C EarPods, iPhone 16 Plus"
T8373,"AirPods (3rd Gen), MacBook Air M3, USB-C Charging Cable"
T8374,"USB-C Charging Cable, iPad Pro M4 13-inch"
T8375,"30W USB-C Power Adapter, MacBook Air M3, USB-C Charging Cable"
T8376,"Belkin MagSafe Charging Stand, iPhone 14 Plus"
T8377,"AirPods (3rd Gen), Lightning Charging Cable, iPhone 13"
T8378,"65W USB-C Power Adapter, MacBook Pro M4, USB-C Charging Cable"
T8379,"AirPods (3rd Gen), Anker MagSafe Charging Dock, USB-C Charging Cable, iPhone 17 Air"
T8380,iPad Air M2
T8381,Apple Watch Series 9
T8382,"Apple Pencil (2nd Gen), USB-C Charging Cable, iPad Magic Keyboard, iPad Pro M4 11-inch"
T8383,"AirPods (3rd Gen), iPhone 16 Pro Max, iPhone MagSafe Charging Dock"
T8384,"30W USB-C Power Adapter, MacBook Air M4, USB-C Charging Cable"
T8385,"Lightning Charging Cable, iPhone 14 Plus, iPhone MagSafe Charging Dock"
T8386,iPhone 14 Plus
T8387,Apple Watch Series 9
T8388,"65W USB-C Power Adapter, AirPods Pro (2nd Gen), Apple Magic Keyboard, MacBook Pro M1, USB-C Charging Cable"
T8389,"Apple Magic Keyboard, Mac mini M2"
T8390,"USB-C Charging Cable, USB-C EarPods, iPhone 17, iPhone Case"
T8391,Apple Watch Series 9
T8392,"30W USB-C Power Adapter, AirPods (3rd Gen), MacBook Air M1, USB-C Charging Cable"
T8393,"Lightning Charging Cable, Lightning EarPods, iPhone 14 Pro, iPhone MagSafe Charging Dock"
T8394,"Apple Pencil (2nd Gen), Screen Protector (iPad), USB-C Charging Cable, iPad Magic Keyboard, iPad Pro M4 13-inch"
T8395,iPhone 15 Plus
T8396,Apple Watch Series 9
T8397,"Anker MagSafe Charging Dock, Lightning Charging Cable, Lightning EarPods, Screen Protector, iPhone 13, iPhone Case"
T8398,"Apple Magic Keyboard, Mac mini M2"
T8399,"Apple Pencil (2nd Gen), iPad Magic Keyboard, iPad Pro M4 13-inch"
T8400,"AirPods (3rd Gen), Lightning Charging Cable, iPhone 14 Pro Max"
T8401,"65W USB-C Power Adapter, AirPods Pro (2nd Gen), MacBook Pro M1, USB-C Charging Cable"
T8402,Mac mini M2 Pro
T8403,MacBook Air M2
T8404,JBL Charge 5
T8405,"Belkin MagSafe Charging Stand, USB-C EarPods, iPhone 15 Pro Max, iPhone Case"
T8406,"USB-C Charging Cable, iPhone 17 Air, iPhone MagSafe Charging Dock"
T8407,"AirPods Pro (2nd Gen), USB-C Charging Cable, iPhone 16 Plus"
T8408,AirPods (3rd Gen)
T8409,"65W USB-C Power Adapter, Apple Magic Keyboard, Apple Magic Mouse, MacBook Pro M2, USB-C Charging Cable"
T8410,"Apple Watch Milanese Loop, Apple Watch Ultra"
T8411,MacBook Air M4
T8412,"Belkin MagSafe Charging Stand, Screen Protector, iPhone 13 Pro Max, iPhone Case"
T8413,"Belkin MagSafe Charging Stand, USB-C EarPods, iPhone 17"
T8414,"USB-C Charging Cable, USB-C EarPods, iPhone 16 Plus, iPhone Case, iPhone MagSafe Charging Dock"
T8415,"AirPods Pro (2nd Gen), Belkin MagSafe Charging Stand, iPhone 15 Pro Max, iPhone Case"
T8416,Apple Watch Series 11
T8417,"USB-C Charging Cable, iPhone 15 Pro, iPhone Case, iPhone MagSafe Charging Dock"
T8418,Apple Magic Mouse
T8419,"30W USB-C Power Adapter, MacBook Air M1, USB-C Charging Cable"
T8420,"AirPods Pro (2nd Gen), Belkin MagSafe Charging Stand, Lightning Charging Cable, Screen Protector, iPhone 13 Pro Max"
T8421,"AirPods Pro (2nd Gen), Lightning Charging Cable, iPhone 13 Pro Max, iPhone Case"
T8422,"Belkin MagSafe Charging Stand, Lightning Charging Cable, iPhone 13"
T8423,"AirPods (3rd Gen), Belkin MagSafe Charging Stand, Screen Protector, iPhone 13 mini"
T8424,"AirPods Pro (2nd Gen), Anker MagSafe Charging Dock, Lightning Charging Cable, iPhone 13 mini"
T8425,"AirPods (3rd Gen), Lightning Charging Cable, iPhone 14 Pro Max, iPhone Case, iPhone MagSafe Charging Dock"
T8426,"Apple Pencil (USB-C), USB-C Charging Cable, iPad 10th Gen, iPad Smart Folio"
T8427,"65W USB-C Power Adapter, MacBook Pro M2, USB-C Charging Cable"
T8428,"USB-C Charging Cable, iPad Magic Keyboard, iPad Pro M4 11-inch"
T8429,"MacBook Air M2, USB-C Charging Cable"
T8430,iPhone 13
T8431,iPhone 15 Pro Max
T8432,iPhone 16 Pro Max
T8433,iPhone 16 Plus
T8434,"Mac mini M4, USB-C Hub"
T8435,Apple Watch Ultra 2
T8436,iPad Pro M4 11-inch
T8437,MacBook Air M4
T8438,iPhone 17 Air
T8439,"AirPods (3rd Gen), Lightning Charging Cable, iPhone 14"
T8440,"Screen Protector (iPad), USB-C Charging Cable, iPad Pro M4 13-inch"
T8441,"Anker MagSafe Charging Dock, USB-C Charging Cable, iPhone 16 Plus"
T8442,"AirPods (3rd Gen), Belkin MagSafe Charging Stand, Lightning Charging Cable, Screen Protector, iPhone 14 Pro"
T8443,"Apple Watch Series 9, Apple Watch Sport Band"
T8444,"USB-C EarPods, iPhone 16 Pro, iPhone Case"
T8445,"Apple Pencil (USB-C), USB-C Charging Cable, iPad Smart Folio, iPad mini 7"
T8446,MacBook Pro M1
T8447,"USB-C Charging Cable, iPad Air M2, iPad Smart Folio"
T8448,"Apple Pencil (USB-C), USB-C Charging Cable, iPad 10th Gen, iPad Smart Folio"
T8449,"30W USB-C Power Adapter, AirPods (3rd Gen), Apple Magic Mouse, MacBook Air M2"
T8450,"Lightning EarPods, iPhone 14 Pro"
T8451,"Apple Watch Charger, Apple Watch Milanese Loop, Apple Watch Series 8"
T8452,"Lightning Charging Cable, Lightning EarPods, Screen Protector, iPhone 13 Pro Max"
T8453,"AirPods (3rd Gen), iPhone 17 Air, iPhone Case"
T8454,"65W USB-C Power Adapter, Apple Magic Mouse, MacBook Pro M3, USB-C Charging Cable"
T8455,"30W USB-C Power Adapter, MacBook Air M1"
T8456,"30W USB-C Power Adapter, Apple Magic Mouse, Laptop Sleeve, MacBook Air M1"
T8457,"Lightning Charging Cable, iPhone 13 Pro Max"
T8458,iPad mini 7
T8459,"AirPods Pro (2nd Gen), Apple Magic Keyboard, Apple Magic Mouse, MacBook Pro M4"
T8460,"30W USB-C Power Adapter, Apple Magic Mouse, MacBook Air M4, USB-C Charging Cable"
T8461,"AirPods Pro (2nd Gen), Anker MagSafe Charging Dock, Lightning Charging Cable, Screen Protector, iPhone 13 Pro"
T8462,"30W USB-C Power Adapter, Apple Magic Mouse, MacBook Air M1"
T8463,"AirPods (3rd Gen), Screen Protector, iPhone 16 Pro Max"
T8464,MacBook Air M4
T8465,"Marshall Emberton II, USB-C Charging Cable"
T8466,"USB-C Charging Cable, iPhone 16, iPhone Case"
T8467,"30W USB-C Power Adapter, MacBook Air M2"
T8468,"Anker MagSafe Charging Dock, Lightning Charging Cable, Lightning EarPods, iPhone 13 mini, iPhone Case"
T8469,"Apple Magic Keyboard, JBL Charge 5, Mac mini M2"
T8470,"65W USB-C Power Adapter, AirPods Pro (2nd Gen), MacBook Pro M3, USB-C Charging Cable"
T8471,"AirPods (3rd Gen), Screen Protector, iPhone 17, iPhone Case"
T8472,"Apple Pencil (2nd Gen), Screen Protector (iPad), USB-C Charging Cable, iPad Magic Keyboard, iPad Pro M4 11-inch"
T8473,iPhone 14 Plus
T8474,MacBook Air M4
T8475,"Belkin MagSafe Charging Stand, USB-C Charging Cable, iPhone 15 Pro, iPhone Case"
T8476,"MacBook Air M3, USB-C Charging Cable"
T8477,"65W USB-C Power Adapter, MacBook Pro M4"
T8478,Apple Magic Keyboard
T8479,"Belkin MagSafe Charging Stand, USB-C EarPods, iPhone 16 Plus"
T8480,"Apple Magic Keyboard, Apple Magic Mouse, Mac mini M2 Pro, Marshall Stanmore III"
T8481,"30W USB-C Power Adapter, Apple Magic Mouse, MacBook Air M4, USB-C Charging Cable"
T8482,"Apple Magic Keyboard, Apple Magic Mouse, Mac mini M2 Pro, USB-C Hub"
T8483,"AirPods (3rd Gen), USB-C Charging Cable, iPhone 15, iPhone Case, iPhone MagSafe Charging Dock"
T8484,"Lightning Charging Cable, Lightning EarPods, iPhone 13 mini, iPhone Case, iPhone MagSafe Charging Dock"
T8485,"Belkin MagSafe Charging Stand, Lightning Charging Cable, Lightning EarPods, iPhone 13 mini, iPhone Case"
T8486,"Anker MagSafe Charging Dock, Lightning Charging Cable, Lightning EarPods, iPhone 13 Pro"
T8487,"Anker MagSafe Charging Dock, Lightning Charging Cable, Screen Protector, iPhone 13"
T8488,"30W USB-C Power Adapter, MacBook Air M2"
T8489,"Screen Protector, USB-C EarPods, iPhone 16 Pro, iPhone MagSafe Charging Dock"
T8490,"Screen Protector, USB-C Charging Cable, iPhone 16 Plus, iPhone Case"
T8491,"Apple Magic Mouse, MacBook Air M4, USB-C Charging Cable"
T8492,"AirPods (3rd Gen), Anker MagSafe Charging Dock, iPhone 14 Pro"
T8493,"Belkin MagSafe Charging Stand, USB-C Charging Cable, USB-C EarPods, iPhone 15 Pro Max, iPhone Case"
T8494,"USB-C EarPods, iPhone 16 Plus"
T8495,iPhone 13 Pro Max
T8496,"USB-C Charging Cable, iPad 10th Gen, iPad Smart Folio"
T8497,"Apple Magic Keyboard, Bose SoundLink Flex, Mac mini M2"
T8498,"iPhone 14 Pro, iPhone MagSafe Charging Dock"
T8499,"Screen Protector (iPad), USB-C Charging Cable, iPad 10th Gen, iPad Smart Folio"
T8500,"Apple Watch Charger, Apple Watch Series 9, Apple Watch Trail Loop"
T8501,"65W USB-C Power Adapter, AirPods Pro (2nd Gen), Apple Magic Keyboard, MacBook Pro M4, USB-C Charging Cable"
T8502,"Belkin MagSafe Charging Stand, Lightning Charging Cable, Lightning EarPods, Screen Protector, iPhone 13 Pro Max, iPhone Case"
T8503,"Belkin MagSafe Charging Stand, Lightning Charging Cable, Lightning EarPods, Screen Protector, iPhone 14 Pro, iPhone Case"
T8504,"AirPods Pro (2nd Gen), USB-C Charging Cable"
T8505,AirPods (3rd Gen)
T8506,"Apple Magic Mouse, LG UltraFine 5K Display, Mac mini M2, Marshall Stanmore III, USB-C Hub"
T8507,"AirPods Pro (2nd Gen), Anker MagSafe Charging Dock, Lightning Charging Cable, Screen Protector, iPhone 13, iPhone Case"
T8508,"Apple Pencil (USB-C), USB-C Charging Cable, iPad Air M2, iPad Smart Folio"
T8509,"USB-C Charging Cable, iPhone 15 Pro, iPhone MagSafe Charging Dock"
T8510,"65W USB-C Power Adapter, MacBook Pro M4, USB-C Charging Cable"
T8511,JBL Charge 5
T8512,"Apple Watch Series 10, Apple Watch Solo Loop, Screen Protector (Watch)"
T8513,iPhone 17
T8514,"Apple Watch Charger, Apple Watch Milanese Loop, Apple Watch Series 9"
T8515,"Mac mini M2 Pro, Marshall Stanmore III"
T8516,"Apple Magic Keyboard, Apple Magic Mouse, Mac mini M4, Studio Display"
T8517,"USB-C Charging Cable, iPad Smart Folio, iPad mini 6"
T8518,"Anker MagSafe Charging Dock, Lightning Charging Cable, Lightning EarPods, Screen Protector, iPhone 14 Plus, iPhone Case"
T8519,iPhone 17 Air
T8520,"AirPods (3rd Gen), Lightning Charging Cable, iPhone 13 mini"
T8521,"MacBook Air M4, USB-C Charging Cable"
T8522,"Apple Watch Charger, Apple Watch Series 11, Apple Watch Sport Band"
T8523,"Anker MagSafe Charging Dock, USB-C EarPods, iPhone 16 Pro, iPhone Case"
T8524,"Screen Protector, USB-C Charging Cable, iPhone 16 Pro Max, iPhone MagSafe Charging Dock"
T8525,"30W USB-C Power Adapter, MacBook Air M1"
T8526,"Apple Watch Charger, Apple Watch Milanese Loop, Apple Watch Series 8"
T8527,"AirPods Pro (2nd Gen), Anker MagSafe Charging Dock, Screen Protector, USB-C Charging Cable, iPhone 16 Plus, iPhone Case"
T8528,"USB-C Charging Cable, iPhone 15 Pro"
T8529,"AirPods Pro (2nd Gen), Lightning Charging Cable, iPhone 13 Pro, iPhone MagSafe Charging Dock"
T8530,"65W USB-C Power Adapter, Apple Magic Keyboard, MacBook Pro M2, USB-C Charging Cable"
T8531,"Anker MagSafe Charging Dock, USB-C Charging Cable, USB-C EarPods, iPhone 15 Pro Max"
T8532,"Lightning Charging Cable, Lightning EarPods, Screen Protector, iPhone 13, iPhone MagSafe Charging Dock"
T8533,Apple Watch Ultra
T8534,MacBook Pro M3
T8535,"Apple Magic Mouse, Mac mini M2, Studio Display"
T8536,"Lightning Charging Cable, Lightning EarPods, iPhone 14 Pro Max, iPhone MagSafe Charging Dock"
T8537,"Bose SoundLink Flex, Speaker Carry Case, USB-C Charging Cable"
T8538,"USB-C EarPods, iPhone 17 Pro, iPhone Case, iPhone MagSafe Charging Dock"
T8539,"Belkin MagSafe Charging Stand, USB-C Charging Cable, iPhone 15 Pro"
T8540,Apple Watch Ultra 2
T8541,"Belkin MagSafe Charging Stand, Screen Protector, USB-C Charging Cable, USB-C EarPods, iPhone 16 Plus"
T8542,iPad mini 7
T8543,"AirPods Pro (2nd Gen), USB-C Charging Cable, iPhone 15 Plus"
T8544,"AirPods Pro (2nd Gen), iPhone 13 Pro"
T8545,"65W USB-C Power Adapter, AirPods Pro (2nd Gen), MacBook Pro M3, USB-C Charging Cable"
T8546,"AirPods (3rd Gen), Belkin MagSafe Charging Stand, USB-C Charging Cable, iPhone 16 Pro, iPhone Case"
T8547,"USB-C EarPods, iPhone 15 Pro, iPhone Case, iPhone MagSafe Charging Dock"
T8548,"Apple Magic Mouse, Mac mini M2, USB-C Hub"
T8549,"Lightning Charging Cable, Lightning EarPods, iPhone 13 mini"
T8550,"Apple Watch Charger, Apple Watch Ultra 2, Screen Protector (Watch)"
T8551,iPhone 17 Pro
T8552,"AirPods Pro (2nd Gen), Anker MagSafe Charging Dock, Screen Protector, iPhone 16"
T8553,MacBook Air M4
T8554,"USB-C Charging Cable, iPad Magic Keyboard, iPad Pro M4 13-inch"
T8555,AirPods Pro (2nd Gen)
T8556,"Screen Protector (iPad), USB-C Charging Cable, iPad 10th Gen"
T8557,"Apple Watch Charger, Apple Watch Trail Loop, Apple Watch Ultra"
T8558,"Belkin MagSafe Charging Stand, USB-C EarPods, iPhone 15 Pro"
T8559,"Apple Magic Keyboard, Mac mini M2, USB-C Hub"
T8560,"AirPods (3rd Gen), Lightning Charging Cable, iPhone 13"
T8561,"Apple Watch Trail Loop, Apple Watch Ultra"
T8562,iPad 10th Gen
T8563,"USB-C Charging Cable, iPad 10th Gen, iPad Smart Folio"
T8564,"AirPods (3rd Gen), Screen Protector, iPhone 13 mini, iPhone Case"
T8565,iPad 10th Gen
T8566,"Anker MagSafe Charging Dock, iPhone 16 Pro Max"
T8567,"Apple Watch Charger, Apple Watch Series 10"
T8568,"AirPods Pro (2nd Gen), Lightning Charging Cable, Screen Protector, iPhone 14, iPhone MagSafe Charging Dock"
T8569,Apple Watch Series 10
T8570,"AirPods Pro (2nd Gen), Anker MagSafe Charging Dock, Screen Protector, USB-C Charging Cable, iPhone 16"
T8571,iPhone 17 Pro
T8572,"AirPods (3rd Gen), USB-C Charging Cable, iPhone 15 Plus, iPhone Case"
T8573,"Apple Watch Series 11, Apple Watch Sport Band"
T8574,"65W USB-C Power Adapter, Apple Magic Mouse, External SSD 1TB, MacBook Pro M4"
T8575,"30W USB-C Power Adapter, MacBook Air M1, USB-C Charging Cable"
T8576,"Apple Watch Series 9, Apple Watch Solo Loop"
T8577,"Belkin MagSafe Charging Stand, Screen Protector, USB-C Charging Cable, iPhone 15"
T8578,"Lightning Charging Cable, Screen Protector, iPhone 14, iPhone MagSafe Charging Dock"
T8579,"Apple Pencil (USB-C), Screen Protector (iPad), USB-C Charging Cable, iPad Smart Folio, iPad mini 6"
T8580,"30W USB-C Power Adapter, MacBook Air M3"
T8581,"30W USB-C Power Adapter, MacBook Air M4"
T8582,"USB-C Charging Cable, USB-C EarPods, iPhone 17, iPhone MagSafe Charging Dock"
T8583,Mac mini M2 Pro
T8584,iPhone 14 Pro
T8585,"AirPods Pro (2nd Gen), iPhone 16 Pro, iPhone Case"
T8586,"AirPods (3rd Gen), Anker MagSafe Charging Dock, iPhone 17 Pro Max, iPhone Case"
T8587,iPhone 16
T8588,"Apple Magic Keyboard, Apple Magic Mouse, LG UltraFine 5K Display, Mac mini M2 Pro, Marshall Stanmore III"
T8589,"30W USB-C Power Adapter, AirPods (3rd Gen), Apple Magic Mouse, Laptop Sleeve, MacBook Air M3"
T8590,MacBook Air M3
T8591,"USB-C Charging Cable, iPhone 16 Pro, iPhone Case, iPhone MagSafe Charging Dock"
T8592,"30W USB-C Power Adapter, Apple Magic Mouse, MacBook Air M2, USB-C Charging Cable"
T8593,MacBook Air M2
T8594,iPad mini 6
T8595,"Apple Pencil (USB-C), iPad Smart Folio, iPad mini 6"
T8596,"65W USB-C Power Adapter, AirPods Pro (2nd Gen), Apple Magic Keyboard, MacBook Pro M3"
T8597,iPhone 14 Pro Max
T8598,"USB-C EarPods, iPhone 15 Plus"
T8599,"Anker MagSafe Charging Dock, iPhone 16 Pro Max"
T8600,iPhone 17 Air
T8601,"AirPods Pro (2nd Gen), Belkin MagSafe Charging Stand, Screen Protector, USB-C Charging Cable, iPhone 17 Air, iPhone Case"
T8602,"Apple Watch Charger, Apple Watch Series 8"
T8603,"30W USB-C Power Adapter, MacBook Air M2"
T8604,"USB-C Charging Cable, iPad 10th Gen, iPad Smart Folio"
T8605,"Apple Magic Keyboard, Apple Magic Mouse, Mac mini M2, USB-C Hub"
T8606,Apple Watch Ultra 2
T8607,"AirPods Pro (2nd Gen), USB-C Charging Cable, iPhone 16 Plus"
T8608,"Lightning Charging Cable, Lightning EarPods, iPhone 13 Pro, iPhone MagSafe Charging Dock"
T8609,"USB-C EarPods, iPhone 15 Pro, iPhone Case"
T8610,Apple Watch Series 10
T8611,iPhone 15 Pro Max
T8612,"Apple Pencil (USB-C), iPad mini 7"
T8613,JBL Flip 6
T8614,"Apple Magic Mouse, MacBook Air M2"
T8615,"AirPods (3rd Gen), Lightning Charging Cable, iPhone 14 Plus"
T8616,"Lightning Charging Cable, Lightning EarPods, iPhone 13, iPhone MagSafe Charging Dock"
T8617,"Apple Watch Charger, Apple Watch Solo Loop, Apple Watch Ultra"
T8618,"Belkin MagSafe Charging Stand, Screen Protector, USB-C Charging Cable, iPhone 15"
T8619,"Apple Pencil (2nd Gen), Screen Protector (iPad), USB-C Charging Cable, iPad Pro M4 13-inch"
T8620,"30W USB-C Power Adapter, MacBook Air M3"
T8621,"AirPods (3rd Gen), MacBook Air M3"
T8622,iPad 10th Gen
T8623,"65W USB-C Power Adapter, MacBook Pro M2, USB-C Charging Cable"
T8624,"AirPods Pro (2nd Gen), MacBook Pro M4, USB-C Charging Cable"
T8625,"65W USB-C Power Adapter, Apple Magic Keyboard, External SSD 1TB, MacBook Pro M3, USB-C Charging Cable"
T8626,"Belkin MagSafe Charging Stand, iPhone 14 Pro Max, iPhone Case"
T8627,"Belkin MagSafe Charging Stand, USB-C Charging Cable, USB-C EarPods, iPhone 16 Plus, iPhone Case"
T8628,"Screen Protector, USB-C Charging Cable, USB-C EarPods, iPhone 15 Plus, iPhone MagSafe Charging Dock"
T8629,"30W USB-C Power Adapter, Apple Magic Mouse, Laptop Sleeve, MacBook Air M3, USB-C Charging Cable"
T8630,"AirPods Pro (2nd Gen), Anker MagSafe Charging Dock, Lightning Charging Cable, iPhone 13"
T8631,"65W USB-C Power Adapter, AirPods Pro (2nd Gen), MacBook Pro M1, USB-C Charging Cable"
T8632,"Apple Pencil (USB-C), Screen Protector (iPad), USB-C Charging Cable, iPad Air M2, iPad Smart Folio"
T8633,"Apple Watch Solo Loop, Apple Watch Ultra"
T8634,"Belkin MagSafe Charging Stand, USB-C Charging Cable, USB-C EarPods, iPhone 17, iPhone Case"
T8635,"65W USB-C Power Adapter, MacBook Pro M2, USB-C Charging Cable"
T8636,Apple Watch Series 8
T8637,"Lightning Charging Cable, iPhone 14 Pro Max, iPhone Case"
T8638,"Belkin MagSafe Charging Stand, iPhone 17"
T8639,"Screen Protector, USB-C Charging Cable, USB-C EarPods, iPhone 15 Pro Max"
T8640,AirPods (3rd Gen)
T8641,"65W USB-C Power Adapter, Apple Magic Mouse, MacBook Pro M1, USB-C Charging Cable"
T8642,"30W USB-C Power Adapter, AirPods (3rd Gen), MacBook Air M2, USB-C Charging Cable"
T8643,iPhone 13
T8644,"Apple Watch Charger, Apple Watch Milanese Loop, Apple Watch Ultra"
T8645,"USB-C Charging Cable, iPad Magic Keyboard, iPad Pro M4 13-inch"
T8646,"AirPods (3rd Gen), USB-C Charging Cable, iPhone 15 Plus"
T8647,Apple Watch Series 8
T8648,iPad 10th Gen
T8649,AirPods (3rd Gen)
T8650,"Belkin MagSafe Charging Stand, Lightning Charging Cable, Lightning EarPods, Screen Protector, iPhone 13 mini, iPhone Case"
T8651,"Anker MagSafe Charging Dock, USB-C Charging Cable, USB-C EarPods, iPhone 17 Pro Max"
T8652,"Screen Protector, USB-C Charging Cable, iPhone 16, iPhone MagSafe Charging Dock"
T8653,"Lightning Charging Cable, iPhone 14 Pro"
T8654,"Mac mini M2, Studio Display"
T8655,"AirPods Pro (2nd Gen), Belkin MagSafe Charging Stand, iPhone 15 Pro"
T8656,Apple Watch Ultra 2
T8657,"Apple Watch Series 10, Apple Watch Trail Loop"
T8658,"Anker MagSafe Charging Dock, Lightning Charging Cable, iPhone 13 Pro"
T8659,"USB-C Charging Cable, iPad Magic Keyboard, iPad Pro M4 11-inch"
T8660,"Apple Pencil (2nd Gen), USB-C Charging Cable, iPad Magic Keyboard, iPad Pro M4 13-inch"
T8661,"Screen Protector, iPhone 15 Plus, iPhone Case"
T8662,"Belkin MagSafe Charging Stand, Screen Protector, USB-C Charging Cable, iPhone 15 Plus, iPhone Case"
T8663,"AirPods (3rd Gen), Lightning Charging Cable, Screen Protector, iPhone 13, iPhone Case, iPhone MagSafe Charging Dock"
T8664,"Anker MagSafe Charging Dock, iPhone 17 Pro"
T8665,"Apple Pencil (USB-C), USB-C Charging Cable, iPad mini 7"
T8666,"AirPods (3rd Gen), Belkin MagSafe Charging Stand, USB-C Charging Cable, iPhone 17, iPhone Case"
T8667,"Apple Watch Series 9, Apple Watch Sport Band, Screen Protector (Watch)"
T8668,"AirPods (3rd Gen), Apple Magic Mouse, MacBook Air M3"
T8669,"65W USB-C Power Adapter, MacBook Pro M1, USB-C Charging Cable"
T8670,"USB-C Charging Cable, iPad 10th Gen, iPad Smart Folio"
T8671,iPhone 13 Pro
T8672,"Anker MagSafe Charging Dock, USB-C Charging Cable, iPhone 16 Pro"
T8673,"Anker MagSafe Charging Dock, Screen Protector, USB-C Charging Cable, USB-C EarPods, iPhone 16 Plus"
T8674,"AirPods (3rd Gen), USB-C Charging Cable, iPhone 17 Pro"
T8675,"USB-C Charging Cable, iPhone 17 Pro Max, iPhone Case, iPhone MagSafe Charging Dock"
T8676,"Belkin MagSafe Charging Stand, iPhone 17 Pro"
T8677,"Anker MagSafe Charging Dock, USB-C Charging Cable, USB-C EarPods, iPhone 17 Air"
T8678,"Belkin MagSafe Charging Stand, USB-C Charging Cable, USB-C EarPods, iPhone 16 Plus, iPhone Case"
T8679,"AirPods Pro (2nd Gen), Belkin MagSafe Charging Stand, Screen Protector, USB-C Charging Cable, iPhone 16 Pro"
T8680,"30W USB-C Power Adapter, AirPods (3rd Gen), Apple Magic Mouse, MacBook Air M3, USB-C Charging Cable"
T8681,"65W USB-C Power Adapter, MacBook Pro M2"
T8682,"Apple Pencil (USB-C), Screen Protector (iPad), iPad mini 7"
T8683,"Lightning EarPods, iPhone 14 Pro"
T8684,"Anker MagSafe Charging Dock, Lightning Charging Cable, Screen Protector, iPhone 14 Pro Max"
T8685,"Belkin MagSafe Charging Stand, USB-C Charging Cable, iPhone 17 Pro, iPhone Case"
T8686,"Belkin MagSafe Charging Stand, Lightning Charging Cable, iPhone 13 mini"
T8687,iPhone 13 Pro Max
T8688,"Apple Magic Mouse, Mac mini M2, USB-C Hub"
T8689,"Anker MagSafe Charging Dock, Lightning Charging Cable, Lightning EarPods, Screen Protector, iPhone 13"
T8690,"MacBook Air M2, USB-C Charging Cable"
T8691,iPad Pro M4 13-inch
T8692,"AirPods (3rd Gen), Belkin MagSafe Charging Stand, Screen Protector, iPhone 14 Pro Max"
T8693,MacBook Air M3
T8694,"USB-C Charging Cable, iPad Smart Folio, iPad mini 7"
T8695,"65W USB-C Power Adapter, AirPods Pro (2nd Gen), Apple Magic Mouse, External SSD 1TB, MacBook Pro M3, USB-C Charging Cable"
T8696,"AirPods (3rd Gen), Apple Magic Mouse, MacBook Air M1"
T8697,"Screen Protector, USB-C Charging Cable, USB-C EarPods, iPhone 15 Pro Max"
T8698,"Belkin MagSafe Charging Stand, Screen Protector, USB-C Charging Cable, USB-C EarPods, iPhone 17 Air"
T8699,"USB-C Charging Cable, USB-C EarPods, iPhone 17"
T8700,"AirPods (3rd Gen), iPhone 16 Pro, iPhone Case"
T8701,JBL Flip 6
T8702,"AirPods Pro (2nd Gen), USB-C Charging Cable, iPhone 17, iPhone MagSafe Charging Dock"
T8703,"AirPods Pro (2nd Gen), Belkin MagSafe Charging Stand, Lightning Charging Cable, iPhone 13 Pro Max, iPhone Case"
T8704,"Screen Protector, iPhone 15 Pro Max"
T8705,"Apple Watch Charger, Apple Watch Series 11, Apple Watch Sport Band"
T8706,iPhone 14
T8707,"65W USB-C Power Adapter, AirPods Pro (2nd Gen), MacBook Pro M2, USB-C Charging Cable"
T8708,"Lightning Charging Cable, Screen Protector, iPhone 14 Pro, iPhone MagSafe Charging Dock"
T8709,"Apple Watch Charger, Apple Watch Series 10, Apple Watch Sport Band"
T8710,"AirPods Pro (2nd Gen), Belkin MagSafe Charging Stand, iPhone 17 Pro Max"
T8711,"Apple Magic Keyboard, Apple Magic Mouse, Mac mini M2 Pro"
T8712,"Apple Pencil (USB-C), iPad Air M2"
T8713,"AirPods Pro (2nd Gen), Belkin MagSafe Charging Stand, Lightning Charging Cable, iPhone 13 mini"
T8714,iPad 10th Gen
T8715,"Anker MagSafe Charging Dock, USB-C EarPods, iPhone 15, iPhone Case"
T8716,"Apple Watch Series 9, Apple Watch Trail Loop"
T8717,"USB-C Charging Cable, USB-C EarPods, iPhone 16 Pro Max"
T8718,"Screen Protector, USB-C Charging Cable, iPhone 15"
T8719,"Apple Watch Series 10, Apple Watch Sport Band, Screen Protector (Watch)"
T8720,"Lightning Charging Cable, Lightning EarPods, iPhone 14 Plus, iPhone MagSafe Charging Dock"
T8721,"USB-C EarPods, iPhone 15 Pro"
T8722,"65W USB-C Power Adapter, AirPods Pro (2nd Gen), MacBook Pro M4, USB-C Charging Cable"
T8723,"Apple Watch Charger, Apple Watch Milanese Loop, Apple Watch Series 9"
T8724,"AirPods (3rd Gen), USB-C Charging Cable, iPhone 15, iPhone MagSafe Charging Dock"
T8725,"Screen Protector, USB-C Charging Cable, USB-C EarPods, iPhone 17 Pro, iPhone MagSafe Charging Dock"
T8726,"USB-C EarPods, iPhone 15 Pro Max, iPhone MagSafe Charging Dock"
T8727,"USB-C EarPods, iPhone 16 Plus, iPhone MagSafe Charging Dock"
T8728,"Lightning Charging Cable, Lightning EarPods, iPhone 14, iPhone Case, iPhone MagSafe Charging Dock"
T8729,"USB-C Charging Cable, iPhone 15 Plus, iPhone Case, iPhone MagSafe Charging Dock"
T8730,"Apple Pencil (2nd Gen), iPad Magic Keyboard, iPad Pro M4 11-inch"
T8731,"Apple Watch Solo Loop, Apple Watch Ultra 2"
T8732,iPad Pro M4 11-inch
T8733,iPhone 13
T8734,"Screen Protector, iPhone 17 Pro, iPhone MagSafe Charging Dock"
T8735,"Apple Watch Sport Band, Apple Watch Ultra, Screen Protector (Watch)"
T8736,"Lightning Charging Cable, iPhone 14 Pro, iPhone Case, iPhone MagSafe Charging Dock"
T8737,"Lightning Charging Cable, Screen Protector, iPhone 14 Pro Max, iPhone MagSafe Charging Dock"
T8738,"USB-C Charging Cable, iPad mini 7"
T8739,"Apple Pencil (2nd Gen), USB-C Charging Cable, iPad Pro M4 11-inch"
T8740,"65W USB-C Power Adapter, Apple Magic Keyboard, Apple Magic Mouse, MacBook Pro M4, USB-C Charging Cable"
T8741,Marshall Stanmore III
T8742,"Anker MagSafe Charging Dock, USB-C Charging Cable, USB-C EarPods, iPhone 17 Pro Max, iPhone Case"
T8743,"Apple Magic Mouse, MacBook Pro M3"
T8744,"Bose SoundLink Flex, Speaker Carry Case"
T8745,"Lightning Charging Cable, Lightning EarPods, iPhone 13 Pro Max, iPhone MagSafe Charging Dock"
T8746,"30W USB-C Power Adapter, AirPods (3rd Gen), Apple Magic Mouse, MacBook Air M1, USB-C Charging Cable"
T8747,"Apple Pencil (USB-C), USB-C Charging Cable, iPad mini 7"
T8748,"Apple Magic Mouse, MacBook Air M2"
T8749,iPad Air M2
T8750,"30W USB-C Power Adapter, AirPods (3rd Gen), Apple Magic Mouse, MacBook Air M4, USB-C Charging Cable"
T8751,"AirPods Pro (2nd Gen), Belkin MagSafe Charging Stand, Lightning Charging Cable, iPhone 13, iPhone Case"
T8752,"Belkin MagSafe Charging Stand, USB-C Charging Cable, USB-C EarPods, iPhone 15 Pro"
T8753,iPad Air M2
T8754,"Apple Watch Series 8, Apple Watch Trail Loop, Screen Protector (Watch)"
T8755,"Anker MagSafe Charging Dock, USB-C Charging Cable, USB-C EarPods, iPhone 15 Plus"
T8756,Mac mini M4
T8757,"Anker MagSafe Charging Dock, USB-C Charging Cable, USB-C EarPods, iPhone 17 Pro Max, iPhone Case"
T8758,"Screen Protector (iPad), USB-C Charging Cable, iPad Magic Keyboard, iPad Pro M4 11-inch"
T8759,"Belkin MagSafe Charging Stand, USB-C Charging Cable, USB-C EarPods, iPhone 17 Pro"
T8760,"AirPods Pro (2nd Gen), USB-C Charging Cable, iPhone 15 Pro, iPhone MagSafe Charging Dock"
T8761,"65W USB-C Power Adapter, Apple Magic Mouse, MacBook Pro M1, USB-C Charging Cable"
T8762,"30W USB-C Power Adapter, Apple Magic Mouse, Laptop Sleeve, MacBook Air M2, USB-C Charging Cable"
T8763,"AirPods Pro (2nd Gen), iPhone 17 Air"
T8764,"Apple Watch Charger, Apple Watch Series 11, Apple Watch Trail Loop"
T8765,"Apple Watch Series 8, Apple Watch Trail Loop"
T8766,iPad Pro M4 13-inch
T8767,"65W USB-C Power Adapter, AirPods Pro (2nd Gen), MacBook Pro M4, USB-C Charging Cable"
T8768,"Anker MagSafe Charging Dock, Screen Protector, USB-C Charging Cable, USB-C EarPods, iPhone 15 Pro Max"
T8769,Marshall Stanmore III
T8770,"AirPods (3rd Gen), iPhone 13 Pro, iPhone MagSafe Charging Dock"
T8771,Marshall Emberton II
T8772,"Apple Watch Charger, Apple Watch Milanese Loop, Apple Watch Series 11"
T8773,"Belkin MagSafe Charging Stand, Screen Protector, USB-C Charging Cable, USB-C EarPods, iPhone 16 Pro"
T8774,"Anker MagSafe Charging Dock, Lightning Charging Cable, Lightning EarPods, Screen Protector, iPhone 14 Plus"
T8775,"Anker MagSafe Charging Dock, USB-C Charging Cable, iPhone 17, iPhone Case"
T8776,"USB-C Charging Cable, iPhone 17, iPhone MagSafe Charging Dock"
T8777,AirPods Pro (2nd Gen)
T8778,Marshall Emberton II
T8779,Apple Watch Series 11
T8780,JBL Flip 6
T8781,"AirPods (3rd Gen), USB-C Charging Cable"
T8782,"Anker MagSafe Charging Dock, USB-C Charging Cable, iPhone 15"
T8783,iPad 10th Gen
T8784,"Apple Watch Charger, Apple Watch Series 8, Apple Watch Sport Band"
T8785,"Lightning EarPods, iPhone 14, iPhone Case, iPhone MagSafe Charging Dock"
T8786,AirPods (3rd Gen)
T8787,"AirPods (3rd Gen), USB-C Charging Cable"
T8788,"Belkin MagSafe Charging Stand, USB-C Charging Cable, iPhone 16 Pro, iPhone Case"
T8789,Marshall Emberton II
T8790,"Apple Pencil (2nd Gen), iPad Pro M4 11-inch"
T8791,"65W USB-C Power Adapter, MacBook Pro M1, USB-C Charging Cable"
T8792,"30W USB-C Power Adapter, AirPods (3rd Gen), Laptop Sleeve, MacBook Air M3"
T8793,iPad 10th Gen
T8794,"65W USB-C Power Adapter, MacBook Pro M3, USB-C Charging Cable"
T8795,"Lightning Charging Cable, Lightning EarPods, Screen Protector, iPhone 14 Pro"
T8796,iPhone 14 Plus
T8797,"AirPods (3rd Gen), Belkin MagSafe Charging Stand, iPhone 16 Plus"
T8798,"iPhone 13 Pro, iPhone Case, iPhone MagSafe Charging Dock"
T8799,Apple Magic Mouse
T8800,"Lightning Charging Cable, Lightning EarPods, iPhone 14 Pro, iPhone Case"
T8801,"AirPods Pro (2nd Gen), Belkin MagSafe Charging Stand, iPhone 14 Pro"
T8802,"Apple Pencil (USB-C), Screen Protector (iPad), USB-C Charging Cable, iPad Air M2"
T8803,Mac mini M2
T8804,"Belkin MagSafe Charging Stand, USB-C Charging Cable, iPhone 16 Pro"
T8805,"Apple Watch Charger, Apple Watch Series 9"
T8806,"AirPods (3rd Gen), Belkin MagSafe Charging Stand, USB-C Charging Cable, iPhone 15 Pro"
T8807,"30W USB-C Power Adapter, MacBook Air M3, USB-C Charging Cable"
T8808,"Apple Magic Keyboard, Apple Magic Mouse, JBL Flip 6, Mac mini M4, USB-C Hub"
T8809,iPad mini 6
T8810,"Apple Watch Milanese Loop, Apple Watch Series 8"
T8811,"Anker MagSafe Charging Dock, Lightning Charging Cable, Lightning EarPods, iPhone 14 Plus"
T8812,"Apple Watch Charger, Apple Watch Solo Loop, Apple Watch Ultra"
T8813,"USB-C Charging Cable, USB-C EarPods, iPhone 16 Plus, iPhone MagSafe Charging Dock"
T8814,"Belkin MagSafe Charging Stand, iPhone 16 Pro Max"
T8815,MacBook Air M1
T8816,"Anker MagSafe Charging Dock, USB-C Charging Cable, iPhone 17 Pro"
T8817,MacBook Pro M4
T8818,"Apple Magic Keyboard, Apple Magic Mouse, Mac mini M2, Marshall Emberton II"
T8819,"Lightning EarPods, iPhone 13 mini, iPhone MagSafe Charging Dock"
T8820,"Lightning Charging Cable, Lightning EarPods, iPhone 13 mini"
T8821,"AirPods (3rd Gen), Screen Protector, USB-C Charging Cable, iPhone 15 Plus"
T8822,"Anker MagSafe Charging Dock, USB-C Charging Cable, USB-C EarPods, iPhone 15"
T8823,"Belkin MagSafe Charging Stand, USB-C Charging Cable, USB-C EarPods, iPhone 15 Plus, iPhone Case"
T8824,"Apple Magic Keyboard, Apple Magic Mouse, Mac mini M2 Pro"
T8825,"Belkin MagSafe Charging Stand, USB-C Charging Cable, USB-C EarPods, iPhone 15 Plus, iPhone Case"
T8826,"Apple Watch Charger, Apple Watch Milanese Loop, Apple Watch Series 10"
T8827,"Lightning EarPods, Screen Protector, iPhone 14 Pro"
T8828,"65W USB-C Power Adapter, AirPods Pro (2nd Gen), Apple Magic Mouse, External SSD 1TB, MacBook Pro M4"
T8829,"USB-C Charging Cable, USB-C EarPods, iPhone 15, iPhone MagSafe Charging Dock"
T8830,iPhone 15 Pro Max
T8831,"65W USB-C Power Adapter, Apple Magic Keyboard, MacBook Pro M1, USB-C Charging Cable"
T8832,iPad Air M2
T8833,"30W USB-C Power Adapter, MacBook Air M4"
T8834,"30W USB-C Power Adapter, AirPods (3rd Gen), MacBook Air M2, USB-C Charging Cable"
T8835,"Lightning Charging Cable, Lightning EarPods, iPhone 13, iPhone MagSafe Charging Dock"
T8836,"30W USB-C Power Adapter, AirPods (3rd Gen), Apple Magic Mouse, MacBook Air M3, USB-C Charging Cable"
T8837,"Apple Watch Series 10, Apple Watch Solo Loop"
T8838,"iPhone 17 Air, iPhone Case, iPhone MagSafe Charging Dock"
T8839,"Belkin MagSafe Charging Stand, USB-C Charging Cable, USB-C EarPods, iPhone 15 Pro Max"
T8840,Bose SoundLink Flex
T8841,"Lightning EarPods, iPhone 14 Plus"
T8842,"Screen Protector, USB-C Charging Cable, iPhone 17 Pro Max, iPhone MagSafe Charging Dock"
T8843,"AirPods (3rd Gen), USB-C Charging Cable, iPhone 16 Plus"
T8844,"Apple Watch Charger, Apple Watch Solo Loop, Apple Watch Ultra"
T8845,"30W USB-C Power Adapter, AirPods (3rd Gen), MacBook Air M4, USB-C Charging Cable"
T8846,iPhone 13 Pro
T8847,"Apple Magic Keyboard, Apple Magic Mouse, Mac mini M2 Pro, Marshall Emberton II"
T8848,"Screen Protector (iPad), iPad Pro M4 11-inch"
T8849,iPhone 15 Pro
T8850,iPhone 17
T8851,"Belkin MagSafe Charging Stand, USB-C EarPods, iPhone 17 Pro Max, iPhone Case"
T8852,"AirPods Pro (2nd Gen), iPhone 13 Pro Max"
T8853,"Belkin MagSafe Charging Stand, Lightning Charging Cable, Lightning EarPods, iPhone 13 Pro"
T8854,"30W USB-C Power Adapter, Apple Magic Mouse, MacBook Air M4"
T8855,"30W USB-C Power Adapter, Apple Magic Mouse, MacBook Air M4, USB-C Charging Cable"
T8856,"Screen Protector, iPhone 15 Pro, iPhone Case"
T8857,"65W USB-C Power Adapter, AirPods Pro (2nd Gen), External SSD 1TB, MacBook Pro M4, USB-C Charging Cable"
T8858,"30W USB-C Power Adapter, Apple Magic Mouse, MacBook Air M2"
T8859,"Anker MagSafe Charging Dock, Screen Protector, iPhone 14"
T8860,"Lightning Charging Cable, iPhone 13, iPhone Case"
T8861,"Belkin MagSafe Charging Stand, USB-C Charging Cable, iPhone 15"
T8862,"USB-C Charging Cable, USB-C EarPods, iPhone 15 Pro, iPhone Case"
T8863,"65W USB-C Power Adapter, MacBook Pro M3, USB-C Charging Cable"
T8864,"JBL Flip 6, Speaker Carry Case"
T8865,"Lightning EarPods, iPhone 14 Plus, iPhone Case, iPhone MagSafe Charging Dock"
T8866,"USB-C Charging Cable, USB-C EarPods, iPhone 15 Plus"
T8867,"Belkin MagSafe Charging Stand, USB-C EarPods, iPhone 17 Air"
T8868,"Anker MagSafe Charging Dock, Lightning Charging Cable, iPhone 13 mini"
T8869,"Apple Pencil (USB-C), USB-C Charging Cable, iPad Air M2, iPad Smart Folio"
T8870,"Laptop Sleeve, MacBook Air M1, USB-C Charging Cable"
T8871,"AirPods Pro (2nd Gen), Lightning Charging Cable, iPhone 14 Pro, iPhone MagSafe Charging Dock"
T8872,"Apple Pencil (2nd Gen), Screen Protector (iPad), USB-C Charging Cable, iPad Pro M4 13-inch"
T8873,"USB-C Charging Cable, USB-C EarPods, iPhone 17, iPhone MagSafe Charging Dock"
T8874,"30W USB-C Power Adapter, MacBook Air M2, USB-C Charging Cable"
T8875,"Belkin MagSafe Charging Stand, Lightning Charging Cable, iPhone 14 Pro Max"
T8876,"Lightning Charging Cable, Lightning EarPods, iPhone 14 Pro"
T8877,"Apple Magic Mouse, MacBook Pro M4, USB-C Charging Cable"
T8878,"Lightning Charging Cable, Lightning EarPods, Screen Protector, iPhone 14 Plus"
T8879,"Anker MagSafe Charging Dock, Lightning Charging Cable, Lightning EarPods, iPhone 14"
T8880,"Apple Pencil (USB-C), USB-C Charging Cable, iPad mini 6"
T8881,"Apple Pencil (USB-C), Screen Protector (iPad), iPad Smart Folio, iPad mini 6"
T8882,"65W USB-C Power Adapter, External SSD 1TB, MacBook Pro M4"
T8883,"Apple Pencil (USB-C), USB-C Charging Cable, iPad Smart Folio, iPad mini 7"
T8884,"30W USB-C Power Adapter, Apple Magic Mouse, MacBook Air M4"
T8885,"USB-C Charging Cable, iPad mini 7"
T8886,"Anker MagSafe Charging Dock, Lightning EarPods, iPhone 14 Pro"
T8887,"MacBook Pro M2, USB-C Charging Cable"
T8888,Apple Watch Series 8
T8889,iPhone 17
T8890,Apple Watch Series 9
T8891,"USB-C Charging Cable, USB-C EarPods, iPhone 15 Plus"
T8892,MacBook Pro M4
T8893,iPhone 17 Pro Max
T8894,"Screen Protector, USB-C Charging Cable, USB-C EarPods, iPhone 15 Pro, iPhone Case, iPhone MagSafe Charging Dock"
T8895,"Screen Protector, iPhone 17 Pro, iPhone Case"
T8896,"Anker MagSafe Charging Dock, Lightning Charging Cable, iPhone 14 Plus, iPhone Case"
T8897,"Anker MagSafe Charging Dock, Lightning EarPods, iPhone 13, iPhone Case"
T8898,"Anker MagSafe Charging Dock, Screen Protector, USB-C Charging Cable, iPhone 16 Plus, iPhone Case"
T8899,"30W USB-C Power Adapter, AirPods (3rd Gen), Apple Magic Mouse, MacBook Air M4, USB-C Charging Cable"
T8900,iPad mini 6
T8901,"iPhone 13 Pro, iPhone MagSafe Charging Dock"
T8902,"Apple Magic Keyboard, Apple Magic Mouse, Mac mini M4, Marshall Stanmore III, USB-C Hub"
T8903,"Lightning Charging Cable, Lightning EarPods, iPhone 13 mini"
T8904,"AirPods Pro (2nd Gen), Belkin MagSafe Charging Stand, USB-C Charging Cable, iPhone 16 Plus, iPhone Case"
T8905,"Apple Watch Charger, Apple Watch Series 11, Apple Watch Trail Loop"
T8906,"USB-C Charging Cable, USB-C EarPods, iPhone 17 Air, iPhone Case, iPhone MagSafe Charging Dock"
T8907,"USB-C Charging Cable, iPad Pro M4 11-inch"
T8908,iPhone 16 Pro
T8909,"Screen Protector (iPad), iPad 10th Gen, iPad Smart Folio"
T8910,iPhone 15 Pro
T8911,"Belkin MagSafe Charging Stand, iPhone 15 Pro Max, iPhone Case"
T8912,AirPods (3rd Gen)
T8913,AirPods Pro (2nd Gen)
T8914,Mac mini M4
T8915,"USB-C Charging Cable, iPhone 15"
T8916,AirPods Pro (2nd Gen)
T8917,"30W USB-C Power Adapter, MacBook Air M4"
T8918,"iPad 10th Gen, iPad Smart Folio"
T8919,"Apple Watch Charger, Apple Watch Milanese Loop, Apple Watch Series 9"
T8920,"Apple Watch Sport Band, Apple Watch Ultra 2"
T8921,"Screen Protector (iPad), iPad Pro M4 13-inch"
T8922,Apple Watch Series 11
T8923,"30W USB-C Power Adapter, AirPods (3rd Gen), Apple Magic Mouse, Laptop Sleeve, MacBook Air M1, USB-C Charging Cable"
T8924,"Lightning Charging Cable, Lightning EarPods, Screen Protector, iPhone 13 mini"
T8925,MacBook Air M2
T8926,"Screen Protector, USB-C Charging Cable, USB-C EarPods, iPhone 17 Pro, iPhone Case"
T8927,"Belkin MagSafe Charging Stand, USB-C Charging Cable, USB-C EarPods, iPhone 16"
T8928,"iPhone 14 Plus, iPhone MagSafe Charging Dock"
T8929,"Apple Watch Charger, Apple Watch Series 8, Screen Protector (Watch)"
T8930,"AirPods (3rd Gen), USB-C Charging Cable, iPhone 16 Pro"
T8931,"30W USB-C Power Adapter, AirPods (3rd Gen), Apple Magic Mouse, MacBook Air M3"
T8932,Apple Watch Series 9
T8933,iPhone 13 Pro Max
T8934,"USB-C Charging Cable, USB-C EarPods, iPhone 15 Pro, iPhone MagSafe Charging Dock"
T8935,"65W USB-C Power Adapter, External SSD 1TB, MacBook Pro M2, USB-C Charging Cable"
T8936,Apple Watch Series 8
T8937,"Anker MagSafe Charging Dock, Lightning Charging Cable, Lightning EarPods, iPhone 14"
T8938,"Apple Magic Mouse, Laptop Sleeve, MacBook Air M3, USB-C Charging Cable"
T8939,iPad mini 6
T8940,"Anker MagSafe Charging Dock, Screen Protector, USB-C Charging Cable, USB-C EarPods, iPhone 16 Plus"
T8941,"AirPods (3rd Gen), Lightning Charging Cable, iPhone 13 Pro"
T8942,"Apple Watch Series 8, Apple Watch Trail Loop"
T8943,iPad Pro M4 13-inch
T8944,"MacBook Pro M2, USB-C Charging Cable"
T8945,"USB-C Charging Cable, iPad 10th Gen, iPad Smart Folio"
T8946,"Apple Pencil (USB-C), USB-C Charging Cable, iPad mini 7"
T8947,"Belkin MagSafe Charging Stand, USB-C EarPods, iPhone 17 Pro Max, iPhone Case"
T8948,"Belkin MagSafe Charging Stand, USB-C Charging Cable, USB-C EarPods, iPhone 15 Plus"
T8949,"Apple Magic Keyboard, Apple Magic Mouse, Mac mini M2 Pro, Studio Display"
T8950,MacBook Pro M4
T8951,"MacBook Pro M2, USB-C Charging Cable"
T8952,iPhone 16 Plus
T8953,"Apple Watch Sport Band, Apple Watch Ultra 2"
T8954,"Apple Pencil (USB-C), Screen Protector (iPad), USB-C Charging Cable, iPad 10th Gen"
T8955,"USB-C Charging Cable, iPad mini 6"
T8956,"Belkin MagSafe Charging Stand, Lightning EarPods, Screen Protector, iPhone 13 Pro Max"
T8957,Apple Watch Series 10
T8958,"Apple Watch Trail Loop, Apple Watch Ultra"
T8959,"Screen Protector (iPad), USB-C Charging Cable, iPad 10th Gen"
T8960,"Apple Pencil (2nd Gen), USB-C Charging Cable, iPad Magic Keyboard, iPad Pro M4 13-inch"
T8961,"Apple Watch Charger, Apple Watch Series 9, Screen Protector (Watch)"
T8962,"Screen Protector, USB-C Charging Cable, USB-C EarPods, iPhone 17 Pro Max, iPhone Case"
T8963,"iPad 10th Gen, iPad Smart Folio"
T8964,"30W USB-C Power Adapter, Apple Magic Mouse, MacBook Air M1, USB-C Charging Cable"
T8965,"Belkin MagSafe Charging Stand, USB-C Charging Cable, USB-C EarPods, iPhone 15, iPhone Case"
T8966,"Lightning EarPods, iPhone 13 mini, iPhone MagSafe Charging Dock"
T8967,"30W USB-C Power Adapter, Laptop Sleeve, MacBook Air M4"
T8968,Apple Magic Mouse
T8969,"30W USB-C Power Adapter, AirPods (3rd Gen), Apple Magic Mouse, MacBook Air M3, USB-C Charging Cable"
T8970,Apple Magic Keyboard
T8971,Mac mini M4
T8972,"AirPods (3rd Gen), Screen Protector, USB-C Charging Cable, iPhone 15 Plus"
T8973,Apple Watch Series 8
T8974,"USB-C Charging Cable, USB-C EarPods, iPhone 15, iPhone MagSafe Charging Dock"
T8975,"65W USB-C Power Adapter, MacBook Pro M2, USB-C Charging Cable"
T8976,iPhone 15 Pro
T8977,iPad Pro M4 11-inch
T8978,"USB-C Charging Cable, iPhone 15 Pro, iPhone MagSafe Charging Dock"
T8979,"Anker MagSafe Charging Dock, USB-C EarPods, iPhone 16 Pro Max, iPhone Case"
T8980,iPad mini 6
T8981,"AirPods (3rd Gen), USB-C Charging Cable, iPhone 17 Pro"
T8982,"iPhone 15 Pro Max, iPhone MagSafe Charging Dock"
T8983,"Apple Watch Charger, Apple Watch Series 10"
T8984,Apple Magic Mouse
T8985,"USB-C Charging Cable, iPad Magic Keyboard, iPad Pro M4 13-inch"
T8986,"30W USB-C Power Adapter, Apple Magic Mouse, MacBook Air M2"
T8987,"Belkin MagSafe Charging Stand, Lightning Charging Cable, Lightning EarPods, Screen Protector, iPhone 14 Pro"
T8988,iPhone 17 Pro
T8989,"Apple Pencil (2nd Gen), USB-C Charging Cable, iPad Magic Keyboard, iPad Pro M4 13-inch"
T8990,"AirPods (3rd Gen), Screen Protector, USB-C Charging Cable, iPhone 15, iPhone MagSafe Charging Dock"
T8991,"30W USB-C Power Adapter, AirPods (3rd Gen), Apple Magic Mouse, MacBook Air M2, USB-C Charging Cable"
T8992,iPhone 15 Pro
T8993,"USB-C Charging Cable, USB-C EarPods, iPhone 16, iPhone Case, iPhone MagSafe Charging Dock"
T8994,"Belkin MagSafe Charging Stand, iPhone 15 Pro"
T8995,"30W USB-C Power Adapter, MacBook Air M2, USB-C Charging Cable"
T8996,"65W USB-C Power Adapter, Apple Magic Mouse, MacBook Pro M2"
T8997,Apple Watch Series 8
T8998,"Anker MagSafe Charging Dock, Screen Protector, USB-C Charging Cable, USB-C EarPods, iPhone 16 Plus"
T8999,"Lightning Charging Cable, Lightning EarPods, iPhone 14 Pro Max, iPhone Case"
T9000,iPad Pro M4 13-inch
T9001,"Apple Watch Series 8, Apple Watch Solo Loop"
T9002,"30W USB-C Power Adapter, AirPods (3rd Gen), MacBook Air M4"
T9003,"30W USB-C Power Adapter, Apple Magic Mouse, MacBook Air M4, USB-C Charging Cable"
T9004,"AirPods Pro (2nd Gen), USB-C Charging Cable, iPhone 16 Pro, iPhone Case"
T9005,iPhone 16 Plus
T9006,Apple Magic Mouse
T9007,"Bose SoundLink Flex, USB-C Charging Cable"
T9008,"USB-C Charging Cable, USB-C EarPods, iPhone 16, iPhone Case, iPhone MagSafe Charging Dock"
T9009,"Screen Protector (iPad), USB-C Charging Cable, iPad 10th Gen, iPad Smart Folio"
T9010,"Apple Watch Sport Band, Apple Watch Ultra 2"
T9011,"Screen Protector, iPhone 14 Plus"
T9012,"AirPods (3rd Gen), Anker MagSafe Charging Dock, iPhone 15"
T9013,"Screen Protector (iPad), iPad Pro M4 13-inch"
T9014,"Apple Magic Keyboard, Apple Magic Mouse, Mac mini M2, USB-C Hub"
T9015,"USB-C Charging Cable, USB-C EarPods, iPhone 15 Plus"
T9016,MacBook Air M4
T9017,"USB-C Charging Cable, USB-C EarPods, iPhone 17 Pro Max"
T9018,"AirPods (3rd Gen), Belkin MagSafe Charging Stand, iPhone 14"
T9019,"AirPods (3rd Gen), Lightning Charging Cable, iPhone 13, iPhone Case"
T9020,MacBook Air M2
T9021,"65W USB-C Power Adapter, Apple Magic Mouse, MacBook Pro M3, USB-C Charging Cable"
T9022,"Apple Pencil (USB-C), USB-C Charging Cable, iPad Smart Folio, iPad mini 6"
T9023,"USB-C Charging Cable, iPad Smart Folio, iPad mini 6"
T9024,"AirPods Pro (2nd Gen), Belkin MagSafe Charging Stand, Lightning Charging Cable, iPhone 14 Pro Max"
T9025,Apple Magic Keyboard
T9026,MacBook Air M4
T9027,"Apple Magic Mouse, MacBook Air M4, USB-C Charging Cable"
T9028,"Apple Watch Charger, Apple Watch Series 9, Apple Watch Sport Band"
T9029,"Anker MagSafe Charging Dock, Screen Protector, USB-C Charging Cable, iPhone 16 Pro, iPhone Case"
T9030,"Apple Magic Keyboard, Apple Magic Mouse, Mac mini M2, Marshall Emberton II, USB-C Hub"
T9031,"Lightning Charging Cable, Lightning EarPods, iPhone 13 Pro, iPhone Case"
T9032,"AirPods (3rd Gen), Lightning Charging Cable, iPhone 13 mini, iPhone Case"
T9033,"Apple Pencil (2nd Gen), iPad Pro M4 13-inch"
T9034,iPad Air M2
T9035,"AirPods (3rd Gen), Lightning Charging Cable, iPhone 14 Plus"
T9036,"65W USB-C Power Adapter, Apple Magic Mouse, MacBook Pro M4, USB-C Charging Cable"
T9037,"Apple Magic Keyboard, Apple Magic Mouse, Mac mini M4, Studio Display"
T9038,MacBook Pro M2
T9039,"Lightning Charging Cable, iPhone 14 Plus"
T9040,"Lightning Charging Cable, Screen Protector, iPhone 14 Pro Max"
T9041,"USB-C EarPods, iPhone 15 Pro Max, iPhone Case"
T9042,"Anker MagSafe Charging Dock, Lightning Charging Cable, Lightning EarPods, iPhone 14 Pro"
T9043,"Apple Watch Milanese Loop, Apple Watch Ultra"
T9044,Apple Watch Ultra 2
T9045,"Apple Watch Trail Loop, Apple Watch Ultra"
T9046,iPhone 13 Pro
T9047,"MacBook Air M1, USB-C Charging Cable"
T9048,MacBook Air M4
T9049,"Belkin MagSafe Charging Stand, Screen Protector, USB-C Charging Cable, USB-C EarPods, iPhone 17 Air"
T9050,"30W USB-C Power Adapter, Laptop Sleeve, MacBook Air M1"
T9051,iPhone 14 Pro
T9052,iPhone 17 Pro Max
T9053,Apple Watch Ultra
T9054,"AirPods (3rd Gen), Anker MagSafe Charging Dock, Screen Protector, USB-C Charging Cable, iPhone 15 Pro"
T9055,"Screen Protector, USB-C Charging Cable, USB-C EarPods, iPhone 15 Plus, iPhone MagSafe Charging Dock"
T9056,"Apple Magic Keyboard, LG UltraFine 5K Display, Mac mini M4"
T9057,"AirPods (3rd Gen), USB-C Charging Cable, iPhone 16 Pro Max, iPhone MagSafe Charging Dock"
T9058,"Apple Watch Charger, Apple Watch Series 11"
T9059,"30W USB-C Power Adapter, MacBook Air M4"
T9060,"Apple Watch Charger, Apple Watch Milanese Loop, Apple Watch Ultra"
T9061,"Screen Protector, iPhone 14 Pro"
T9062,"Belkin MagSafe Charging Stand, Screen Protector, iPhone 14 Pro"
T9063,"65W USB-C Power Adapter, Apple Magic Mouse, External SSD 1TB, MacBook Pro M4, USB-C Charging Cable"
T9064,MacBook Air M4
T9065,Marshall Stanmore III
T9066,"Anker MagSafe Charging Dock, Lightning EarPods, iPhone 14 Pro Max"
T9067,"65W USB-C Power Adapter, MacBook Pro M3"
T9068,"Apple Watch Charger, Apple Watch Series 10, Apple Watch Solo Loop"
T9069,"65W USB-C Power Adapter, AirPods Pro (2nd Gen), External SSD 1TB, MacBook Pro M1"
T9070,"USB-C EarPods, iPhone 17 Pro"
T9071,"Anker MagSafe Charging Dock, Screen Protector, USB-C EarPods, iPhone 15 Pro Max"
T9072,"Apple Watch Series 11, Apple Watch Trail Loop"
T9073,iPhone 17
T9074,"Anker MagSafe Charging Dock, USB-C Charging Cable, iPhone 15 Pro Max"
T9075,"AirPods Pro (2nd Gen), USB-C Charging Cable, iPhone 15 Pro, iPhone MagSafe Charging Dock"
T9076,"Apple Watch Charger, Apple Watch Series 8"
T9077,iPad Pro M4 11-inch
T9078,iPhone 14
T9079,"USB-C Charging Cable, iPad Smart Folio, iPad mini 6"
T9080,"Apple Watch Series 10, Apple Watch Trail Loop"
T9081,"MacBook Pro M2, USB-C Charging Cable"
T9082,"Apple Watch Charger, Apple Watch Series 11, Screen Protector (Watch)"
T9083,MacBook Air M1
T9084,"AirPods Pro (2nd Gen), Lightning Charging Cable, Screen Protector, iPhone 13 Pro, iPhone Case, iPhone MagSafe Charging Dock"
T9085,"AirPods (3rd Gen), Anker MagSafe Charging Dock, iPhone 17 Pro Max"
T9086,"Apple Watch Series 8, Apple Watch Solo Loop, Screen Protector (Watch)"
T9087,"AirPods (3rd Gen), USB-C Charging Cable"
T9088,"30W USB-C Power Adapter, MacBook Air M3"
T9089,"65W USB-C Power Adapter, MacBook Pro M1, USB-C Charging Cable"
T9090,"Lightning Charging Cable, Lightning EarPods, iPhone 13, iPhone Case, iPhone MagSafe Charging Dock"
T9091,"30W USB-C Power Adapter, Laptop Sleeve, MacBook Air M4"
T9092,"65W USB-C Power Adapter, Apple Magic Mouse, MacBook Pro M1, USB-C Charging Cable"
T9093,"Apple Magic Keyboard, Apple Magic Mouse, Mac mini M2"
T9094,"Apple Watch Charger, Apple Watch Series 9, Apple Watch Trail Loop"
T9095,"USB-C Charging Cable, USB-C EarPods, iPhone 15 Pro"
T9096,"Apple Watch Series 9, Apple Watch Solo Loop"
T9097,"30W USB-C Power Adapter, AirPods (3rd Gen), MacBook Air M4"
T9098,"Anker MagSafe Charging Dock, Lightning Charging Cable, Lightning EarPods, Screen Protector, iPhone 14 Pro Max, iPhone Case"
T9099,"Apple Magic Mouse, Mac mini M4, Marshall Stanmore III, Studio Display"
T9100,"Apple Watch Charger, Apple Watch Series 10, Apple Watch Trail Loop"
T9101,"USB-C Charging Cable, iPad 10th Gen, iPad Smart Folio"
T9102,iPad mini 6
T9103,"AirPods Pro (2nd Gen), Lightning Charging Cable, iPhone 14 Plus"
T9104,"Lightning Charging Cable, Lightning EarPods, Screen Protector, iPhone 14 Pro Max, iPhone Case"
T9105,iPhone 14
T9106,"Lightning Charging Cable, Lightning EarPods, iPhone 13 Pro Max, iPhone Case"
T9107,"Lightning EarPods, iPhone 13 Pro Max, iPhone MagSafe Charging Dock"
T9108,JBL Flip 6
T9109,"Screen Protector (iPad), USB-C Charging Cable, iPad Magic Keyboard, iPad Pro M4 13-inch"
T9110,AirPods (3rd Gen)
T9111,"Apple Magic Keyboard, Apple Magic Mouse, JBL Flip 6, Mac mini M4"
T9112,"AirPods (3rd Gen), Anker MagSafe Charging Dock, iPhone 16 Plus, iPhone Case"
T9113,iPhone 15 Plus
T9114,"30W USB-C Power Adapter, Laptop Sleeve, MacBook Air M3, USB-C Charging Cable"
T9115,"Apple Watch Charger, Apple Watch Series 11, Apple Watch Sport Band"
T9116,"Screen Protector (iPad), iPad 10th Gen, iPad Smart Folio"
T9117,"Anker MagSafe Charging Dock, Lightning Charging Cable, iPhone 14 Pro, iPhone Case"
T9118,"30W USB-C Power Adapter, Apple Magic Mouse, Laptop Sleeve, MacBook Air M3"
T9119,"AirPods Pro (2nd Gen), Anker MagSafe Charging Dock, Lightning Charging Cable, iPhone 14 Pro"
T9120,"Anker MagSafe Charging Dock, Lightning Charging Cable, Lightning EarPods, iPhone 14, iPhone Case"
T9121,AirPods Pro (2nd Gen)
T9122,"Apple Magic Keyboard, LG UltraFine 5K Display, Mac mini M4, Marshall Stanmore III"
T9123,"AirPods Pro (2nd Gen), USB-C Charging Cable, iPhone 15 Plus"
T9124,iPhone 17 Air
T9125,"Lightning Charging Cable, Lightning EarPods, Screen Protector, iPhone 13 Pro, iPhone MagSafe Charging Dock"
T9126,"30W USB-C Power Adapter, Apple Magic Mouse, Laptop Sleeve, MacBook Air M3"
T9127,"Apple Pencil (USB-C), iPad Smart Folio, iPad mini 6"
T9128,"AirPods (3rd Gen), iPhone 16 Pro Max"
T9129,iPad Air M2
T9130,iPad 10th Gen
T9131,MacBook Pro M4
T9132,"65W USB-C Power Adapter, MacBook Pro M4"
T9133,Mac mini M2
T9134,MacBook Air M3
T9135,"AirPods (3rd Gen), iPhone 17 Pro, iPhone MagSafe Charging Dock"
T9136,"Screen Protector, USB-C Charging Cable, iPhone 16 Pro Max, iPhone MagSafe Charging Dock"
T9137,Bose SoundLink Flex
T9138,"Belkin MagSafe Charging Stand, USB-C Charging Cable, USB-C EarPods, iPhone 15 Plus, iPhone Case"
T9139,"Screen Protector, USB-C Charging Cable, USB-C EarPods, iPhone 16 Pro, iPhone Case"
T9140,"Apple Magic Keyboard, Apple Magic Mouse, JBL Flip 6, Mac mini M2 Pro"
T9141,"Anker MagSafe Charging Dock, Lightning Charging Cable, Lightning EarPods, iPhone 14, iPhone Case"
T9142,"AirPods Pro (2nd Gen), Belkin MagSafe Charging Stand, iPhone 14 Pro"
T9143,"Belkin MagSafe Charging Stand, iPhone 17 Pro Max"
T9144,AirPods (3rd Gen)
T9145,"Apple Watch Milanese Loop, Apple Watch Ultra 2"
T9146,"30W USB-C Power Adapter, AirPods (3rd Gen), MacBook Air M4"
T9147,"Apple Magic Keyboard, Apple Magic Mouse, Mac mini M2, USB-C Hub"
T9148,"USB-C Charging Cable, iPad Smart Folio, iPad mini 6"
T9149,"Apple Magic Keyboard, Apple Magic Mouse, Mac mini M2, USB-C Hub"
T9150,JBL Flip 6
T9151,"Anker MagSafe Charging Dock, iPhone 15"
T9152,"Apple Watch Solo Loop, Apple Watch Ultra"
T9153,"Apple Pencil (2nd Gen), USB-C Charging Cable, iPad Magic Keyboard, iPad Pro M4 13-inch"
T9154,iPad Pro M4 13-inch
T9155,iPhone 17
T9156,iPhone 17 Pro Max
T9157,"Apple Pencil (2nd Gen), USB-C Charging Cable, iPad Magic Keyboard, iPad Pro M4 11-inch"
T9158,"Lightning Charging Cable, iPhone 13 Pro, iPhone Case, iPhone MagSafe Charging Dock"
T9159,"USB-C Charging Cable, iPhone 15 Plus"
T9160,"Lightning Charging Cable, iPhone 13 Pro, iPhone MagSafe Charging Dock"
T9161,"30W USB-C Power Adapter, AirPods (3rd Gen), Apple Magic Mouse, MacBook Air M2, USB-C Charging Cable"
T9162,AirPods Pro (2nd Gen)
T9163,"AirPods (3rd Gen), iPhone 15, iPhone MagSafe Charging Dock"
T9164,"AirPods (3rd Gen), Belkin MagSafe Charging Stand, Screen Protector, iPhone 14 Pro"
T9165,"30W USB-C Power Adapter, MacBook Air M3"
T9166,iPhone 17 Pro Max
T9167,"Anker MagSafe Charging Dock, Screen Protector, USB-C Charging Cable, USB-C EarPods, iPhone 15"
T9168,"Belkin MagSafe Charging Stand, Lightning Charging Cable, Lightning EarPods, iPhone 13 Pro Max"
T9169,"Lightning Charging Cable, iPhone 13"
T9170,"Apple Magic Mouse, Mac mini M2 Pro, USB-C Hub"
T9171,"Apple Pencil (2nd Gen), iPad Pro M4 13-inch"
T9172,"65W USB-C Power Adapter, AirPods Pro (2nd Gen), MacBook Pro M2, USB-C Charging Cable"
T9173,"65W USB-C Power Adapter, MacBook Pro M1"
T9174,"Belkin MagSafe Charging Stand, Lightning Charging Cable, Lightning EarPods, Screen Protector, iPhone 13"
T9175,MacBook Pro M1
T9176,"Apple Watch Series 8, Apple Watch Solo Loop"
T9177,"AirPods Pro (2nd Gen), Belkin MagSafe Charging Stand, USB-C Charging Cable, iPhone 16"
T9178,MacBook Pro M1
T9179,"Belkin MagSafe Charging Stand, iPhone 13 Pro Max"
T9180,"AirPods Pro (2nd Gen), Screen Protector, iPhone 13 mini, iPhone Case"
T9181,"USB-C Charging Cable, iPad Smart Folio, iPad mini 6"
T9182,"AirPods Pro (2nd Gen), Anker MagSafe Charging Dock, iPhone 15 Pro Max"
T9183,"Anker MagSafe Charging Dock, USB-C Charging Cable, iPhone 17 Pro"
T9184,"Screen Protector (iPad), USB-C Charging Cable, iPad Smart Folio, iPad mini 7"
T9185,"AirPods Pro (2nd Gen), iPhone 13 Pro Max, iPhone Case"
T9186,"Mac mini M2 Pro, Studio Display, USB-C Hub"
T9187,"65W USB-C Power Adapter, MacBook Pro M3, USB-C Charging Cable"
T9188,"Apple Watch Series 9, Screen Protector (Watch)"
T9189,MacBook Air M1
T9190,iPhone 13 mini
T9191,Apple Watch Ultra
T9192,MacBook Pro M4
T9193,AirPods (3rd Gen)
T9194,"USB-C Charging Cable, iPad Smart Folio, iPad mini 7"
T9195,"65W USB-C Power Adapter, Apple Magic Keyboard, MacBook Pro M3, USB-C Charging Cable"
T9196,"Anker MagSafe Charging Dock, Lightning Charging Cable, Lightning EarPods, Screen Protector, iPhone 14 Plus, iPhone Case"
T9197,iPhone 13
T9198,iPad Pro M4 13-inch
T9199,"USB-C Charging Cable, USB-C EarPods, iPhone 15 Pro Max"
T9200,"Apple Watch Milanese Loop, Apple Watch Ultra 2, Screen Protector (Watch)"
T9201,"Apple Magic Keyboard, Apple Magic Mouse, LG UltraFine 5K Display, Mac mini M2"
T9202,"Anker MagSafe Charging Dock, Lightning Charging Cable, Lightning EarPods, iPhone 14 Pro, iPhone Case"
T9203,MacBook Pro M2
T9204,iPad mini 7
T9205,MacBook Air M4
T9206,"30W USB-C Power Adapter, Apple Magic Mouse, MacBook Air M3, USB-C Charging Cable"
T9207,"Screen Protector, USB-C Charging Cable, USB-C EarPods, iPhone 16 Pro, iPhone MagSafe Charging Dock"
T9208,"AirPods (3rd Gen), Belkin MagSafe Charging Stand, iPhone 13 mini"
T9209,"USB-C Charging Cable, iPhone 15 Pro Max, iPhone Case"
T9210,"AirPods Pro (2nd Gen), Belkin MagSafe Charging Stand, Lightning Charging Cable, iPhone 14"
T9211,iPhone 15
T9212,"30W USB-C Power Adapter, MacBook Air M1, USB-C Charging Cable"
T9213,"Apple Magic Keyboard, USB-C Charging Cable"
T9214,"Apple Watch Sport Band, Apple Watch Ultra"
T9215,"Lightning Charging Cable, iPhone 13 mini"
T9216,"Apple Pencil (USB-C), iPad 10th Gen"
T9217,Apple Watch Series 8
T9218,"Apple Pencil (USB-C), iPad Air M2, iPad Smart Folio"
T9219,"AirPods (3rd Gen), Apple Magic Mouse, MacBook Air M1, USB-C Charging Cable"
T9220,"AirPods Pro (2nd Gen), iPhone 17 Pro"
T9221,"Lightning Charging Cable, iPhone 14 Pro, iPhone Case"
T9222,"USB-C Charging Cable, iPhone 16 Pro Max, iPhone Case"
T9223,Bose SoundLink Flex
T9224,"Apple Magic Mouse, MacBook Pro M4, USB-C Charging Cable"
T9225,"AirPods (3rd Gen), Screen Protector, USB-C Charging Cable, iPhone 16, iPhone Case, iPhone MagSafe Charging Dock"
T9226,"30W USB-C Power Adapter, MacBook Air M4"
T9227,Apple Watch Series 11
T9228,"MacBook Air M4, USB-C Charging Cable"
T9229,"65W USB-C Power Adapter, Apple Magic Mouse, MacBook Pro M4"
T9230,MacBook Air M1
T9231,Mac mini M2
T9232,"Anker MagSafe Charging Dock, Lightning Charging Cable, Screen Protector, iPhone 13 Pro Max"
T9233,"iPad Magic Keyboard, iPad Pro M4 11-inch"
T9234,MacBook Pro M4
T9235,"65W USB-C Power Adapter, MacBook Pro M1"
T9236,"30W USB-C Power Adapter, Laptop Sleeve, MacBook Air M2, USB-C Charging Cable"
T9237,"AirPods Pro (2nd Gen), Anker MagSafe Charging Dock, Lightning Charging Cable, iPhone 13 mini"
T9238,"65W USB-C Power Adapter, AirPods Pro (2nd Gen), Apple Magic Mouse, External SSD 1TB, MacBook Pro M1"
T9239,iPhone 15
T9240,"Screen Protector, USB-C Charging Cable, USB-C EarPods, iPhone 15 Pro Max, iPhone MagSafe Charging Dock"
T9241,MacBook Air M2
T9242,"AirPods (3rd Gen), Belkin MagSafe Charging Stand, USB-C Charging Cable, iPhone 15 Pro Max"
T9243,"Anker MagSafe Charging Dock, Screen Protector, USB-C Charging Cable, USB-C EarPods, iPhone 16 Pro Max"
T9244,"Apple Magic Keyboard, Apple Magic Mouse, Mac mini M4"
T9245,Apple Magic Mouse
T9246,iPad Pro M4 13-inch
T9247,"Apple Watch Trail Loop, Apple Watch Ultra"
T9248,"30W USB-C Power Adapter, Apple Magic Mouse, MacBook Air M4, USB-C Charging Cable"
T9249,"Anker MagSafe Charging Dock, USB-C Charging Cable, USB-C EarPods, iPhone 16 Pro"
T9250,"USB-C Charging Cable, iPhone 17 Pro Max"
T9251,"AirPods Pro (2nd Gen), Apple Magic Mouse, External SSD 1TB, MacBook Pro M2, USB-C Charging Cable"
T9252,"Apple Watch Charger, Apple Watch Sport Band, Apple Watch Ultra 2"
T9253,"AirPods (3rd Gen), USB-C Charging Cable, iPhone 15, iPhone Case, iPhone MagSafe Charging Dock"
T9254,iPhone 15 Plus
T9255,"Apple Magic Mouse, MacBook Air M2"
T9256,"Belkin MagSafe Charging Stand, USB-C EarPods, iPhone 17"
T9257,"JBL Flip 6, USB-C Charging Cable"
T9258,"65W USB-C Power Adapter, Apple Magic Mouse, MacBook Pro M4, USB-C Charging Cable"
T9259,iPad mini 7
T9260,"AirPods (3rd Gen), USB-C Charging Cable, iPhone 15, iPhone Case"
T9261,"Screen Protector, iPhone 16 Pro"
T9262,"Screen Protector (iPad), USB-C Charging Cable, iPad Magic Keyboard, iPad Pro M4 11-inch"
T9263,"30W USB-C Power Adapter, MacBook Air M2, USB-C Charging Cable"
T9264,"Belkin MagSafe Charging Stand, USB-C EarPods, iPhone 15 Pro"
T9265,"Screen Protector, USB-C Charging Cable, USB-C EarPods, iPhone 16 Pro Max, iPhone MagSafe Charging Dock"
T9266,"AirPods Pro (2nd Gen), Anker MagSafe Charging Dock, Lightning Charging Cable, iPhone 13 mini"
T9267,"30W USB-C Power Adapter, Apple Magic Mouse, MacBook Air M2, USB-C Charging Cable"
T9268,"USB-C Charging Cable, iPad mini 6"
T9269,iPhone 14 Plus
T9270,iPhone 14 Pro
T9271,"MacBook Air M2, USB-C Charging Cable"
T9272,"Screen Protector (iPad), iPad Magic Keyboard, iPad Pro M4 11-inch"
T9273,MacBook Pro M3
T9274,"30W USB-C Power Adapter, AirPods (3rd Gen), Apple Magic Mouse, Laptop Sleeve, MacBook Air M4, USB-C Charging Cable"
T9275,"Apple Magic Mouse, MacBook Air M3, USB-C Charging Cable"
T9276,"Lightning Charging Cable, iPhone 14 Pro, iPhone MagSafe Charging Dock"
T9277,"Apple Watch Charger, Apple Watch Trail Loop, Apple Watch Ultra 2, Screen Protector (Watch)"
T9278,"Apple Watch Charger, Apple Watch Series 8, Apple Watch Trail Loop, Screen Protector (Watch)"
T9279,"AirPods (3rd Gen), iPhone 13 Pro, iPhone Case"
T9280,"USB-C Charging Cable, iPhone 15 Pro Max, iPhone Case, iPhone MagSafe Charging Dock"
T9281,"Screen Protector, iPhone 17 Pro, iPhone Case, iPhone MagSafe Charging Dock"
T9282,"Apple Pencil (2nd Gen), Screen Protector (iPad), iPad Magic Keyboard, iPad Pro M4 13-inch"
T9283,"Screen Protector, iPhone 17 Air"
T9284,"Anker MagSafe Charging Dock, Lightning Charging Cable, Lightning EarPods, Screen Protector, iPhone 14 Pro"
T9285,"30W USB-C Power Adapter, MacBook Air M4, USB-C Charging Cable"
T9286,"Lightning Charging Cable, Lightning EarPods, Screen Protector, iPhone 14 Pro Max, iPhone Case, iPhone MagSafe Charging Dock"
T9287,"Belkin MagSafe Charging Stand, USB-C Charging Cable, USB-C EarPods, iPhone 16 Pro Max"
T9288,"Apple Pencil (USB-C), USB-C Charging Cable, iPad Air M2, iPad Smart Folio"
T9289,"Apple Watch Solo Loop, Apple Watch Ultra 2"
T9290,"AirPods (3rd Gen), iPhone 14, iPhone MagSafe Charging Dock"
T9291,"AirPods Pro (2nd Gen), Anker MagSafe Charging Dock, USB-C Charging Cable, iPhone 17 Pro"
T9292,"65W USB-C Power Adapter, MacBook Pro M2"
T9293,"Apple Watch Charger, Apple Watch Solo Loop, Apple Watch Ultra 2, Screen Protector (Watch)"
T9294,MacBook Air M3
T9295,"AirPods (3rd Gen), Apple Magic Mouse, MacBook Air M1"
T9296,"Apple Magic Mouse, MacBook Pro M2, USB-C Charging Cable"
T9297,Mac mini M2 Pro
T9298,"iPhone 17 Pro Max, iPhone MagSafe Charging Dock"
T9299,"iPhone 17, iPhone Case"
T9300,AirPods Pro (2nd Gen)
T9301,Marshall Emberton II
T9302,"AirPods Pro (2nd Gen), Screen Protector, iPhone 17 Air, iPhone MagSafe Charging Dock"
T9303,"30W USB-C Power Adapter, Apple Magic Mouse, MacBook Air M1"
T9304,"30W USB-C Power Adapter, MacBook Air M4"
T9305,"Lightning Charging Cable, iPhone 14, iPhone Case, iPhone MagSafe Charging Dock"
T9306,"Belkin MagSafe Charging Stand, USB-C Charging Cable, iPhone 16"
T9307,"Screen Protector, USB-C Charging Cable, USB-C EarPods, iPhone 15 Pro"
T9308,"65W USB-C Power Adapter, AirPods Pro (2nd Gen), MacBook Pro M3, USB-C Charging Cable"
T9309,iPhone 15
T9310,"USB-C Charging Cable, USB-C EarPods, iPhone 15 Plus, iPhone Case, iPhone MagSafe Charging Dock"
T9311,"AirPods (3rd Gen), Anker MagSafe Charging Dock, iPhone 13 Pro Max, iPhone Case"
T9312,"AirPods Pro (2nd Gen), Lightning Charging Cable, iPhone 14 Plus, iPhone Case"
T9313,"Apple Pencil (USB-C), iPad Smart Folio, iPad mini 7"
T9314,iPhone 13 mini
T9315,"Apple Pencil (USB-C), iPad Smart Folio, iPad mini 6"
T9316,"Screen Protector, USB-C Charging Cable, iPhone 17 Air, iPhone MagSafe Charging Dock"
T9317,"Apple Pencil (USB-C), iPad 10th Gen"
T9318,iPad Pro M4 11-inch
T9319,"Lightning Charging Cable, Lightning EarPods, Screen Protector, iPhone 13 Pro Max, iPhone Case, iPhone MagSafe Charging Dock"
T9320,"Apple Magic Keyboard, Apple Magic Mouse, Mac mini M2"
T9321,Apple Magic Mouse
T9322,MacBook Air M4
T9323,"Bose SoundLink Flex, USB-C Charging Cable"
T9324,"Belkin MagSafe Charging Stand, Screen Protector, iPhone 16 Pro"
T9325,"Lightning EarPods, Screen Protector, iPhone 13 Pro Max, iPhone MagSafe Charging Dock"
T9326,"Laptop Sleeve, MacBook Air M4, USB-C Charging Cable"
T9327,"USB-C Charging Cable, iPad Magic Keyboard, iPad Pro M4 13-inch"
T9328,"AirPods (3rd Gen), USB-C Charging Cable, iPhone 15 Pro, iPhone Case"
T9329,"Screen Protector, USB-C Charging Cable, USB-C EarPods, iPhone 17 Air, iPhone Case"
T9330,"iPad Air M2, iPad Smart Folio"
T9331,"30W USB-C Power Adapter, MacBook Air M4"
T9332,"30W USB-C Power Adapter, Apple Magic Mouse, Laptop Sleeve, MacBook Air M2"
T9333,iPad Pro M4 13-inch
T9334,"iPad Magic Keyboard, iPad Pro M4 11-inch"
T9335,"AirPods Pro (2nd Gen), iPhone 16 Plus"
T9336,"65W USB-C Power Adapter, Apple Magic Keyboard, Apple Magic Mouse, External SSD 1TB, MacBook Pro M4, USB-C Charging Cable"
T9337,MacBook Air M1
T9338,"Apple Watch Charger, Apple Watch Sport Band, Apple Watch Ultra 2"
T9339,"65W USB-C Power Adapter, AirPods Pro (2nd Gen), MacBook Pro M2, USB-C Charging Cable"
T9340,Apple Magic Mouse
T9341,"Belkin MagSafe Charging Stand, Lightning Charging Cable, iPhone 13 mini"
T9342,"USB-C Charging Cable, iPhone 17 Air"
T9343,"Apple Watch Charger, Apple Watch Trail Loop, Apple Watch Ultra"
T9344,"AirPods Pro (2nd Gen), Lightning Charging Cable, Screen Protector, iPhone 14 Pro"
T9345,"Apple Pencil (2nd Gen), Screen Protector (iPad), iPad Magic Keyboard, iPad Pro M4 13-inch"
T9346,"MacBook Air M1, USB-C Charging Cable"
T9347,"Apple Magic Mouse, Mac mini M2"
T9348,"Apple Watch Series 11, Apple Watch Solo Loop"
T9349,"Screen Protector (iPad), iPad Smart Folio, iPad mini 6"
T9350,"30W USB-C Power Adapter, Apple Magic Mouse, MacBook Air M3, USB-C Charging Cable"
T9351,"Belkin MagSafe Charging Stand, USB-C Charging Cable, USB-C EarPods, iPhone 17 Pro"
T9352,"USB-C Charging Cable, iPad 10th Gen, iPad Smart Folio"
T9353,"Lightning Charging Cable, iPhone 13 Pro Max, iPhone Case"
T9354,"AirPods Pro (2nd Gen), Belkin MagSafe Charging Stand, Lightning Charging Cable, iPhone 13, iPhone Case"
T9355,"AirPods (3rd Gen), Lightning Charging Cable, iPhone 14 Pro Max, iPhone MagSafe Charging Dock"
T9356,"Apple Pencil (USB-C), USB-C Charging Cable, iPad Smart Folio, iPad mini 7"
T9357,"Apple Pencil (USB-C), USB-C Charging Cable, iPad 10th Gen, iPad Smart Folio"
T9358,"Screen Protector, USB-C EarPods, iPhone 17 Pro Max, iPhone MagSafe Charging Dock"
T9359,"AirPods Pro (2nd Gen), Anker MagSafe Charging Dock, iPhone 13 mini, iPhone Case"
T9360,iPhone 14
T9361,"Belkin MagSafe Charging Stand, Screen Protector, USB-C Charging Cable, USB-C EarPods, iPhone 15 Pro"
T9362,"Belkin MagSafe Charging Stand, Lightning EarPods, iPhone 14 Pro Max, iPhone Case"
T9363,"Apple Pencil (2nd Gen), iPad Magic Keyboard, iPad Pro M4 13-inch"
T9364,"Lightning EarPods, iPhone 14"
T9365,iPhone 13 mini
T9366,"Screen Protector (iPad), iPad Magic Keyboard, iPad Pro M4 11-inch"
T9367,"AirPods Pro (2nd Gen), Anker MagSafe Charging Dock, Screen Protector, USB-C Charging Cable, iPhone 15 Plus, iPhone Case"
T9368,"AirPods Pro (2nd Gen), MacBook Pro M2"
T9369,"Apple Watch Charger, Apple Watch Series 9, Apple Watch Sport Band"
T9370,"30W USB-C Power Adapter, MacBook Air M1, USB-C Charging Cable"
T9371,"Lightning Charging Cable, Lightning EarPods, iPhone 14"
T9372,"USB-C Charging Cable, iPhone 17, iPhone MagSafe Charging Dock"
T9373,iPhone 13
T9374,"30W USB-C Power Adapter, AirPods (3rd Gen), MacBook Air M2, USB-C Charging Cable"
T9375,"65W USB-C Power Adapter, AirPods Pro (2nd Gen), MacBook Pro M3, USB-C Charging Cable"
T9376,iPad Pro M4 11-inch
T9377,"30W USB-C Power Adapter, MacBook Air M4"
T9378,"Anker MagSafe Charging Dock, Screen Protector, USB-C Charging Cable, USB-C EarPods, iPhone 17"
T9379,Apple Magic Mouse
T9380,Marshall Stanmore III
T9381,"AirPods (3rd Gen), Anker MagSafe Charging Dock, iPhone 17"
T9382,"Apple Magic Mouse, MacBook Pro M3, USB-C Charging Cable"
T9383,MacBook Air M1
T9384,"USB-C EarPods, iPhone 17 Pro"
T9385,"Apple Magic Keyboard, Apple Magic Mouse, LG UltraFine 5K Display, Mac mini M2 Pro, Marshall Stanmore III, USB-C Hub"
T9386,"AirPods Pro (2nd Gen), iPhone 17 Pro Max, iPhone Case, iPhone MagSafe Charging Dock"
T9387,"AirPods Pro (2nd Gen), USB-C Charging Cable, iPhone 15 Plus"
T9388,MacBook Pro M2
T9389,"MacBook Air M1, USB-C Charging Cable"
T9390,MacBook Pro M1
T9391,"Screen Protector, iPhone 15, iPhone MagSafe Charging Dock"
T9392,"Lightning Charging Cable, Lightning EarPods, iPhone 13 Pro, iPhone MagSafe Charging Dock"
T9393,"USB-C Charging Cable, iPad Pro M4 13-inch"
T9394,"Apple Pencil (2nd Gen), Screen Protector (iPad), iPad Magic Keyboard, iPad Pro M4 11-inch"
T9395,"Apple Watch Charger, Apple Watch Trail Loop, Apple Watch Ultra 2"
T9396,"65W USB-C Power Adapter, Apple Magic Mouse, MacBook Pro M4"
T9397,"30W USB-C Power Adapter, MacBook Air M4, USB-C Charging Cable"
T9398,iPad Pro M4 11-inch
T9399,"iPad Magic Keyboard, iPad Pro M4 13-inch"
T9400,"Screen Protector, USB-C Charging Cable, USB-C EarPods, iPhone 15"
T9401,"Anker MagSafe Charging Dock, Screen Protector, USB-C EarPods, iPhone 16 Pro"
T9402,"Apple Watch Trail Loop, Apple Watch Ultra, Screen Protector (Watch)"
T9403,"65W USB-C Power Adapter, MacBook Pro M1"
T9404,MacBook Air M3
T9405,"Anker MagSafe Charging Dock, iPhone 16 Pro"
T9406,iPad mini 7
T9407,Apple Watch Series 10
T9408,iPhone 15 Plus
T9409,"USB-C Charging Cable, USB-C EarPods, iPhone 17 Pro Max, iPhone Case, iPhone MagSafe Charging Dock"
T9410,"30W USB-C Power Adapter, Apple Magic Mouse, Laptop Sleeve, MacBook Air M2, USB-C Charging Cable"
T9411,"Apple Watch Series 8, Apple Watch Trail Loop"
T9412,"Apple Watch Series 10, Apple Watch Sport Band"
T9413,"Apple Watch Series 10, Apple Watch Sport Band, Screen Protector (Watch)"
T9414,"Apple Watch Milanese Loop, Apple Watch Series 11"
T9415,"30W USB-C Power Adapter, Apple Magic Mouse, MacBook Air M4, USB-C Charging Cable"
T9416,"Apple Watch Charger, Apple Watch Milanese Loop, Apple Watch Series 9"
T9417,"Bose SoundLink Flex, Speaker Carry Case, USB-C Charging Cable"
T9418,"MacBook Pro M4, USB-C Charging Cable"
T9419,MacBook Air M4
T9420,"USB-C Charging Cable, USB-C EarPods, iPhone 17 Pro Max, iPhone MagSafe Charging Dock"
T9421,Apple Magic Mouse
T9422,"Apple Magic Keyboard, Mac mini M4, Marshall Stanmore III"
T9423,"Screen Protector (iPad), iPad Pro M4 13-inch"
T9424,"Belkin MagSafe Charging Stand, USB-C Charging Cable, USB-C EarPods, iPhone 16, iPhone Case"
T9425,"USB-C Charging Cable, iPhone 17 Pro, iPhone Case"
T9426,iPhone 15
T9427,"Apple Watch Trail Loop, Apple Watch Ultra"
T9428,"AirPods Pro (2nd Gen), Anker MagSafe Charging Dock, iPhone 16 Plus"
T9429,"Anker MagSafe Charging Dock, USB-C Charging Cable, USB-C EarPods, iPhone 17, iPhone Case"
T9430,"Apple Watch Series 10, Apple Watch Trail Loop, Screen Protector (Watch)"
T9431,"65W USB-C Power Adapter, MacBook Pro M2, USB-C Charging Cable"
T9432,iPad Pro M4 13-inch
T9433,iPad Pro M4 11-inch
T9434,Apple Watch Series 11
T9435,"30W USB-C Power Adapter, AirPods (3rd Gen), Apple Magic Mouse, Laptop Sleeve, MacBook Air M2, USB-C Charging Cable"
T9436,"Apple Pencil (USB-C), USB-C Charging Cable, iPad Smart Folio, iPad mini 7"
T9437,"Apple Watch Series 9, Apple Watch Trail Loop"
T9438,"Anker MagSafe Charging Dock, USB-C Charging Cable, iPhone 15 Plus"
T9439,"Anker MagSafe Charging Dock, Lightning Charging Cable, Lightning EarPods, iPhone 14 Plus"
T9440,"USB-C Charging Cable, USB-C EarPods, iPhone 16 Pro Max"
T9441,"Belkin MagSafe Charging Stand, Lightning Charging Cable, iPhone 14 Pro"
T9442,"AirPods (3rd Gen), iPhone 13 mini"
T9443,"30W USB-C Power Adapter, Apple Magic Mouse, MacBook Air M4, USB-C Charging Cable"
T9444,"USB-C Charging Cable, iPad Smart Folio, iPad mini 6"
T9445,"Apple Magic Mouse, MacBook Air M2"
T9446,"Belkin MagSafe Charging Stand, Lightning Charging Cable, iPhone 14 Plus"
T9447,"AirPods Pro (2nd Gen), Anker MagSafe Charging Dock, Lightning Charging Cable, Screen Protector, iPhone 13 Pro"
T9448,AirPods (3rd Gen)
T9449,"USB-C Charging Cable, USB-C EarPods, iPhone 16 Pro, iPhone Case"
T9450,"MacBook Air M4, USB-C Charging Cable"
T9451,"Belkin MagSafe Charging Stand, Screen Protector, USB-C Charging Cable, iPhone 16 Plus"
T9452,"Apple Magic Mouse, MacBook Pro M4, USB-C Charging Cable"
T9453,"Apple Magic Mouse, Mac mini M4"
T9454,"Lightning Charging Cable, Lightning EarPods, Screen Protector, iPhone 14 Pro, iPhone Case"
T9455,iPhone 16 Pro Max
T9456,iPad Pro M4 11-inch
T9457,"Apple Watch Series 9, Apple Watch Trail Loop"
T9458,"AirPods (3rd Gen), iPhone 13 mini, iPhone MagSafe Charging Dock"
T9459,"Apple Pencil (2nd Gen), iPad Pro M4 11-inch"
T9460,"Screen Protector, USB-C Charging Cable, USB-C EarPods, iPhone 17"
T9461,"30W USB-C Power Adapter, Apple Magic Mouse, MacBook Air M1, USB-C Charging Cable"
T9462,"Apple Magic Mouse, Mac mini M2 Pro, USB-C Hub"
T9463,Apple Watch Ultra
T9464,"AirPods Pro (2nd Gen), Screen Protector, USB-C Charging Cable, iPhone 16 Plus, iPhone Case"
T9465,iPad mini 6
T9466,"Apple Watch Series 8, Apple Watch Trail Loop"
T9467,"65W USB-C Power Adapter, MacBook Pro M2, USB-C Charging Cable"
T9468,"30W USB-C Power Adapter, Laptop Sleeve, MacBook Air M1, USB-C Charging Cable"
T9469,"Anker MagSafe Charging Dock, USB-C Charging Cable, USB-C EarPods, iPhone 16 Plus, iPhone Case"
T9470,"Apple Watch Charger, Apple Watch Milanese Loop, Apple Watch Ultra 2, Screen Protector (Watch)"
T9471,"iPad 10th Gen, iPad Smart Folio"
T9472,"Apple Pencil (2nd Gen), Screen Protector (iPad), USB-C Charging Cable, iPad Magic Keyboard, iPad Pro M4 11-inch"
T9473,"30W USB-C Power Adapter, MacBook Air M1, USB-C Charging Cable"
T9474,"Apple Magic Mouse, Mac mini M2"
T9475,"Apple Pencil (2nd Gen), Screen Protector (iPad), iPad Magic Keyboard, iPad Pro M4 11-inch"
T9476,Apple Watch Series 10
T9477,"AirPods (3rd Gen), Anker MagSafe Charging Dock, Lightning Charging Cable, iPhone 14 Pro, iPhone Case"
T9478,"Apple Watch Charger, Apple Watch Series 10, Apple Watch Sport Band"
T9479,"USB-C Charging Cable, iPhone 15 Plus, iPhone MagSafe Charging Dock"
T9480,"iPad Smart Folio, iPad mini 6"
T9481,"30W USB-C Power Adapter, Apple Magic Mouse, MacBook Air M1, USB-C Charging Cable"
T9482,"Apple Pencil (USB-C), Screen Protector (iPad), iPad Smart Folio, iPad mini 7"
T9483,"USB-C Charging Cable, iPad Smart Folio, iPad mini 6"
T9484,"Belkin MagSafe Charging Stand, iPhone 16"
T9485,AirPods Pro (2nd Gen)
T9486,"30W USB-C Power Adapter, Apple Magic Mouse, MacBook Air M1, USB-C Charging Cable"
T9487,"30W USB-C Power Adapter, MacBook Air M2"
T9488,"Apple Watch Charger, Apple Watch Milanese Loop, Apple Watch Ultra 2"
T9489,"Screen Protector, USB-C Charging Cable, USB-C EarPods, iPhone 16 Pro Max, iPhone Case, iPhone MagSafe Charging Dock"
T9490,"Apple Pencil (USB-C), Screen Protector (iPad), iPad Air M2, iPad Smart Folio"
T9491,"Screen Protector (iPad), iPad 10th Gen, iPad Smart Folio"
T9492,"Apple Magic Mouse, LG UltraFine 5K Display, Mac mini M2 Pro"
T9493,"65W USB-C Power Adapter, AirPods Pro (2nd Gen), MacBook Pro M4, USB-C Charging Cable"
T9494,"Screen Protector, USB-C Charging Cable, USB-C EarPods, iPhone 15, iPhone Case"
T9495,"Lightning Charging Cable, Lightning EarPods, iPhone 14 Plus, iPhone MagSafe Charging Dock"
T9496,"Apple Watch Charger, Apple Watch Milanese Loop, Apple Watch Ultra"
T9497,"Apple Pencil (2nd Gen), iPad Pro M4 13-inch"
T9498,"Apple Magic Mouse, Mac mini M4, USB-C Hub"
T9499,"65W USB-C Power Adapter, Apple Magic Mouse, MacBook Pro M3, USB-C Charging Cable"
T9500,"USB-C Charging Cable, iPad 10th Gen, iPad Smart Folio"
T9501,AirPods (3rd Gen)
T9502,"Apple Magic Mouse, Mac mini M2 Pro"
T9503,"AirPods (3rd Gen), Anker MagSafe Charging Dock, USB-C Charging Cable, iPhone 15 Pro Max"
T9504,AirPods Pro (2nd Gen)
T9505,"Anker MagSafe Charging Dock, Lightning Charging Cable, Lightning EarPods, iPhone 14 Plus, iPhone Case"
T9506,"Anker MagSafe Charging Dock, Screen Protector, iPhone 16 Pro Max, iPhone Case"
T9507,Apple Watch Series 9
T9508,"AirPods (3rd Gen), Laptop Sleeve, MacBook Air M2, USB-C Charging Cable"
T9509,"JBL Charge 5, USB-C Charging Cable"
T9510,"Belkin MagSafe Charging Stand, Lightning Charging Cable, iPhone 14 Pro, iPhone Case"
T9511,"USB-C Charging Cable, USB-C EarPods, iPhone 15 Pro, iPhone Case"
T9512,"USB-C Charging Cable, USB-C EarPods, iPhone 17 Air"
T9513,"Lightning Charging Cable, Lightning EarPods, iPhone 14, iPhone Case"
T9514,"Apple Magic Mouse, LG UltraFine 5K Display, Mac mini M2 Pro, USB-C Hub"
T9515,"AirPods Pro (2nd Gen), Screen Protector, iPhone 16 Pro Max, iPhone Case, iPhone MagSafe Charging Dock"
T9516,"AirPods (3rd Gen), Anker MagSafe Charging Dock, Screen Protector, USB-C Charging Cable, iPhone 17 Air, iPhone Case"
T9517,iPad Air M2
T9518,Apple Watch Series 9
T9519,"Lightning Charging Cable, Lightning EarPods, iPhone 14 Pro Max, iPhone Case, iPhone MagSafe Charging Dock"
T9520,"AirPods (3rd Gen), Belkin MagSafe Charging Stand, USB-C Charging Cable, iPhone 15, iPhone Case"
T9521,"30W USB-C Power Adapter, Apple Magic Mouse, Laptop Sleeve, MacBook Air M1, USB-C Charging Cable"
T9522,"65W USB-C Power Adapter, Apple Magic Keyboard, Apple Magic Mouse, External SSD 1TB, MacBook Pro M1"
T9523,"Apple Pencil (USB-C), USB-C Charging Cable, iPad Smart Folio, iPad mini 7"
T9524,"AirPods (3rd Gen), Screen Protector, iPhone 14, iPhone MagSafe Charging Dock"
T9525,"AirPods (3rd Gen), USB-C Charging Cable, iPhone 16 Plus, iPhone Case"
T9526,iPhone 17 Pro Max
T9527,MacBook Air M2
T9528,"Belkin MagSafe Charging Stand, Lightning EarPods, iPhone 13 mini"
T9529,AirPods Pro (2nd Gen)
T9530,iPad Pro M4 11-inch
T9531,"Apple Watch Milanese Loop, Apple Watch Ultra 2"
T9532,"65W USB-C Power Adapter, Apple Magic Keyboard, Apple Magic Mouse, MacBook Pro M4"
T9533,"AirPods (3rd Gen), Belkin MagSafe Charging Stand, USB-C Charging Cable, iPhone 16 Pro, iPhone Case"
T9534,iPhone 13 mini
T9535,"AirPods (3rd Gen), iPhone 15 Pro"
T9536,"65W USB-C Power Adapter, External SSD 1TB, MacBook Pro M2, USB-C Charging Cable"
T9537,"Apple Magic Keyboard, Bose SoundLink Flex, Mac mini M2 Pro"
T9538,"Apple Watch Charger, Apple Watch Series 9, Apple Watch Solo Loop"
T9539,"Apple Magic Keyboard, Mac mini M2"
T9540,"Apple Magic Keyboard, Apple Magic Mouse, Mac mini M4"
T9541,"JBL Charge 5, USB-C Charging Cable"
T9542,"Anker MagSafe Charging Dock, iPhone 13 mini, iPhone Case"
T9543,"Anker MagSafe Charging Dock, Lightning Charging Cable, Lightning EarPods, iPhone 13"
T9544,"Apple Magic Keyboard, Apple Magic Mouse, Mac mini M2 Pro, Marshall Stanmore III"
T9545,iPhone 16
T9546,"30W USB-C Power Adapter, Laptop Sleeve, MacBook Air M3, USB-C Charging Cable"
T9547,"Apple Pencil (USB-C), USB-C Charging Cable, iPad mini 7"
T9548,"Apple Watch Charger, Apple Watch Series 8, Apple Watch Trail Loop"
T9549,iPhone 14 Plus
T9550,"Apple Pencil (2nd Gen), USB-C Charging Cable, iPad Magic Keyboard, iPad Pro M4 11-inch"
T9551,"Apple Magic Keyboard, Apple Magic Mouse, Mac mini M2 Pro"
T9552,"65W USB-C Power Adapter, Apple Magic Mouse, MacBook Pro M2, USB-C Charging Cable"
T9553,"AirPods (3rd Gen), Belkin MagSafe Charging Stand, Lightning Charging Cable, iPhone 14 Plus, iPhone Case"
T9554,"AirPods (3rd Gen), Belkin MagSafe Charging Stand, USB-C Charging Cable, iPhone 17 Pro Max, iPhone Case"
T9555,"65W USB-C Power Adapter, Apple Magic Mouse, MacBook Pro M3, USB-C Charging Cable"
T9556,Marshall Emberton II
T9557,"Apple Watch Charger, Apple Watch Series 8, Apple Watch Trail Loop"
T9558,"Apple Watch Charger, Apple Watch Sport Band, Apple Watch Ultra, Screen Protector (Watch)"
T9559,"Apple Watch Milanese Loop, Apple Watch Series 8"
T9560,iPad mini 6
T9561,"65W USB-C Power Adapter, AirPods Pro (2nd Gen), Apple Magic Keyboard, MacBook Pro M4"
T9562,"Apple Magic Keyboard, Apple Magic Mouse, LG UltraFine 5K Display, Mac mini M4"
T9563,Apple Watch Series 11
T9564,"iPhone 17 Pro, iPhone Case, iPhone MagSafe Charging Dock"
T9565,"30W USB-C Power Adapter, MacBook Air M2, USB-C Charging Cable"
T9566,"Apple Magic Keyboard, Apple Magic Mouse, LG UltraFine 5K Display, Mac mini M2 Pro"
T9567,"Apple Magic Mouse, Mac mini M4, Marshall Stanmore III"
T9568,MacBook Air M3
T9569,"Lightning Charging Cable, Lightning EarPods, Screen Protector, iPhone 14 Plus"
T9570,Apple Watch Series 11
T9571,Marshall Stanmore III
T9572,"MacBook Air M2, USB-C Charging Cable"
T9573,MacBook Pro M3
T9574,"Apple Watch Milanese Loop, Apple Watch Ultra"
T9575,"Apple Watch Charger, Apple Watch Solo Loop, Apple Watch Ultra 2"
T9576,"AirPods Pro (2nd Gen), Belkin MagSafe Charging Stand, USB-C Charging Cable, iPhone 17 Pro Max"
T9577,"Anker MagSafe Charging Dock, Lightning Charging Cable, iPhone 13 mini"
T9578,"Apple Pencil (2nd Gen), Screen Protector (iPad), USB-C Charging Cable, iPad Pro M4 11-inch"
T9579,"Apple Watch Milanese Loop, Apple Watch Series 9"
T9580,iPad Air M2
T9581,"Anker MagSafe Charging Dock, USB-C Charging Cable, USB-C EarPods, iPhone 16 Pro Max, iPhone Case"
T9582,"Apple Pencil (USB-C), USB-C Charging Cable, iPad mini 7"
T9583,"30W USB-C Power Adapter, Laptop Sleeve, MacBook Air M4, USB-C Charging Cable"
T9584,"65W USB-C Power Adapter, Apple Magic Mouse, MacBook Pro M2, USB-C Charging Cable"
T9585,"Screen Protector, iPhone 15 Pro Max, iPhone Case, iPhone MagSafe Charging Dock"
T9586,"Apple Magic Mouse, Laptop Sleeve, MacBook Air M2, USB-C Charging Cable"
T9587,"Lightning Charging Cable, Screen Protector, iPhone 13 Pro, iPhone MagSafe Charging Dock"
T9588,MacBook Air M2
T9589,"Anker MagSafe Charging Dock, USB-C Charging Cable, USB-C EarPods, iPhone 17 Air"
T9590,"Belkin MagSafe Charging Stand, USB-C Charging Cable, iPhone 17, iPhone Case"
T9591,Bose SoundLink Flex
T9592,"Apple Watch Milanese Loop, Apple Watch Series 8"
T9593,iPad mini 6
T9594,Marshall Emberton II
T9595,"AirPods Pro (2nd Gen), Anker MagSafe Charging Dock, Lightning Charging Cable, Screen Protector, iPhone 14 Pro"
T9596,"Apple Pencil (2nd Gen), iPad Magic Keyboard, iPad Pro M4 13-inch"
T9597,"USB-C EarPods, iPhone 16, iPhone MagSafe Charging Dock"
T9598,"AirPods (3rd Gen), Apple Magic Mouse, MacBook Air M4, USB-C Charging Cable"
T9599,"Apple Pencil (2nd Gen), iPad Magic Keyboard, iPad Pro M4 11-inch"
T9600,"USB-C Charging Cable, USB-C EarPods, iPhone 15, iPhone Case, iPhone MagSafe Charging Dock"
T9601,"Lightning Charging Cable, iPhone 13 Pro Max"
T9602,"Belkin MagSafe Charging Stand, Lightning Charging Cable, iPhone 14 Pro"
T9603,Mac mini M2 Pro
T9604,"Apple Watch Series 8, Apple Watch Sport Band"
T9605,"Lightning Charging Cable, Screen Protector, iPhone 14 Pro Max"
T9606,"Anker MagSafe Charging Dock, Screen Protector, USB-C Charging Cable, USB-C EarPods, iPhone 15, iPhone Case"
T9607,"65W USB-C Power Adapter, MacBook Pro M3, USB-C Charging Cable"
T9608,Mac mini M2
T9609,"Lightning Charging Cable, Lightning EarPods, Screen Protector, iPhone 13 mini"
T9610,"AirPods (3rd Gen), Lightning Charging Cable, iPhone 14 Pro Max"
T9611,"30W USB-C Power Adapter, AirPods (3rd Gen), Laptop Sleeve, MacBook Air M3, USB-C Charging Cable"
T9612,iPad mini 7
T9613,"Apple Magic Keyboard, Apple Magic Mouse, Mac mini M2"
T9614,"Apple Magic Keyboard, Apple Magic Mouse, Mac mini M2, Studio Display"
T9615,"65W USB-C Power Adapter, Apple Magic Keyboard, Apple Magic Mouse, MacBook Pro M1, USB-C Charging Cable"
T9616,iPhone 17 Air
T9617,"Lightning Charging Cable, iPhone 14, iPhone MagSafe Charging Dock"
T9618,Apple Watch Series 11
T9619,"USB-C EarPods, iPhone 17 Air, iPhone MagSafe Charging Dock"
T9620,"30W USB-C Power Adapter, Apple Magic Mouse, MacBook Air M2, USB-C Charging Cable"
T9621,iPad mini 7
T9622,"Apple Watch Series 11, Apple Watch Solo Loop"
T9623,"30W USB-C Power Adapter, MacBook Air M4"
T9624,"65W USB-C Power Adapter, Apple Magic Mouse, External SSD 1TB, MacBook Pro M1"
T9625,"Apple Watch Charger, Apple Watch Sport Band, Apple Watch Ultra 2"
T9626,"65W USB-C Power Adapter, AirPods Pro (2nd Gen), Apple Magic Keyboard, MacBook Pro M4, USB-C Charging Cable"
T9627,"USB-C EarPods, iPhone 17 Air, iPhone Case"
T9628,"Apple Magic Keyboard, Apple Magic Mouse, JBL Charge 5, Mac mini M2 Pro"
T9629,"30W USB-C Power Adapter, AirPods (3rd Gen), MacBook Air M2, USB-C Charging Cable"
T9630,"Belkin MagSafe Charging Stand, iPhone 13 mini"
T9631,"AirPods (3rd Gen), Lightning Charging Cable, Screen Protector, iPhone 14 Plus, iPhone MagSafe Charging Dock"
T9632,"Apple Magic Keyboard, Apple Magic Mouse, LG UltraFine 5K Display, Mac mini M4"
T9633,"AirPods Pro (2nd Gen), USB-C Charging Cable, iPhone 15 Plus, iPhone MagSafe Charging Dock"
T9634,"iPad Magic Keyboard, iPad Pro M4 11-inch"
T9635,MacBook Air M3
T9636,"USB-C Charging Cable, iPad Smart Folio, iPad mini 6"
T9637,"Apple Watch Series 8, Apple Watch Solo Loop"
T9638,"Anker MagSafe Charging Dock, USB-C Charging Cable, iPhone 15 Plus, iPhone Case"
T9639,"Anker MagSafe Charging Dock, Lightning Charging Cable, Lightning EarPods, iPhone 14"
T9640,"Belkin MagSafe Charging Stand, Screen Protector, USB-C Charging Cable, USB-C EarPods, iPhone 16"
T9641,"65W USB-C Power Adapter, Apple Magic Mouse, MacBook Pro M2, USB-C Charging Cable"
T9642,"iPad 10th Gen, iPad Smart Folio"
T9643,"USB-C EarPods, iPhone 15 Pro, iPhone Case"
T9644,"AirPods (3rd Gen), Belkin MagSafe Charging Stand, Lightning Charging Cable, iPhone 14 Pro"
T9645,iPhone 14
T9646,"USB-C Charging Cable, iPad 10th Gen, iPad Smart Folio"
T9647,"Apple Magic Keyboard, Apple Magic Mouse, Mac mini M2 Pro, USB-C Hub"
T9648,"AirPods (3rd Gen), Anker MagSafe Charging Dock, USB-C Charging Cable, iPhone 16 Pro"
T9649,"Apple Watch Series 11, Apple Watch Sport Band, Screen Protector (Watch)"
T9650,MacBook Air M2
T9651,MacBook Air M3
T9652,"USB-C Charging Cable, iPad Smart Folio, iPad mini 7"
T9653,"30W USB-C Power Adapter, MacBook Air M1"
T9654,iPhone 13 Pro
T9655,"USB-C Charging Cable, USB-C EarPods, iPhone 16 Pro Max, iPhone Case"
T9656,"AirPods (3rd Gen), Belkin MagSafe Charging Stand, USB-C Charging Cable, iPhone 16 Plus"
T9657,"MacBook Air M4, USB-C Charging Cable"
T9658,"AirPods Pro (2nd Gen), Belkin MagSafe Charging Stand, iPhone 16"
T9659,"Lightning Charging Cable, Lightning EarPods, iPhone 13 Pro Max"
T9660,"Mac mini M4, Marshall Emberton II, Studio Display"
T9661,"Apple Pencil (2nd Gen), Screen Protector (iPad), USB-C Charging Cable, iPad Magic Keyboard, iPad Pro M4 11-inch"
T9662,"30W USB-C Power Adapter, Apple Magic Mouse, Laptop Sleeve, MacBook Air M2, USB-C Charging Cable"
T9663,MacBook Air M3
T9664,"Apple Magic Keyboard, Apple Magic Mouse, Mac mini M2 Pro, USB-C Hub"
T9665,iPhone 15
T9666,"Belkin MagSafe Charging Stand, Screen Protector, USB-C Charging Cable, iPhone 15 Plus, iPhone Case"
T9667,"Screen Protector (iPad), USB-C Charging Cable, iPad Smart Folio, iPad mini 7"
T9668,"Apple Magic Keyboard, Apple Magic Mouse, MacBook Pro M2, USB-C Charging Cable"
T9669,"Apple Pencil (USB-C), iPad Smart Folio, iPad mini 6"
T9670,"iPad Smart Folio, iPad mini 7"
T9671,"Apple Pencil (USB-C), USB-C Charging Cable, iPad Smart Folio, iPad mini 7"
T9672,"65W USB-C Power Adapter, Apple Magic Mouse, MacBook Pro M1"
T9673,"Apple Watch Charger, Apple Watch Solo Loop, Apple Watch Ultra 2"
T9674,"Anker MagSafe Charging Dock, USB-C Charging Cable, USB-C EarPods, iPhone 16 Pro"
T9675,"AirPods (3rd Gen), Belkin MagSafe Charging Stand, iPhone 14 Pro"
T9676,"Apple Watch Charger, Apple Watch Trail Loop, Apple Watch Ultra, Screen Protector (Watch)"
T9677,"Apple Magic Keyboard, Apple Magic Mouse, Mac mini M2 Pro"
T9678,"Apple Watch Charger, Apple Watch Trail Loop, Apple Watch Ultra"
T9679,MacBook Pro M2
T9680,Mac mini M4
T9681,"30W USB-C Power Adapter, AirPods (3rd Gen), MacBook Air M3, USB-C Charging Cable"
T9682,"65W USB-C Power Adapter, Apple Magic Keyboard, External SSD 1TB, MacBook Pro M4"
T9683,"Apple Pencil (2nd Gen), iPad Magic Keyboard, iPad Pro M4 11-inch"
T9684,"Belkin MagSafe Charging Stand, USB-C Charging Cable, iPhone 17 Pro Max"
T9685,iPhone 16
T9686,iPad Pro M4 13-inch
T9687,"30W USB-C Power Adapter, AirPods (3rd Gen), MacBook Air M1, USB-C Charging Cable"
T9688,Apple Watch Ultra 2
T9689,"Belkin MagSafe Charging Stand, Screen Protector, USB-C Charging Cable, USB-C EarPods, iPhone 17 Pro Max, iPhone Case"
T9690,iPhone 15 Pro
T9691,iPhone 16 Pro
T9692,"AirPods (3rd Gen), MacBook Air M1"
T9693,Apple Watch Series 9
T9694,Apple Watch Series 9
T9695,"65W USB-C Power Adapter, Apple Magic Mouse, MacBook Pro M3, USB-C Charging Cable"
T9696,"AirPods Pro (2nd Gen), iPhone 13 Pro, iPhone Case, iPhone MagSafe Charging Dock"
T9697,"Apple Watch Charger, Apple Watch Milanese Loop, Apple Watch Series 11"
T9698,"Apple Magic Mouse, Mac mini M2"
T9699,iPhone 14
T9700,"AirPods Pro (2nd Gen), Apple Magic Mouse, MacBook Pro M4, USB-C Charging Cable"
T9701,"30W USB-C Power Adapter, MacBook Air M4, USB-C Charging Cable"
T9702,Apple Watch Series 9
T9703,"USB-C Charging Cable, iPad 10th Gen, iPad Smart Folio"
T9704,"Apple Magic Keyboard, Apple Magic Mouse, LG UltraFine 5K Display, Mac mini M4, USB-C Hub"
T9705,iPhone 15 Pro Max
T9706,MacBook Air M3
T9707,"AirPods (3rd Gen), MacBook Air M4, USB-C Charging Cable"
T9708,"iPhone 16, iPhone MagSafe Charging Dock"
T9709,MacBook Air M1
T9710,iPhone 14 Plus
T9711,"Apple Pencil (USB-C), Screen Protector (iPad), USB-C Charging Cable, iPad Smart Folio, iPad mini 7"
T9712,"AirPods (3rd Gen), Anker MagSafe Charging Dock, USB-C Charging Cable, iPhone 15"
T9713,"Apple Magic Mouse, Mac mini M2"
T9714,"Apple Magic Keyboard, LG UltraFine 5K Display, Mac mini M4"
T9715,"Anker MagSafe Charging Dock, iPhone 13 mini, iPhone Case"
T9716,"Belkin MagSafe Charging Stand, USB-C EarPods, iPhone 17, iPhone Case"
T9717,"Apple Watch Series 11, Apple Watch Trail Loop"
T9718,"Belkin MagSafe Charging Stand, Lightning EarPods, Screen Protector, iPhone 13 Pro Max"
T9719,"30W USB-C Power Adapter, AirPods (3rd Gen), MacBook Air M1"
T9720,"Anker MagSafe Charging Dock, Lightning Charging Cable, Lightning EarPods, iPhone 13 mini"
T9721,Mac mini M2 Pro
T9722,"Apple Pencil (USB-C), iPad Smart Folio, iPad mini 6"
T9723,"65W USB-C Power Adapter, MacBook Pro M1"
T9724,"AirPods (3rd Gen), Lightning Charging Cable, Screen Protector, iPhone 14 Pro, iPhone Case, iPhone MagSafe Charging Dock"
T9725,"Apple Magic Keyboard, Mac mini M2, Marshall Emberton II"
T9726,"30W USB-C Power Adapter, MacBook Air M4, USB-C Charging Cable"
T9727,iPad Air M2
T9728,"Lightning Charging Cable, Lightning EarPods, iPhone 13 Pro, iPhone Case"
T9729,"Apple Watch Charger, Apple Watch Sport Band, Apple Watch Ultra 2, Screen Protector (Watch)"
T9730,"Apple Magic Mouse, Mac mini M2 Pro"
T9731,"Belkin MagSafe Charging Stand, USB-C Charging Cable, USB-C EarPods, iPhone 15 Plus"
T9732,"USB-C Charging Cable, USB-C EarPods, iPhone 15 Pro, iPhone Case"
T9733,iPhone 15 Pro Max
T9734,iPad Air M2
T9735,iPad mini 6
T9736,"Apple Magic Keyboard, Mac mini M2 Pro"
T9737,"Apple Watch Charger, Apple Watch Milanese Loop, Apple Watch Series 10"
T9738,"Apple Watch Charger, Apple Watch Milanese Loop, Apple Watch Series 9, Screen Protector (Watch)"
T9739,"30W USB-C Power Adapter, AirPods (3rd Gen), Laptop Sleeve, MacBook Air M1"
T9740,"Apple Pencil (USB-C), USB-C Charging Cable, iPad Smart Folio, iPad mini 6"
T9741,"Apple Watch Series 11, Apple Watch Trail Loop"
T9742,Mac mini M4
T9743,"Apple Watch Charger, Apple Watch Milanese Loop, Apple Watch Series 9, Screen Protector (Watch)"
T9744,iPhone 15 Plus
T9745,"Screen Protector, USB-C EarPods, iPhone 16, iPhone Case"
T9746,"USB-C EarPods, iPhone 17 Pro"
T9747,"65W USB-C Power Adapter, Apple Magic Keyboard, MacBook Pro M4, USB-C Charging Cable"
T9748,iPhone 15
T9749,"Apple Pencil (USB-C), iPad 10th Gen, iPad Smart Folio"
T9750,"AirPods (3rd Gen), Belkin MagSafe Charging Stand, iPhone 16"
T9751,Apple Watch Ultra 2
T9752,"Apple Watch Charger, Apple Watch Series 11, Apple Watch Sport Band"
T9753,"30W USB-C Power Adapter, Apple Magic Mouse, MacBook Air M4"
T9754,"AirPods Pro (2nd Gen), Lightning Charging Cable, Screen Protector, iPhone 14, iPhone MagSafe Charging Dock"
T9755,"Apple Pencil (USB-C), USB-C Charging Cable, iPad mini 7"
T9756,"65W USB-C Power Adapter, External SSD 1TB, MacBook Pro M3"
T9757,"AirPods Pro (2nd Gen), Lightning Charging Cable, iPhone 13 mini"
T9758,iPhone 17
T9759,MacBook Pro M1
T9760,"USB-C Charging Cable, USB-C EarPods, iPhone 15, iPhone MagSafe Charging Dock"
T9761,"AirPods (3rd Gen), Belkin MagSafe Charging Stand, Screen Protector, iPhone 15 Pro"
T9762,"65W USB-C Power Adapter, Apple Magic Mouse, MacBook Pro M3, USB-C Charging Cable"
T9763,"Apple Pencil (2nd Gen), USB-C Charging Cable, iPad Magic Keyboard, iPad Pro M4 13-inch"
T9764,"Apple Pencil (USB-C), iPad Smart Folio, iPad mini 7"
T9765,"MacBook Air M2, USB-C Charging Cable"
T9766,"65W USB-C Power Adapter, MacBook Pro M3, USB-C Charging Cable"
T9767,"Apple Pencil (USB-C), USB-C Charging Cable, iPad Air M2, iPad Smart Folio"
T9768,"Lightning Charging Cable, Lightning EarPods, Screen Protector, iPhone 13 mini, iPhone Case, iPhone MagSafe Charging Dock"
T9769,"30W USB-C Power Adapter, AirPods (3rd Gen), Laptop Sleeve, MacBook Air M3"
T9770,"USB-C Charging Cable, USB-C EarPods, iPhone 15 Pro, iPhone Case"
T9771,"Apple Magic Mouse, JBL Charge 5, Mac mini M4, Studio Display, USB-C Hub"
T9772,"Lightning Charging Cable, Lightning EarPods, iPhone 13, iPhone MagSafe Charging Dock"
T9773,"Apple Watch Charger, Apple Watch Milanese Loop, Apple Watch Ultra 2"
T9774,"Apple Pencil (USB-C), USB-C Charging Cable, iPad Air M2, iPad Smart Folio"
T9775,"Anker MagSafe Charging Dock, Screen Protector, USB-C Charging Cable, USB-C EarPods, iPhone 17 Pro Max, iPhone Case"
T9776,"iPhone 16 Plus, iPhone Case, iPhone MagSafe Charging Dock"
T9777,AirPods (3rd Gen)
T9778,"AirPods (3rd Gen), Lightning Charging Cable, Screen Protector, iPhone 13 mini, iPhone MagSafe Charging Dock"
T9779,"Apple Watch Charger, Apple Watch Ultra 2"
T9780,iPhone 14 Plus
T9781,"Apple Watch Milanese Loop, Apple Watch Series 9"
T9782,iPad mini 7
T9783,"AirPods Pro (2nd Gen), Lightning Charging Cable, iPhone 14, iPhone MagSafe Charging Dock"
T9784,"Belkin MagSafe Charging Stand, USB-C Charging Cable, iPhone 16 Pro Max"
T9785,JBL Flip 6
T9786,"USB-C Charging Cable, iPad Smart Folio, iPad mini 7"
T9787,"30W USB-C Power Adapter, AirPods (3rd Gen), MacBook Air M4, USB-C Charging Cable"
T9788,"Belkin MagSafe Charging Stand, Lightning EarPods, Screen Protector, iPhone 13 Pro Max"
T9789,"Apple Watch Charger, Apple Watch Series 8"
T9790,"30W USB-C Power Adapter, Apple Magic Mouse, MacBook Air M4, USB-C Charging Cable"
T9791,"Anker MagSafe Charging Dock, Lightning EarPods, Screen Protector, iPhone 13 Pro"
T9792,"Apple Pencil (2nd Gen), USB-C Charging Cable, iPad Magic Keyboard, iPad Pro M4 11-inch"
T9793,AirPods (3rd Gen)
T9794,"MacBook Air M1, USB-C Charging Cable"
T9795,"65W USB-C Power Adapter, MacBook Pro M2, USB-C Charging Cable"
T9796,"Lightning Charging Cable, Lightning EarPods, Screen Protector, iPhone 14 Pro"
T9797,"USB-C Charging Cable, iPhone 16 Pro Max"
T9798,"Apple Watch Series 10, Apple Watch Trail Loop"
T9799,"Anker MagSafe Charging Dock, USB-C EarPods, iPhone 17"
T9800,Apple Watch Ultra 2
T9801,"Anker MagSafe Charging Dock, Lightning Charging Cable, Lightning EarPods, iPhone 13 Pro"
T9802,"65W USB-C Power Adapter, Apple Magic Keyboard, Apple Magic Mouse, MacBook Pro M1"
T9803,"Apple Magic Keyboard, Apple Magic Mouse, Mac mini M2, Marshall Stanmore III"
T9804,"Anker MagSafe Charging Dock, USB-C Charging Cable, iPhone 17"
T9805,"65W USB-C Power Adapter, External SSD 1TB, MacBook Pro M4, USB-C Charging Cable"
T9806,"65W USB-C Power Adapter, External SSD 1TB, MacBook Pro M4"
T9807,MacBook Pro M1
T9808,iPhone 13 mini
T9809,"30W USB-C Power Adapter, Laptop Sleeve, MacBook Air M1, USB-C Charging Cable"
T9810,"65W USB-C Power Adapter, Apple Magic Mouse, MacBook Pro M3"
T9811,"Apple Watch Charger, Apple Watch Series 10, Apple Watch Sport Band"
T9812,"USB-C Charging Cable, USB-C EarPods, iPhone 15, iPhone MagSafe Charging Dock"
T9813,"65W USB-C Power Adapter, AirPods Pro (2nd Gen), Apple Magic Keyboard, MacBook Pro M1, USB-C Charging Cable"
T9814,iPhone 16 Pro Max
T9815,"65W USB-C Power Adapter, AirPods Pro (2nd Gen), MacBook Pro M3, USB-C Charging Cable"
T9816,"Anker MagSafe Charging Dock, Lightning EarPods, iPhone 14 Pro Max, iPhone Case"
T9817,"AirPods (3rd Gen), Anker MagSafe Charging Dock, Lightning Charging Cable, iPhone 13, iPhone Case"
T9818,"30W USB-C Power Adapter, AirPods (3rd Gen), MacBook Air M2, USB-C Charging Cable"
T9819,"Belkin MagSafe Charging Stand, USB-C Charging Cable, iPhone 17"
T9820,"USB-C EarPods, iPhone 15"
T9821,"AirPods (3rd Gen), iPhone 14 Pro, iPhone Case"
T9822,iPhone 13 Pro Max
T9823,"Screen Protector, USB-C Charging Cable, USB-C EarPods, iPhone 17 Air, iPhone Case"
T9824,Marshall Emberton II
T9825,"Screen Protector, USB-C Charging Cable, iPhone 15"
T9826,"65W USB-C Power Adapter, Apple Magic Keyboard, MacBook Pro M3, USB-C Charging Cable"
T9827,"Anker MagSafe Charging Dock, Screen Protector, USB-C Charging Cable, USB-C EarPods, iPhone 15 Pro"
T9828,"Apple Watch Charger, Apple Watch Series 8, Screen Protector (Watch)"
T9829,AirPods (3rd Gen)
T9830,"Apple Magic Mouse, MacBook Air M4, USB-C Charging Cable"
T9831,"Screen Protector, iPhone 13 Pro Max, iPhone Case"
T9832,"JBL Charge 5, Speaker Carry Case, USB-C Charging Cable"
T9833,"30W USB-C Power Adapter, Laptop Sleeve, MacBook Air M3"
T9834,Apple Watch Ultra 2
T9835,"Belkin MagSafe Charging Stand, Lightning Charging Cable, iPhone 13 mini"
T9836,"AirPods Pro (2nd Gen), USB-C Charging Cable, iPhone 16 Plus, iPhone Case, iPhone MagSafe Charging Dock"
T9837,iPhone 13 Pro
T9838,"Apple Watch Charger, Apple Watch Series 9, Apple Watch Trail Loop, Screen Protector (Watch)"
T9839,Bose SoundLink Flex
T9840,iPad Pro M4 11-inch
T9841,"USB-C Charging Cable, USB-C EarPods, iPhone 15 Plus, iPhone MagSafe Charging Dock"
T9842,"AirPods Pro (2nd Gen), iPhone 15 Pro Max, iPhone MagSafe Charging Dock"
T9843,iPad 10th Gen
T9844,iPhone 14 Pro
T9845,"AirPods Pro (2nd Gen), Belkin MagSafe Charging Stand, Screen Protector, USB-C Charging Cable, iPhone 15 Pro Max"
T9846,iPhone 13 Pro Max
T9847,"Apple Magic Keyboard, Mac mini M4"
T9848,"65W USB-C Power Adapter, MacBook Pro M3, USB-C Charging Cable"
T9849,"Apple Watch Charger, Apple Watch Milanese Loop, Apple Watch Series 8, Screen Protector (Watch)"
T9850,"AirPods (3rd Gen), Lightning Charging Cable, iPhone 13 mini, iPhone Case, iPhone MagSafe Charging Dock"
T9851,"30W USB-C Power Adapter, Laptop Sleeve, MacBook Air M3, USB-C Charging Cable"
T9852,"65W USB-C Power Adapter, Apple Magic Keyboard, Apple Magic Mouse, MacBook Pro M3"
T9853,"AirPods Pro (2nd Gen), iPhone 16 Plus, iPhone Case"
T9854,"AirPods (3rd Gen), Lightning Charging Cable, iPhone 13 mini"
T9855,"Apple Magic Keyboard, Mac mini M2, Marshall Stanmore III"
T9856,"USB-C EarPods, iPhone 16 Pro"
T9857,"Lightning Charging Cable, iPhone 13"
T9858,"Belkin MagSafe Charging Stand, Lightning Charging Cable, iPhone 14 Plus, iPhone Case"
T9859,"Lightning Charging Cable, iPhone 13 mini"
T9860,"AirPods Pro (2nd Gen), USB-C Charging Cable, iPhone 17 Pro, iPhone Case, iPhone MagSafe Charging Dock"
T9861,Apple Watch Ultra
T9862,"Apple Pencil (USB-C), USB-C Charging Cable, iPad 10th Gen"
T9863,"Lightning Charging Cable, Lightning EarPods, iPhone 13 Pro, iPhone Case"
T9864,"Apple Magic Mouse, Mac mini M2"
T9865,"USB-C Charging Cable, USB-C EarPods, iPhone 15 Pro"
T9866,iPad mini 7
T9867,"Apple Watch Trail Loop, Apple Watch Ultra 2"
T9868,"30W USB-C Power Adapter, MacBook Air M2"
T9869,iPad Air M2
T9870,Apple Watch Series 9
T9871,"30W USB-C Power Adapter, MacBook Air M4, USB-C Charging Cable"
T9872,"AirPods Pro (2nd Gen), Anker MagSafe Charging Dock, Screen Protector, USB-C Charging Cable, iPhone 17 Air"
T9873,"Anker MagSafe Charging Dock, Lightning Charging Cable, iPhone 14 Pro, iPhone Case"
T9874,MacBook Air M4
T9875,"Anker MagSafe Charging Dock, USB-C EarPods, iPhone 15"
T9876,"Belkin MagSafe Charging Stand, Lightning Charging Cable, iPhone 13 mini"
T9877,"Anker MagSafe Charging Dock, iPhone 14 Plus"
T9878,"Apple Magic Keyboard, Apple Magic Mouse, JBL Flip 6, LG UltraFine 5K Display, Mac mini M2 Pro"
T9879,"Anker MagSafe Charging Dock, Lightning EarPods, Screen Protector, iPhone 14 Pro Max"
T9880,"Apple Magic Keyboard, Apple Magic Mouse, Mac mini M2 Pro, Studio Display, USB-C Hub"
T9881,"Apple Watch Charger, Apple Watch Milanese Loop, Apple Watch Series 10"
T9882,"Marshall Stanmore III, Speaker Carry Case"
T9883,"AirPods Pro (2nd Gen), Belkin MagSafe Charging Stand, USB-C Charging Cable, iPhone 16"
T9884,iPhone 17 Air
T9885,"AirPods (3rd Gen), USB-C Charging Cable, iPhone 16 Pro, iPhone MagSafe Charging Dock"
T9886,"Belkin MagSafe Charging Stand, USB-C Charging Cable, USB-C EarPods, iPhone 17 Pro, iPhone Case"
T9887,"30W USB-C Power Adapter, Laptop Sleeve, MacBook Air M4"
T9888,"Apple Magic Mouse, Mac mini M4, USB-C Hub"
T9889,"USB-C Charging Cable, iPad mini 6"
T9890,"Anker MagSafe Charging Dock, Lightning EarPods, iPhone 13"
T9891,"iPad 10th Gen, iPad Smart Folio"
T9892,"65W USB-C Power Adapter, MacBook Pro M1, USB-C Charging Cable"
T9893,"USB-C Charging Cable, iPad Smart Folio, iPad mini 7"
T9894,iPhone 15
T9895,"Bose SoundLink Flex, Speaker Carry Case, USB-C Charging Cable"
T9896,Apple Watch Series 9
T9897,"Belkin MagSafe Charging Stand, Lightning Charging Cable, Lightning EarPods, iPhone 13, iPhone Case"
T9898,iPhone 16 Pro
T9899,"AirPods (3rd Gen), USB-C Charging Cable, iPhone 15 Pro Max"
T9900,"USB-C Charging Cable, USB-C EarPods, iPhone 16 Pro"
T9901,"Apple Pencil (USB-C), USB-C Charging Cable, iPad Smart Folio, iPad mini 6"
T9902,"Apple Magic Keyboard, Apple Magic Mouse, Mac mini M4, Studio Display"
T9903,"Apple Watch Charger, Apple Watch Solo Loop, Apple Watch Ultra"
T9904,"Belkin MagSafe Charging Stand, USB-C Charging Cable, iPhone 17"
T9905,"Apple Pencil (USB-C), iPad Smart Folio, iPad mini 7"
T9906,"AirPods (3rd Gen), Belkin MagSafe Charging Stand, Screen Protector, iPhone 17 Air"
T9907,"AirPods Pro (2nd Gen), Belkin MagSafe Charging Stand, Lightning Charging Cable, iPhone 14 Pro"
T9908,"30W USB-C Power Adapter, MacBook Air M1, USB-C Charging Cable"
T9909,"AirPods (3rd Gen), Anker MagSafe Charging Dock, Screen Protector, USB-C Charging Cable, iPhone 16 Pro Max, iPhone Case"
T9910,"Belkin MagSafe Charging Stand, Lightning Charging Cable, Lightning EarPods, iPhone 13"
T9911,"iPad Smart Folio, iPad mini 6"
T9912,"AirPods (3rd Gen), Screen Protector, iPhone 14, iPhone Case, iPhone MagSafe Charging Dock"
T9913,"Anker MagSafe Charging Dock, Screen Protector, USB-C Charging Cable, iPhone 15 Plus"
T9914,"Screen Protector, USB-C EarPods, iPhone 15 Plus, iPhone MagSafe Charging Dock"
T9915,"Belkin MagSafe Charging Stand, USB-C Charging Cable, USB-C EarPods, iPhone 17 Air, iPhone Case"
T9916,"USB-C Charging Cable, iPhone 17"
T9917,"Anker MagSafe Charging Dock, USB-C EarPods, iPhone 17 Pro, iPhone Case"
T9918,iPhone 17
T9919,"AirPods (3rd Gen), Anker MagSafe Charging Dock, Lightning Charging Cable, iPhone 13, iPhone Case"
T9920,"Apple Pencil (USB-C), iPad Air M2"
T9921,iPhone 16 Pro
T9922,"30W USB-C Power Adapter, AirPods (3rd Gen), Apple Magic Mouse, Laptop Sleeve, MacBook Air M1, USB-C Charging Cable"
T9923,"30W USB-C Power Adapter, Apple Magic Mouse, Laptop Sleeve, MacBook Air M3"
T9924,"30W USB-C Power Adapter, Apple Magic Mouse, Laptop Sleeve, MacBook Air M3, USB-C Charging Cable"
T9925,"65W USB-C Power Adapter, Apple Magic Keyboard, MacBook Pro M3, USB-C Charging Cable"
T9926,Mac mini M4
T9927,"65W USB-C Power Adapter, Apple Magic Keyboard, MacBook Pro M4, USB-C Charging Cable"
T9928,"30W USB-C Power Adapter, MacBook Air M3, USB-C Charging Cable"
T9929,"30W USB-C Power Adapter, Apple Magic Mouse, MacBook Air M3, USB-C Charging Cable"
T9930,Apple Magic Keyboard
T9931,"MacBook Pro M1, USB-C Charging Cable"
T9932,"AirPods Pro (2nd Gen), Screen Protector, iPhone 17, iPhone Case, iPhone MagSafe Charging Dock"
T9933,"Apple Watch Trail Loop, Apple Watch Ultra"
T9934,"65W USB-C Power Adapter, AirPods Pro (2nd Gen), MacBook Pro M1"
T9935,"Apple Watch Charger, Apple Watch Sport Band, Apple Watch Ultra"
T9936,"Apple Pencil (2nd Gen), iPad Magic Keyboard, iPad Pro M4 11-inch"
T9937,AirPods (3rd Gen)
T9938,iPad 10th Gen
T9939,"AirPods (3rd Gen), Screen Protector, USB-C Charging Cable, iPhone 17, iPhone Case"
T9940,"Apple Pencil (2nd Gen), USB-C Charging Cable, iPad Magic Keyboard, iPad Pro M4 11-inch"
T9941,"Anker MagSafe Charging Dock, USB-C Charging Cable, iPhone 16 Plus, iPhone Case"
T9942,"Belkin MagSafe Charging Stand, Lightning Charging Cable, iPhone 13, iPhone Case"
T9943,"Apple Watch Charger, Apple Watch Trail Loop, Apple Watch Ultra"
T9944,"USB-C EarPods, iPhone 17 Pro Max, iPhone Case"
T9945,"Belkin MagSafe Charging Stand, Screen Protector, iPhone 15 Pro, iPhone Case"
T9946,"Lightning EarPods, iPhone 14"
T9947,"Lightning Charging Cable, Screen Protector, iPhone 13 Pro, iPhone MagSafe Charging Dock"
T9948,"Apple Watch Series 8, Apple Watch Sport Band"
T9949,"USB-C Charging Cable, iPad Smart Folio, iPad mini 7"
T9950,"AirPods Pro (2nd Gen), Anker MagSafe Charging Dock, USB-C Charging Cable, iPhone 17"
T9951,"MacBook Air M3, USB-C Charging Cable"
T9952,"Belkin MagSafe Charging Stand, iPhone 13 Pro"
T9953,Apple Watch Series 11
T9954,"Screen Protector (iPad), iPad mini 6"
T9955,"Apple Pencil (USB-C), iPad Air M2, iPad Smart Folio"
T9956,"AirPods Pro (2nd Gen), Screen Protector, USB-C Charging Cable, iPhone 15 Plus"
T9957,"Lightning Charging Cable, Screen Protector, iPhone 13 Pro"
T9958,iPad mini 7
T9959,"Apple Watch Trail Loop, Apple Watch Ultra 2"
T9960,"Belkin MagSafe Charging Stand, Lightning Charging Cable, Lightning EarPods, Screen Protector, iPhone 13"
T9961,Marshall Emberton II
T9962,"Apple Pencil (2nd Gen), USB-C Charging Cable, iPad Magic Keyboard, iPad Pro M4 11-inch"
T9963,"65W USB-C Power Adapter, Apple Magic Mouse, External SSD 1TB, MacBook Pro M1, USB-C Charging Cable"
T9964,iPad mini 6
T9965,"AirPods Pro (2nd Gen), USB-C Charging Cable, iPhone 15 Plus, iPhone Case"
T9966,"30W USB-C Power Adapter, Laptop Sleeve, MacBook Air M2"
T9967,"Apple Watch Milanese Loop, Apple Watch Series 10, Screen Protector (Watch)"
T9968,"AirPods Pro (2nd Gen), Belkin MagSafe Charging Stand, Screen Protector, USB-C Charging Cable, iPhone 16 Plus, iPhone Case"
T9969,"AirPods (3rd Gen), USB-C Charging Cable, iPhone 16 Pro Max, iPhone MagSafe Charging Dock"
T9970,Apple Watch Series 11
T9971,"Screen Protector (iPad), USB-C Charging Cable, iPad Magic Keyboard, iPad Pro M4 11-inch"
T9972,"AirPods (3rd Gen), USB-C Charging Cable, iPhone 15 Pro"
T9973,"JBL Flip 6, USB-C Charging Cable"
T9974,"USB-C EarPods, iPhone 15 Pro Max"
T9975,"Apple Pencil (2nd Gen), USB-C Charging Cable, iPad Magic Keyboard, iPad Pro M4 13-inch"
T9976,"Belkin MagSafe Charging Stand, Lightning Charging Cable, Screen Protector, iPhone 14, iPhone Case"
T9977,"Apple Magic Keyboard, Apple Magic Mouse, JBL Flip 6, LG UltraFine 5K Display, Mac mini M2, USB-C Hub"
T9978,"Belkin MagSafe Charging Stand, Lightning Charging Cable, Lightning EarPods, iPhone 14"
T9979,iPhone 13 mini
T9980,"iPhone 16, iPhone MagSafe Charging Dock"
T9981,"AirPods (3rd Gen), USB-C Charging Cable, iPhone 17 Air"
T9982,"65W USB-C Power Adapter, Apple Magic Keyboard, Apple Magic Mouse, MacBook Pro M4, USB-C Charging Cable"
T9983,"30W USB-C Power Adapter, Apple Magic Mouse, MacBook Air M1"
T9984,"Screen Protector, USB-C Charging Cable, USB-C EarPods, iPhone 17, iPhone Case"
T9985,"Lightning Charging Cable, Lightning EarPods, iPhone 13 Pro Max, iPhone Case, iPhone MagSafe Charging Dock"
T9986,"30W USB-C Power Adapter, MacBook Air M3, USB-C Charging Cable"
T9987,"Lightning Charging Cable, Lightning EarPods, iPhone 13 mini, iPhone Case"
T9988,"65W USB-C Power Adapter, External SSD 1TB, MacBook Pro M1, USB-C Charging Cable"
T9989,MacBook Air M3
T9990,"AirPods Pro (2nd Gen), iPhone 13 Pro, iPhone Case, iPhone MagSafe Charging Dock"
T9991,"Anker MagSafe Charging Dock, Screen Protector, USB-C Charging Cable, USB-C EarPods, iPhone 15"
T9992,"30W USB-C Power Adapter, AirPods (3rd Gen), MacBook Air M2, USB-C Charging Cable"
T9993,Apple Watch Series 9
T9994,MacBook Air M4
T9995,"Apple Magic Keyboard, Mac mini M4, USB-C Hub"
T9996,"Apple Pencil (USB-C), Screen Protector (iPad), USB-C Charging Cable, iPad Air M2, iPad Smart Folio"
T9997,"Apple Magic Mouse, External SSD 1TB, MacBook Pro M3, USB-C Charging Cable"
T9998,"65W USB-C Power Adapter, Apple Magic Mouse, MacBook Pro M3, USB-C Charging Cable"
T9999,"USB-C Charging Cable, iPad mini 7"
T10000,"AirPods Pro (2nd Gen), Apple Magic Keyboard, MacBook Pro M4, USB-C Charging Cable"
